mads 2.1.0 build 4 (27 Oct 19)
Source: unit004.asm
     1 				;
     2 				        icl 'unit004.inc'
Source: unit004.inc
     1 				;
     2 				; System equates
     3 				;
     4 				; OS EQUATES
     5 				; ----------
     6 				;
     7 				; Syntax:
     8 				; Use '=' for addresses
     9 				; and '<' for read addresses (ex: KBCODE)
    10 				; and '>' for write addresses (ex: STIMER)
    11 				; and '#' for values
    12
    13 				;
    14 				; IO EQUATES
    15 				;
    16 = 0000			ICHID       equ $0000
    17 = 0001			ICDNO       equ $0001
    18 = 0002			ICCOM       equ $0002
    19 = 0003			ICSTA       equ $0003
    20 = 0004			ICBAL       equ $0004
    21 = 0005			ICBAH       equ $0005
    22 = 0006			ICPTL       equ $0006
    23 = 0007			ICPTH       equ $0007
    24 = 0008			ICBLL       equ $0008
    25 = 0009			ICBLH       equ $0009
    26 = 000A			ICAX1       equ $000A
    27 = 000B			ICAX2       equ $000B
    28 = 000C			ICAX3       equ $000C
    29 = 000D			ICAX4       equ $000D
    30 = 000E			ICAX5       equ $000E
    31 = 000F			ICAX6       equ $000F
    32
    33 				;
    34 				; DISPLAY LIST EQUATES
    35 				;
    36 = 0080			ADLI        equ $0080; ANTIC display list interrupt mask
    37 = 0040			AVB         equ $0040; ANTIC vertical blank mask
    38 = 0040			ALMS        equ $0040; ANTIC load memory scan
    39 = 0020			AVSCR       equ $0020; ANTIC vertical scroll mask
    40 = 0010			AHSCR       equ $0010; ANTIC horizontal scroll mask
    41 = 0001			AJMP        equ $0001; ANTIC jump
    42 = 0000			AEMPTY1     equ $0000; ANTIC 1 empty scanline
    43 = 0010			AEMPTY2     equ $0010; ANTIC 2 empty scanlines
    44 = 0020			AEMPTY3     equ $0020; ANTIC 3 empty scanlines
    45 = 0030			AEMPTY4     equ $0030; ANTIC 4 empty scanlines
    46 = 0040			AEMPTY5     equ $0040; ANTIC 5 empty scanlines
    47 = 0050			AEMPTY6     equ $0050; ANTIC 6 empty scanlines
    48 = 0060			AEMPTY7     equ $0060; ANTIC 7 empty scanlines
    49 = 0070			AEMPTY8     equ $0070; ANTIC 8 empty scanlines
    50
    51 				;
    52 				; OS VARIABLES FOR XL/XE
    53 				;
    54
    55 				;
    56 				; PAGE 0
    57 				;
    58 = 0001			NGFLAG      equ $0001
    59 = 0002			CASINI      equ $0002
    60 = 0004			RAMLO       equ $0004
    61 = 0006			TRAMSZ      equ $0006
    62 = 0007			CMCMD       equ $0007
    63 = 0008			WARMST      equ $0008
    64 = 0009			BOOT        equ $0009
    65 = 000A			DOSVEC      equ $000A
    66 = 000C			DOSINI      equ $000C
    67 = 000E			APPMHI      equ $000E
    68 = 0010			POKMSK      equ $0010
    69 = 0011			BRKKEY      equ $0011
    70 = 0012			RTCLOK      equ $0012
    71 = 0015			BUFADR      equ $0015
    72 = 0017			ICCOMT      equ $0017
    73 = 0018			DSKFMS      equ $0018
    74 = 001A			DSKUTL      equ $001A
    75 = 001C			ABUFPT      equ $001C
    76 = 0020			ICHIDZ      equ $0020
    77 = 0021			ICDNOZ      equ $0021
    78 = 0022			ICCOMZ      equ $0022
    79 = 0023			ICSTAZ      equ $0023
    80 = 0024			ICBALZ      equ $0024
    81 = 0025			ICBAHZ      equ $0025
    82 = 0026			ICPTLZ      equ $0026
    83 = 0027			ICPTHZ      equ $0027
    84 = 0028			ICBLLZ      equ $0028
    85 = 0029			ICBLHZ      equ $0029
    86 = 002A			ICAX1Z      equ $002A
    87 = 002B			ICAX2Z      equ $002B
    88 = 002C			ICAX3Z      equ $002C
    89 = 002D			ICAX4Z      equ $002D
    90 = 002E			ICAX5Z      equ $002E
    91 = 002F			ICAX6Z      equ $002F
    92 				; STATUS   =   $30 Commented out for compatibility with SDX
    93 = 0031			CHKSUM      equ $0031
    94 = 0032			BUFRLO      equ $0032
    95 = 0033			BUFRHI      equ $0033
    96 = 0034			BFENLO      equ $0034
    97 = 0035			BFENHI      equ $0035
    98 = 0036			LTEMP       equ $0036
    99 = 0038			BUFRFL      equ $0038
   100 = 0039			RECVDN      equ $0039
   101 = 003A			XMTDON      equ $003A
   102 = 003B			CHKSNT      equ $003B
   103 = 003C			NOCKSM      equ $003C
   104 = 003D			BPTR        equ $003D
   105 = 003E			FTYPE       equ $003E
   106 = 003F			FEOF        equ $003F
   107 = 0040			FREQ        equ $0040
   108 = 0041			SOUNDR      equ $0041
   109 = 0042			CRITIC      equ $0042
   110 = 0043			FMSZPG      equ $0043
   111 = 004A			ZCHAIN      equ $004A
   112 = 004C			DSTAT       equ $004C
   113 = 004D			ATRACT      equ $004D
   114 = 004E			DRKMSK      equ $004E
   115 = 004F			COLRSH      equ $004F
   116 = 0050			TEMPCHR     equ $0050
   117 = 0051			HOLD1       equ $0051
   118 = 0052			LMARGN      equ $0052
   119 = 0053			RMARGN      equ $0053
   120 = 0054			ROWCRS      equ $0054
   121 = 0055			COLCRS      equ $0055
   122 = 0057			DINDEX      equ $0057
   123 = 0058			SAVMSC      equ $0058
   124 = 005A			OLDROW      equ $005A
   125 = 005B			OLDCOL      equ $005B
   126 = 005D			OLDCHR      equ $005D
   127 = 005E			OLDADR      equ $005E
   128 = 0060			FKDEF       equ $0060
   129 = 0062			PALNTS      equ $0062
   130 = 0063			LOGCOL      equ $0063
   131 = 0064			ADRESS      equ $0064
   132 = 0066			MLTTMP      equ $0066
   133 = 0068			SAVADR      equ $0068
   134 = 006A			RAMTOP      equ $006A; RAM TOP
   135 = 006B			BUFCNT      equ $006B
   136 = 006C			BUFSTR      equ $006C
   137 = 006E			BITMSK      equ $006E
   138 = 006F			SHFAMT      equ $006F
   139 = 0070			ROWAC       equ $0070
   140 = 0072			COLAC       equ $0072
   141 = 0074			ENDPT       equ $0074
   142 = 0076			DELTAR      equ $0076
   143 = 0077			DELTAC      equ $0077
   144 = 0079			KEYDEF      equ $0079
   145 = 007B			SWPFLG      equ $007B
   146 = 007C			HOLDCH      equ $007C
   147 = 007D			INSDAT      equ $007D
   148 = 007E			COUNTR      equ $007E
   149 = 0080			LOMEM       equ $0080
   150
   151 				;
   152 				; PAGE 2
   153 				;
   154 = 0200			VDSLST      equ $0200
   155 = 0202			VPRCED      equ $0202
   156 = 0204			VINTER      equ $0204
   157 = 0206			VBREAK      equ $0206
   158 = 0208			VKEYBD      equ $0208
   159 = 020A			VSERIN      equ $020A
   160 = 020C			VSEROR      equ $020C
   161 = 020E			VSEROC      equ $020E
   162 = 0210			VTIMR1      equ $0210
   163 = 0212			VTIMR2      equ $0212
   164 = 0214			VTIMR4      equ $0214
   165 = 0216			VIMIRQ      equ $0216
   166 = 0218			CDTMV1      equ $0218
   167 = 021A			CDTMV2      equ $021A
   168 = 021C			CDTMV3      equ $021C
   169 = 021E			CDTMV4      equ $021E
   170 = 0220			CDTMV5      equ $0220
   171 = 0222			VVBLKI      equ $0222
   172 = 0224			VVBLKD      equ $0224
   173 = 0226			CDTMA1      equ $0226
   174 = 0228			CDTMA2      equ $0228
   175 = 022A			CDTMF3      equ $022A
   176 = 022B			SRTIMR      equ $022B
   177 = 022C			CDTMF4      equ $022C
   178 = 022D			INTEMP      equ $022D
   179 = 022E			CDTMF5      equ $022E
   180 = 022F			SDMCTL      equ $022F
   181 = 0230			SDLSTL      equ $0230
   182 = 0231			SDLSTH      equ $0231
   183 = 0232			SSKCTL      equ $0232
   184 = 0233			SPARE       equ $0233
   185 = 0234			LPENH       equ $0234
   186 = 0235			LPENV       equ $0235
   187 = 0236			BRKKY       equ $0236
   188 = 0238			VPIRQ       equ $0238
   189 = 023A			CDEVIC      equ $023A
   190 = 023B			CCOMND      equ $023B
   191 = 023C			CAUX1       equ $023C
   192 = 023D			CAUX2       equ $023D
   193 = 023E			TMPSIO      equ $023E
   194 = 023F			ERRFLG      equ $023F
   195 = 0240			DFLAGS      equ $0240
   196 = 0241			DBSECT      equ $0241
   197 = 0242			BOOTAD      equ $0242
   198 = 0244			COLDST      equ $0244
   199 = 0245			RECLEN      equ $0245
   200 = 0246			DSKTIM      equ $0246
   201 = 0247			PDVMSK      equ $0247
   202 = 0248			SHPDVS      equ $0248
   203 = 0249			PDMSK       equ $0249
   204 = 024A			RELADR      equ $024A
   205 = 024C			PPTMPA      equ $024C
   206 = 024D			PPTMPX      equ $024D
   207 = 026B			CHSALT      equ $026B
   208 = 026C			VSFLAG      equ $026C
   209 = 026D			KEYDIS      equ $026D
   210 = 026E			FINE        equ $026E
   211 = 026F			GPRIOR      equ $026F
   212 = 0270			PADDL0      equ $0270
   213 = 0271			PADDL1      equ $0271
   214 = 0272			PADDL2      equ $0272
   215 = 0273			PADDL3      equ $0273
   216 = 0274			PADDL4      equ $0274
   217 = 0275			PADDL5      equ $0275
   218 = 0276			PADDL6      equ $0276
   219 = 0277			PADDL7      equ $0277
   220 = 0278			STICK0      equ $0278
   221 = 0279			STICK1      equ $0279
   222 = 027A			STICK2      equ $027A
   223 = 027B			STICK3      equ $027B
   224 = 027C			PTRIG0      equ $027C
   225 = 027D			PTRIG1      equ $027D
   226 = 027E			PTRIG2      equ $027E
   227 = 027F			PTRIG3      equ $027F
   228 = 0280			PTRIG4      equ $0280
   229 = 0281			PTRIG5      equ $0281
   230 = 0282			PTRIG6      equ $0282
   231 = 0283			PTRIG7      equ $0283
   232 = 0284			STRIG0      equ $0284
   233 = 0285			STRIG1      equ $0285
   234 = 0286			STRIG2      equ $0286
   235 = 0287			STRIG3      equ $0287
   236 = 0288			HIBYTE      equ $0288
   237 = 0289			WMODE       equ $0289
   238 = 028A			BLIM        equ $028A
   239 = 028B			IMASK       equ $028B
   240 = 028C			JVECK       equ $028C
   241 = 028E			NEWADR      equ $028E
   242 = 0290			TXTROW      equ $0290
   243 = 0291			TXTCOL      equ $0291
   244 = 0293			TINDEX      equ $0293
   245 = 0294			TXTMSC      equ $0294
   246 = 0296			TXTOLD      equ $0296
   247 = 029C			CRETRY      equ $029C
   248 = 029D			HOLD3       equ $029D
   249 = 029E			SUBTMP      equ $029E
   250 = 029F			HOLD2       equ $029F
   251 = 02A0			DMASK       equ $02A0
   252 = 02A1			TMPLBT      equ $02A1
   253 = 02A2			ESCFLG      equ $02A2
   254 = 02A3			TABMAP      equ $02A3
   255 = 02B2			LOGMAP      equ $02B2
   256 = 02B6			INVFLG      equ $02B6
   257 = 02B7			FILFLG      equ $02B7
   258 = 02B8			TMPROW      equ $02B8
   259 = 02B9			TMPCOL      equ $02B9
   260 = 02BB			SCRFLG      equ $02BB
   261 = 02BC			HOLD4       equ $02BC
   262 = 02BD			DRETRY      equ $02BD
   263 = 02BE			SHFLOC      equ $02BE
   264 = 02BF			BOTSCR      equ $02BF
   265 = 02C0			PCOLR0      equ $02C0
   266 = 02C1			PCOLR1      equ $02C1
   267 = 02C2			PCOLR2      equ $02C2
   268 = 02C3			PCOLR3      equ $02C3
   269 = 02C4			COLOR0      equ $02C4
   270 = 02C5			COLOR1      equ $02C5
   271 = 02C6			COLOR2      equ $02C6
   272 = 02C7			COLOR3      equ $02C7
   273 = 02C8			COLOR4      equ $02C8
   274 = 02C9			RUNADR      equ $02C9
   275 = 02CB			HIUSED      equ $02CB
   276 = 02CD			ZHIUSE      equ $02CD
   277 = 02CF			GBYTEA      equ $02CF
   278 = 02D1			LOADAD      equ $02D1
   279 = 02D3			ZLOADA      equ $02D3
   280 = 02D5			DSCTLN      equ $02D5
   281 = 02D7			ACMISR      equ $02D7
   282 = 02D9			KRPDER      equ $02D9
   283 = 02DA			KEYREP      equ $02DA
   284 = 02DB			NOCLIK      equ $02DB
   285 = 02DC			HELPFG      equ $02DC
   286 = 02DD			DMASAV      equ $02DD
   287 = 02DE			PBPNT       equ $02DE
   288 = 02DF			PBUFSZ      equ $02DF
   289 = 02E0			RUNAD       equ $02E0
   290 = 02E2			INITAD      equ $02E2
   291 = 02E4			RAMSIZ      equ $02E4
   292 = 02E5			MEMTOP      equ $02E5
   293 = 02E7			MEMLO       equ $02E7
   294 = 02E9			HNDLOD      equ $02E9
   295 = 02EA			DVSTAT      equ $02EA
   296 = 02EE			CBAUDL      equ $02EE
   297 = 02EF			CBAUDH      equ $02EF
   298 = 02F0			CRSINH      equ $02F0
   299 = 02F1			KEYDEL      equ $02F1
   300 = 02F2			CH1         equ $02F2
   301 = 02F3			CHACT       equ $02F3
   302 = 02F4			CHBAS       equ $02F4
   303 = 02F5			NEWROW      equ $02F5
   304 = 02F6			NEWCOL      equ $02F6
   305 = 02F8			ROWINC      equ $02F8
   306 = 02F9			COLINC      equ $02F9
   307 = 02FA			CHAR        equ $02FA
   308 = 02FB			ATACHR      equ $02FB
   309 = 02FC			CH          equ $02FC
   310 = 02FD			FILDAT      equ $02FD
   311 = 02FE			DSPFLG      equ $02FE
   312 = 02FF			SSFLAG      equ $02FF
   313
   314 				;
   315 				; PAGE 3
   316 				;
   317 = 0300			DDEVIC      equ $0300
   318 = 0301			DUNIT       equ $0301
   319 = 0302			DCOMND      equ $0302
   320 = 0303			DSTATS      equ $0303
   321 = 0304			DBUFLO      equ $0304
   322 = 0305			DBUFHI      equ $0305
   323 = 0306			DTIMLO      equ $0306
   324 = 0307			DUNUSE      equ $0307
   325 = 0308			DBYTLO      equ $0308
   326 = 0309			DBYTHI      equ $0309
   327 = 030A			DAUX1       equ $030A
   328 = 030B			DAUX2       equ $030B
   329 = 030C			TIMER1      equ $030C
   330 = 030E			ADDCOR      equ $030E
   331 = 030F			CASFLG      equ $030F
   332 = 0310			TIMER2      equ $0310
   333 = 0312			TEMP1       equ $0312
   334 = 0314			TEMP2       equ $0314
   335 = 0315			TEMP3       equ $0315
   336 = 0316			SAVIO       equ $0316
   337 = 0317			TIMFLG      equ $0317
   338 = 0318			STACKP      equ $0318
   339 = 0319			TSTAT       equ $0319
   340 = 031A			HATABS      equ $031A
   341 = 033D			PUPBT1      equ $033D
   342 = 033E			PUPBT2      equ $033E
   343 = 033F			PUPBT3      equ $033F
   344 = 0340			IOCB0       equ $0340
   345 = 0350			IOCB1       equ $0350
   346 = 0360			IOCB2       equ $0360
   347 = 0370			IOCB3       equ $0370
   348 = 0380			IOCB4       equ $0380
   349 = 0390			IOCB5       equ $0390
   350 = 03A0			IOCB6       equ $03A0
   351 = 03B0			IOCB7       equ $03B0
   352 = 03C0			PRNBUF      equ $03C0
   353 = 03E8			SUPERF      equ $03E8
   354 = 03E9			CKEY        equ $03E9
   355 = 03EA			CASSBT      equ $03EA
   356 = 03EB			CARTCK      equ $03EB
   357 = 03EC			DERRF       equ $03EC
   358 = 03ED			ACMVAR      equ $03ED
   359 = 03F8			BASICF      equ $03F8
   360 = 03F9			MINTLK      equ $03F9
   361 = 03FA			GINTLK      equ $03FA
   362 = 03FB			CHLINK      equ $03FB
   363 = 03FD			CASBUF      equ $03FD
   364
   365 				;
   366 				; HARDWARE REGISTERS
   367 				;
   368 				; GTIA
   369 				;
   370 = D000			M0PF        equ $D000
   371 = D000			HPOSP0      equ $D000
   372 = D001			M1PF        equ $D001
   373 = D001			HPOSP1      equ $D001
   374 = D002			M2PF        equ $D002
   375 = D002			HPOSP2      equ $D002
   376 = D003			M3PF        equ $D003
   377 = D003			HPOSP3      equ $D003
   378 = D004			P0PF        equ $D004
   379 = D004			HPOSM0      equ $D004
   380 = D005			P1PF        equ $D005
   381 = D005			HPOSM1      equ $D005
   382 = D006			P2PF        equ $D006
   383 = D006			HPOSM2      equ $D006
   384 = D007			P3PF        equ $D007
   385 = D007			HPOSM3      equ $D007
   386 = D008			M0PL        equ $D008
   387 = D008			SIZEP0      equ $D008
   388 = D009			M1PL        equ $D009
   389 = D009			SIZEP1      equ $D009
   390 = D00A			M2PL        equ $D00A
   391 = D00A			SIZEP2      equ $D00A
   392 = D00B			M3PL        equ $D00B
   393 = D00B			SIZEP3      equ $D00B
   394 = D00C			P0PL        equ $D00C
   395 = D00C			SIZEM       equ $D00C
   396 = D00D			P1PL        equ $D00D
   397 = D00D			GRAFP0      equ $D00D
   398 = D00E			P2PL        equ $D00E
   399 = D00E			GRAFP1      equ $D00E
   400 = D00F			P3PL        equ $D00F
   401 = D00F			GRAFP2      equ $D00F
   402 = D010			TRIG0       equ $D010
   403 = D010			GRAFP3      equ $D010
   404 = D011			TRIG1       equ $D011
   405 = D011			GRAFM       equ $D011
   406 = D012			TRIG2       equ $D012
   407 = D012			COLPM0      equ $D012
   408 = D013			TRIG3       equ $D013
   409 = D013			COLPM1      equ $D013
   410 = D014			PAL         equ $D014
   411 = D014			COLPM2      equ $D014
   412 = D015			COLPM3      equ $D015
   413 = D016			COLPF0      equ $D016
   414 = D017			COLPF1      equ $D017
   415 = D018			COLPF2      equ $D018
   416 = D019			COLPF3      equ $D019
   417 = D01A			COLBK       equ $D01A
   418 = D01B			PRIOR       equ $D01B
   419 = D01C			VDELAY      equ $D01C
   420 = D01D			GRACTL      equ $D01D
   421 = D01E			HITCLR      equ $D01E
   422 = D01F			CONSOL      equ $D01F
   423
   424 				;
   425 				; POKEY
   426 				;
   427 = D200			POT0        equ $D200
   428 = D200			AUDF1       equ $D200
   429 = D201			POT1        equ $D201
   430 = D201			AUDC1       equ $D201
   431 = D202			POT2        equ $D202
   432 = D202			AUDF2       equ $D202
   433 = D203			POT3        equ $D203
   434 = D203			AUDC2       equ $D203
   435 = D204			POT4        equ $D204
   436 = D204			AUDF3       equ $D204
   437 = D205			POT5        equ $D205
   438 = D205			AUDC3       equ $D205
   439 = D206			POT6        equ $D206
   440 = D206			AUDF4       equ $D206
   441 = D207			POT7        equ $D207
   442 = D207			AUDC4       equ $D207
   443 = D208			ALLPOT      equ $D208
   444 = D208			AUDCTL      equ $D208
   445 = D209			KBCODE      equ $D209
   446 = D209			STIMER      equ $D209
   447 = D20A			RANDOM      equ $D20A
   448 = D20A			SKREST      equ $D20A
   449 = D20B			POTGO       equ $D20B
   450 = D20D			SERIN       equ $D20D
   451 = D20D			SEROUT      equ $D20D
   452 = D20E			IRQST       equ $D20E
   453 = D20E			IRQEN       equ $D20E
   454 = D20F			SKSTAT      equ $D20F
   455 = D20F			SKCTL       equ $D20F
   456
   457 				;
   458 				; PIA
   459 				;
   460 = D300			PORTA       equ $D300
   461 = D301			PORTB       equ $D301
   462 = D302			PACTL       equ $D302
   463 = D303			PBCTL       equ $D303
   464 				;
   465 				; ANTIC
   466 				;
   467 = D400			DMACLT      equ $D400
   468 = D401			CHACTL      equ $D401
   469 = D402			DLISTL      equ $D402
   470 = D403			DLISTH      equ $D403
   471 = D404			HSCROL      equ $D404
   472 = D405			VSCROL      equ $D405
   473 = D407			PMBASE      equ $D407
   474 = D409			CHBASE      equ $D409
   475 = D40A			WSYNC       equ $D40A
   476 = D40B			VCOUNT      equ $D40B
   477 = D40C			PENH        equ $D40C
   478 = D40D			PENV        equ $D40D
   479 = D40E			NMIEN       equ $D40E
   480 = D40F			NMIST       equ $D40F
   481 = D40F			NMIRES      equ $D40F
   482
   483 				;
   484 				; FLOATING POINT ROUTINES
   485 				;
   486 = D800			AFP         equ $D800
   487 = D8E6			FASC        equ $D8E6
   488 = D9AA			IFP         equ $D9AA
   489 = D9D2			FPI         equ $D9D2
   490 = DA44			ZFR0        equ $DA44
   491 = DA46			ZF1         equ $DA46
   492 = DA60			FSUB        equ $DA60
   493 = DA66			FADD        equ $DA66
   494 = DADB			FMUL        equ $DADB
   495 = DB28			FDIV        equ $DB28
   496 = DD40			PLYEVL      equ $DD40
   497 = DD89			FLD0R       equ $DD89
   498 = DD8D			FLD0P       equ $DD8D
   499 = DD98			FLD1R       equ $DD98
   500 = DD9C			FLD1P       equ $DD9C
   501 = DDA7			FSTOR       equ $DDA7
   502 = DDAB			FSTOP       equ $DDAB
   503 = DDB6			FMOVE       equ $DDB6
   504 = DDC0			EXP         equ $DDC0
   505 = DDCC			EXP10       equ $DDCC
   506 = DECD			LOG         equ $DECD
   507 = DED1			LOG10       equ $DED1
   508
   509 				;
   510 				; ROM VECTORS
   511 				;
   512 = E453			DSKINV      equ $E453
   513 = E456			CIOV        equ $E456
   514 = E459			SIOV        equ $E459
   515 = E45C			SETVBV      equ $E45C
   516 = E45F			SYSVBV      equ $E45F
   517 = E462			XITVBV      equ $E462
   518 = E465			SIOINV      equ $E465
   519 = E468			SENDEV      equ $E468
   520 = E46B			INTINV      equ $E46B
   521 = E46E			CIOINV      equ $E46E
   522 = E471			SELFSV      equ $E471
   523 = E474			WARMSV      equ $E474
   524 = E477			COLDSV      equ $E477
   525 = E47A			RBLOKV      equ $E47A
   526 = E47D			CSOPIV      equ $E47D
   527 = E480			PUPDIV      equ $E480
   528 = E483			SELFTSV     equ $E483
   529 = E486			PENTV       equ $E486
   530 = E489			PHUNLV      equ $E489
   531 = E48C			PHINIV      equ $E48C
   532 = E48F			GPDVV       equ $E48F
   533 				;
   534 				; SpartaDos X equates
   535 				;
   536 = 0700			S_FLAG      equ $0700
   537 = 0701			SDXVER      equ $0701
   538 = 0702			SDXREV      equ $0702
   539 = 0703			JKERNEL     equ $0703
   540 = 0706			BLOCK_IO    equ $0706
   541 = 0709			JMISC       equ $0709
   542 = 070C			JLSIO       equ $070C
   543 = 0715			JHWCTRL     equ $0715
   544 = 0718			SIOHAND     equ $0718
   545 = 0720			SLVTAB      equ $0720
   546 = 0730			LDFTAB      equ $0730
   547 = 0740			DEVTAB      equ $0740
   548 = 0750			HANDTAB     equ $0750
   549 = 0760			FHANDLE     equ $0760
   550 = 0760			SIOCBIDX    equ $0760
   551 = 0761			DEVICE      equ $0761
   552 = 0762			NAME        equ $0762
   553 = 076D			NAMES       equ $076D
   554 = 0778			FMODE       equ $0778
   555 = 0778			OPMODE      equ $0778
   556 = 0779			FATR1       equ $0779
   557 = 077A			FATR2       equ $077A
   558 = 077B			DATE        equ $077B
   559 = 077E			TIME        equ $077E
   560 = 0781			DATESET     equ $0781
   561 = 0782			FAUX1       equ $0782
   562 = 0783			FAUX2       equ $0783
   563 = 0784			FAUX3       equ $0784
   564 = 0785			FAUX4       equ $0785
   565 = 0786			FAUX5       equ $0786
   566 = 0787			SYSCALL     equ $0787
   567 = 0789			DIRBUF      equ $0789
   568 = 0789			DIRFATR     equ $0789
   569 = 078A			DIRF1SEC    equ $078A
   570 = 078C			DIRFLEN     equ $078C
   571 = 078F			DIRFNAME    equ $078F
   572 = 079A			DIRFDATE    equ $079A
   573 = 079D			DIRFTIME    equ $079D
   574 = 07A0			PATH        equ $07A0
   575 = 07E0			JHDOSINI    equ $07E0
   576 = 07E3			VDOS        equ $07E3
   577 = 07E5			VCIO        equ $07E5
   578 = 07E7			VEDIT       equ $07E7
   579 = 07E9			VCRUNCH     equ $07E9
   580 = 07EB			JFSYMBOL    equ $07EB
   581 = 07EE			JMDVECT     equ $07EE
   582 = 07F1			JEXT_ON     equ $07F1
   583 = 07F4			JEXT_OFF    equ $07F4
   584 = 07F7			JEXT_SW     equ $07F7
   585 = 07FA			JCAR_SW     equ $07FA
   586 = 07FD			JCAR_OLD    equ $07FD
   587 = FFC0			JGETTD      equ $FFC0
   588 = FFC3			JSETTD      equ $FFC3
   589 = FFC6			JTDON       equ $FFC6
   590 = FFC9			JFMTTD      equ $FFC9
   591 = FFD2			JXCOMLI     equ $FFD2
   592 = FFD5			JKEYON      equ $FFD5
   593 				;
   594 				; Code equates
   595 				;
   596 = 0000			L0000       equ $0000
   597 = 0030			L0030       equ $0030
   598 = 0082			L0082       equ $0082
   599 = 0083			L0083       equ $0083
   600 = 0084			L0084       equ $0084
   601 = 0085			L0085       equ $0085
   602 = 0086			L0086       equ $0086
   603 = 0087			L0087       equ $0087
   604 = 0088			L0088       equ $0088
   605 = 0089			L0089       equ $0089
   606 = 008A			L008A       equ $008A
   607 = 008B			L008B       equ $008B
   608 = 008C			L008C       equ $008C
   609 = 008D			L008D       equ $008D
   610 = 008E			L008E       equ $008E
   611 = 008F			L008F       equ $008F
   612 = 0090			L0090       equ $0090
   613 = 0091			L0091       equ $0091
   614 = 0092			L0092       equ $0092
   615 = 0093			L0093       equ $0093
   616 = 0094			L0094       equ $0094
   617 = 0095			L0095       equ $0095
   618 = 0096			L0096       equ $0096
   619 = 0097			L0097       equ $0097
   620 = 0098			L0098       equ $0098
   621 = 0099			L0099       equ $0099
   622 = 009A			L009A       equ $009A
   623 = 009B			L009B       equ $009B
   624 = 009C			L009C       equ $009C
   625 = 009D			L009D       equ $009D
   626 = 009E			L009E       equ $009E
   627 = 009F			L009F       equ $009F
   628 = 00A1			L00A1       equ $00A1
   629 = 00A2			L00A2       equ $00A2
   630 = 00A3			L00A3       equ $00A3
   631 = 00A4			L00A4       equ $00A4
   632 = 00A5			L00A5       equ $00A5
   633 = 00A6			L00A6       equ $00A6
   634 = 00A7			L00A7       equ $00A7
   635 = 00A8			L00A8       equ $00A8
   636 = 00A9			L00A9       equ $00A9
   637 = 00AA			L00AA       equ $00AA
   638 = 00AB			L00AB       equ $00AB
   639 = 00AC			L00AC       equ $00AC
   640 = 00AD			L00AD       equ $00AD
   641 = 00AE			L00AE       equ $00AE
   642 = 00B0			L00B0       equ $00B0
   643 = 00B1			L00B1       equ $00B1
   644 = 00B2			L00B2       equ $00B2
   645 = 00B3			L00B3       equ $00B3
   646 = 00B4			L00B4       equ $00B4
   647 = 00B5			L00B5       equ $00B5
   648 = 00B6			L00B6       equ $00B6
   649 = 00B7			L00B7       equ $00B7
   650 = 00B8			L00B8       equ $00B8
   651 = 00B9			L00B9       equ $00B9
   652 = 00BA			L00BA       equ $00BA
   653 = 00BB			L00BB       equ $00BB
   654 = 00BF			L00BF       equ $00BF
   655 = 00C1			L00C1       equ $00C1
   656 = 00C2			L00C2       equ $00C2
   657 = 00C3			L00C3       equ $00C3
   658 = 00C4			L00C4       equ $00C4
   659 = 00C5			L00C5       equ $00C5
   660 = 00C6			L00C6       equ $00C6
   661 = 00C8			L00C8       equ $00C8
   662 = 00CC			L00CC       equ $00CC
   663 = 00D8			L00D8       equ $00D8
   664 = 00E0			L00E0       equ $00E0
   665 = 00E2			L00E2       equ $00E2
   666 = 00E3			L00E3       equ $00E3
   667 = 00EC			L00EC       equ $00EC
   668 = 00F0			L00F0       equ $00F0
   669 = 00F1			L00F1       equ $00F1
   670 = 00F5			L00F5       equ $00F5
   671 = 00F7			L00F7       equ $00F7
   672 = 00F9			L00F9       equ $00F9
   673 = 00FB			L00FB       equ $00FB
   674 = 00FC			L00FC       equ $00FC
   675 = 00FD			L00FD       equ $00FD
   676 = 00FE			L00FE       equ $00FE
   677 = 00FF			L00FF       equ $00FF
   678 = 0100			L0100       equ $0100
   679 = 0110			L0110       equ $0110
   680 = 0111			L0111       equ $0111
   681 = 0120			L0120       equ $0120
   682 = 0130			L0130       equ $0130
   683 = 0140			L0140       equ $0140
   684 = 0150			L0150       equ $0150
   685 = 0160			L0160       equ $0160
   686 = 0170			L0170       equ $0170
   687 = 0173			L0173       equ $0173
   688 = 0180			L0180       equ $0180
   689 = 0190			L0190       equ $0190
   690 = 01A0			L01A0       equ $01A0
   691 = 01B0			L01B0       equ $01B0
   692 = 01C0			L01C0       equ $01C0
   693 = 01D0			L01D0       equ $01D0
   694 = 0251			L0251       equ $0251
   695 = 0259			L0259       equ $0259
   696 = 025A			L025A       equ $025A
   697 = 025B			L025B       equ $025B
   698 = 025C			L025C       equ $025C
   699 = 025D			L025D       equ $025D
   700 = 025E			L025E       equ $025E
   701 = 025F			L025F       equ $025F
   702 = 0260			L0260       equ $0260
   703 = 0261			L0261       equ $0261
   704 = 0268			L0268       equ $0268
   705 = 0269			L0269       equ $0269
   706 = 026A			L026A       equ $026A
   707 = 028D			L028D       equ $028D
   708 = 028F			L028F       equ $028F
   709 = FFFA			LFFFA       equ $FFFA
   710 = FFFB			LFFFB       equ $FFFB
   711 = FFFE			LFFFE       equ $FFFE
   712 = FFFF			LFFFF       equ $FFFF
     3 				;
     4 				; Start of code
     5 				;
     6
     7 				            org $0332
     8 				;
     9 FFFF> 0332-FFF9> 34 03	            .word HATABS+26
    10 0334 00 00 00 00 00 00 +             .byte $00,$00,$00,$00,$00,$00,$68,$09,$00,$8D,$AF,$30,$30,$30,$30,$06
    11 0344 08 00 09 30 2E 30 +             .byte $08,$00,$09,$30,$2E,$30,$3A,$3E,$3B,$85,$AF,$30,$30,$30,$30,$30
    12 0354 30 30 00 30 2E 30 +             .byte $30,$30,$00,$30,$2E,$30,$4D,$47,$4D,$81,$01,$3B,$1E,$12,$15,$0D
    13 0364 30 30 84 01		            .byte $30,$30,$84,$01
    14 0368 30 34 2E 32 32 30 +             .byte '04.220810'
    15 0371 20 CB 1E		            jsr L1ECB
    16 0374 78			            sei
    17 0375 A2 FF		            ldx #$FF
    18 0377 9A			            txs
    19 0378 8E C5 E8		            stx LE8C5
    20 037B A9 00		            lda #$00
    21 037D 8D 30 D0		            sta LD030
    22 0380 8D 11 D0		            sta GRAFM
    23 0383 8D 15 D0		            sta COLPM3
    24 0386 85 92		            sta L0092
    25 0388 85 3B		            sta CHKSNT
    26 038A 85 3C		            sta NOCKSM
    27 038C 85 A4		            sta L00A4
    28 038E 85 27		            sta ICPTHZ
    29 0390 20 15 24		            jsr L2415
    30 0393 20 BB 42		            jsr L42BB
    31 0396 20 BA E0		            jsr LE0BA
    32 0399 A5 52		            lda LMARGN
    33 039B 10 05		            bpl L03A2
    34 039D 4A			            lsr
    35 039E 4A			            lsr
    36 039F 8D 2E 04		            sta L042E
    37 03A2 A9 33		L03A2       lda #$33
    38 03A4 8D 2D 1E		            sta L1E2C+1
    39 03A7 A9 C0		            lda #$C0
    40 03A9 8D 9E 1D		            sta L1D9D+1
    41 03AC A9 00		            lda #$00
    42 03AE 8D 11 D0		            sta GRAFM
    43 03B1 A8			            tay
    44 03B2 99 00 48		L03B2       sta L4800,Y
    45 03B5 99 00 49		            sta L4900,Y
    46 03B8 99 00 4A		            sta L4A00,Y
    47 03BB 99 00 4B		            sta L4B00,Y
    48 03BE 99 00 54		            sta L5400,Y
    49 03C1 99 C0 54		            sta L54C0,Y
    50 03C4 C8			            iny
    51 03C5 D0 EB		            bne L03B2
    52 03C7 A9 20		            lda #$20
    53 03C9 99 F8 4B		L03C9       sta L4BF8,Y
    54 03CC C8			            iny
    55 03CD C0 08		            cpy #$08
    56 03CF 90 F8		            bcc L03C9
    57 03D1 20 C3 0A		            jsr L0AC3
    58 03D4 C6 01		            dec NGFLAG
    59 03D6 A2 6F		            ldx #$6F
    60 03D8 A0 DF		            ldy #$DF
    61 03DA 20 18 E0		            jsr LE018
    62 03DD E6 01		            inc NGFLAG
    63 03DF E6 3B		            inc CHKSNT
    64 03E1 E6 3C		            inc NOCKSM
    65 03E3 20 74 40		            jsr L4074
    66 03E6 A9 00		            lda #$00
    67 03E8 85 1B		            sta DSKUTL+1
    68 03EA 85 1C		            sta ABUFPT
    69 03EC 85 1D		            sta ABUFPT+1
    70 03EE 85 1E		            sta ABUFPT+2
    71 03F0 85 10		            sta POKMSK
    72 03F2 85 11		            sta BRKKEY
    73 03F4 20 CB 1E		            jsr L1ECB
    74 03F7 A9 01		            lda #$01
    75 03F9 8D 19 D0		            sta COLPF3
    76 03FC AD 0D DC		            lda LDC0D
    77 03FF 58			            cli
    78 0400 20 6B 08		L0400       jsr L086B
    79 0403 24 57		            bit DINDEX
    80 0405 10 03		            bpl L040A
    81 0407 4C DA 04		            jmp L04DA
    82 040A 20 58 07		L040A       jsr L0758
    83 040D A9 4D		            lda #$4D
    84 040F 8D 2D 1E		L040F       sta L1E2C+1
    85 0412 A9 00		L0412       lda #$00
    86 0414 85 50		            sta TEMPCHR
    87 0416 85 1D		            sta ABUFPT+1
    88 0418 85 1E		            sta ABUFPT+2
    89 041A 85 12		            sta RTCLOK
    90 041C 85 13		L041C       sta RTCLOK+1
    91 041E A2 00		            ldx #$00
    92 0420 20 8C 31		            jsr L318C
    93 0423 A5 1C		            lda ABUFPT
    94 0425 C9 05		            cmp #$05
    95 0427 D0 19		L0427       bne L0442
    96 0429 AD 1B D4		            lda LD419+2
    97 042C 29 0F		            and #$0F
    98 042E 2C 09 BF		L042E       bit LBF09
    99 0431 69 00		L0431       adc #$00
   100 0433 85 0D		            sta DOSINI+1
   101 0435 A9 F1		            lda #$F1
   102 0437 85 90		            sta L0090
   103 0439 20 63 23		            jsr L2363
   104 043C 20 CB 1E		L043C       jsr L1ECB
   105 043F 20 12 24		            jsr L2412
   106 0442 20 AC 04		L0442       jsr L04AC
   107 0445 A5 50		            lda TEMPCHR
   108 0447 F0 0D		            beq L0456
   109 0449 88			            dey
   110 044A F0 F6		            beq L0442
   111 044C 20 AC 04		L044C       jsr L04AC
   112 044F 88			            dey
   113 0450 F0 04		            beq L0456
   114 0452 A5 50		            lda TEMPCHR
   115 0454 D0 F6		            bne L044C
   116 0456 20 AC 04		L0456       jsr L04AC
   117 0459 A5 53		L0459       lda RMARGN
   118 045B D0 FC		            bne L0459
   119 045D A5 53		L045D       lda RMARGN
   120 045F F0 FC		            beq L045D
   121 0461 A9 FF		            lda #$FF
   122 0463 85 12		            sta RTCLOK
   123 0465 38			            sec
   124 0466 E5 25		            sbc ICBAHZ
   125 0468 85 13		            sta RTCLOK+1
   126 046A A5 1E		            lda ABUFPT+2
   127 046C F0 E8		            beq L0456
   128 046E A5 1D		            lda ABUFPT+1
   129 0470 C9 68		            cmp #$68
   130 0472 90 E2		L0472       bcc L0456
   131 0474 A9 00		            lda #$00
   132 0476 85 12		            sta RTCLOK
   133 0478 85 13		            sta RTCLOK+1
   134 047A A2 80		            ldx #$80
   135 047C 86 50		L047C       stx TEMPCHR
   136 047E 20 AC 04		L047E       jsr L04AC
   137 0481 88			            dey
   138 0482 D0 07		            bne L048B
   139 0484 A6 50		            ldx TEMPCHR
   140 0486 D0 F6		            bne L047E
   141 0488 CA			            dex
   142 0489 D0 F1		            bne L047C
   143 048B A5 50		L048B       lda TEMPCHR
   144 048D F0 06		            beq L0495
   145 048F 20 AC 04		            jsr L04AC
   146 0492 88			            dey
   147 0493 D0 F6		L0493       bne L048B
   148 0495 18			L0495       clc
   149 0496 A5 1B		            lda DSKUTL+1
   150 0498 69 40		L0498       adc #$40
   151 049A 85 1B		            sta DSKUTL+1
   152 049C A5 1C		            lda ABUFPT
   153 049E 69 01		            adc #$01
   154 04A0 85 1C		            sta ABUFPT
   155 04A2 C9 06		            cmp #$06
   156 04A4 B0 03		            bcs L04A9
   157 04A6 4C 12 04		            jmp L0412
   158 04A9 4C 71 03		L04A9       jmp IOCB3+ICDNO
   159 04AC 20 58 07		L04AC       jsr L0758
   160 04AF 20 64 3B		L04AF       jsr L3B64
   161 04B2 20 BC 04		            jsr L04BC
   162 04B5 A4 25		            ldy ICBAHZ
   163 04B7 A5 27		            lda ICPTHZ
   164 04B9 30 1D		            bmi L04D8
   165 04BB 60			L04BB       rts
   166 04BC AD 61 02		L04BC       lda L0261
   167 04BF F0 FA		            beq L04BB
   168 04C1 A5 28		            lda ICBLLZ
   169 04C3 29 08		            and #$08
   170 04C5 D0 F4		            bne L04BB
   171 04C7 85 5E		            sta OLDADR
   172 04C9 A9 16		            lda #$16
   173 04CB 8D FB 02		            sta ATACHR
   174 04CE 20 A8 41		            jsr L41A8
   175 04D1 24 28		L04D1       bit ICBLLZ
   176 04D3 30 FC		            bmi L04D1
   177 04D5 4C 71 03		            jmp IOCB3+ICDNO
   178 04D8 68			L04D8       pla
   179 04D9 68			            pla
   180 04DA 20 3A 44		L04DA       jsr L443A
   181 04DD 20 22 24		            jsr L2422
   182 04E0 A9 33		            lda #$33
   183 04E2 8D 2D 1E		            sta L1E2C+1
   184 04E5 A2 09		            ldx #$09
   185 04E7 20 8C 31		L04E7       jsr L318C
   186 04EA A9 12		            lda #$12
   187 04EC 85 A4		            sta L00A4
   188 04EE 20 BB 42		            jsr L42BB
   189 04F1 A9 00		            lda #$00
   190 04F3 85 0E		            sta APPMHI
   191 04F5 85 37		            sta LTEMP+1
   192 04F7 85 38		            sta BUFRFL
   193 04F9 85 39		            sta RECVDN
   194 04FB 85 3A		            sta XMTDON
   195 04FD 85 E0		            sta L00E0
   196 04FF 8D 00 01		            sta L0100
   197 0502 8D 20 02		L0502       sta CDTMV5
   198 0505 85 93		            sta L0093
   199 0507 AD 0B CA		            lda LCA0B
   200 050A 85 3D		            sta BPTR
   201 050C 20 5D 41		L050C       jsr L415D
   202 050F E6 3C		L050F       inc NOCKSM
   203 0511 20 74 40		            jsr L4074
   204 0514 A9 06		            lda #$06
   205 0516 8D F4 02		            sta CHBAS
   206 0519 D0 03		            bne L051E
   207 051B 20 9E 3C		L051B       jsr L3C9E
   208 051E A9 00		L051E       lda #$00
   209 0520 85 10		L0520       sta POKMSK
   210 0522 85 11		            sta BRKKEY
   211 0524 85 12		            sta RTCLOK
   212 0526 85 13		L0526       sta RTCLOK+1
   213 0528 85 22		L0528       sta ICCOMZ
   214 052A 85 23		            sta ICSTAZ
   215 052C 8D F2 E8		            sta LE8F2
   216 052F 8D 40 01		            sta L0140
   217 0532 85 F1		            sta L00F1
   218 0534 85 50		            sta TEMPCHR
   219 0536 A9 FF		            lda #$FF
   220 0538 8D 11 01		            sta L0111
   221 053B 20 0D 11		            jsr L110D
   222 053E 20 6E 41		            jsr L416E
   223 0541 AD 1B D4		L0541       lda LD419+2
   224 0544 29 0F		            and #$0F
   225 0546 0A			            asl
   226 0547 A8			            tay
   227 0548 BE 24 EA		            ldx LEA24,Y
   228 054B 8E 55 05		            stx L0554+1
   229 054E BE 25 EA		            ldx LEA25,Y
   230 0551 8E 56 05		            stx L0554+2
   231 0554 2C 34 12		L0554       bit L1234
   232 0557 10 E8		L0557       bpl L0541
   233 0559 4A			            lsr
   234 055A 85 3E		            sta FTYPE
   235 055C 49 FF		            eor #$FF
   236 055E 85 3F		            sta FEOF
   237 0560 A5 E0		            lda L00E0
   238 0562 85 0D		            sta DOSINI+1
   239 0564 20 73 3C		            jsr L3C73
   240 0567 20 8C 25		            jsr L258C
   241 056A 20 4B 0A		L056A       jsr L0A4B
   242 056D A9 00		            lda #$00
   243 056F 20 5B 27		            jsr L275B
   244 0572 A0 00		            ldy #$00
   245 0574 84 1C		            sty ABUFPT
   246 0576 84 1E		            sty ABUFPT+2
   247 0578 AD 94 02		            lda TXTMSC
   248 057B 49 03		            eor #$03
   249 057D 38			            sec
   250 057E E9 13		            sbc #$13
   251 0580 0A			            asl
   252 0581 26 1C		            rol ABUFPT
   253 0583 0A			            asl
   254 0584 26 1C		            rol ABUFPT
   255 0586 0A			            asl
   256 0587 26 1C		            rol ABUFPT
   257 0589 85 1B		            sta DSKUTL+1
   258 058B AD 00 4C		            lda L4C00
   259 058E 49 83		            eor #$83
   260 0590 38			            sec
   261 0591 E9 08		            sbc #$08
   262 0593 10 02		            bpl L0597
   263 0595 C6 1E		            dec ABUFPT+2
   264 0597 0A			L0597       asl
   265 0598 26 1E		            rol ABUFPT+2
   266 059A 0A			            asl
   267 059B 26 1E		            rol ABUFPT+2
   268 059D 0A			            asl
   269 059E 26 1E		            rol ABUFPT+2
   270 05A0 85 1D		            sta ABUFPT+1
   271 05A2 A9 80		            lda #$80
   272 05A4 85 16		            sta BUFADR+1
   273 05A6 A9 07		            lda #$07
   274 05A8 85 F0		            sta L00F0
   275 05AA 85 0F		            sta APPMHI+1
   276 05AC A9 00		            lda #$00
   277 05AE 8D 10 01		            sta L0110
   278 05B1 A9 02		            lda #$02
   279 05B3 85 5B		            sta OLDCOL
   280 05B5 A9 5A		            lda #$5A
   281 05B7 20 E8 31		L05B7       jsr L31E8
   282 05BA 20 22 24		            jsr L2422
   283 05BD A9 F8		            lda #$F8
   284 05BF 8D 26 D0		            sta LD026
   285 05C2 A9 33		            lda #$33
   286 05C4 8D 2D 1E		            sta L1E2C+1
   287 05C7 20 E6 23		            jsr L23E6
   288 05CA A9 C0		            lda #$C0
   289 05CC 05 40		L05CC       ora FREQ
   290 05CE 8D 9E 1D		            sta L1D9D+1
   291 05D1 20 C1 08		            jsr L08C1
   292 05D4 A2 A2		            ldx #$A2
   293 05D6 A0 E1		            ldy #$E1
   294 05D8 20 E5 20		            jsr L20E5
   295 05DB A9 07		            lda #$07
   296 05DD 8D F4 02		            sta CHBAS
   297 05E0 A9 60		            lda #$60
   298 05E2 85 7B		            sta SWPFLG
   299 05E4 20 E9 21		L05E4       jsr L21E9
   300 05E7 20 58 07		            jsr L0758
   301 05EA A9 01		            lda #$01
   302 05EC 8D 44 E6		            sta LE644
   303 05EF A9 4F		            lda #$4F
   304 05F1 8D 2D 1E		            sta L1E2C+1
   305 05F4 20 74 40		            jsr L4074
   306 05F7 E6 7B		            inc SWPFLG
   307 05F9 10 E9		            bpl L05E4
   308 05FB A9 40		            lda #$40
   309 05FD 85 F0		            sta L00F0
   310 05FF 85 0F		            sta APPMHI+1
   311 0601 D0 0A		            bne L060D
   312 0603 A5 5C		L0603       lda OLDCOL+1
   313 0605 D0 03		            bne L060A
   314 0607 4C 1B 05		            jmp L051B
   315 060A 20 14 2B		L060A       jsr L2B14
   316 060D AD 44 E6		L060D       lda LE644
   317 0610 8D 5A 02		L0610       sta L025A
   318 0613 20 15 24		            jsr L2415
   319 0616 A4 3E		            ldy FTYPE
   320 0618 C4 3F		            cpy FEOF
   321 061A F0 52		            beq L066E
   322 061C B9 54 EA		            lda LEA54,Y
   323 061F 8D 24 CB		            sta LCB24
   324 0622 B9 64 EA		            lda LEA64,Y
   325 0625 8D 25 CB		            sta LCB25
   326 0628 B9 74 EA		            lda LEA74,Y
   327 062B 8D 26 CB		            sta LCB26
   328 062E A2 0F		            ldx #$0F
   329 0630 86 5B		            stx OLDCOL
   330 0632 A9 00		L0632       lda #$00
   331 0634 95 E0		            sta L00E0,X
   332 0636 95 F0		            sta L00F0,X
   333 0638 A9 FF		            lda #$FF
   334 063A 9D 10 01		            sta L0110,X
   335 063D CA			            dex
   336 063E D0 F2		            bne L0632
   337 0640 86 41		            stx SOUNDR
   338 0642 86 18		            stx DSKFMS
   339 0644 20 53 27		            jsr L2753
   340 0647 20 A2 25		            jsr L25A2
   341 064A 20 40 2A		            jsr L2A40
   342 064D 20 6C 11		L064D       jsr L116C
   343 0650 20 83 20		            jsr L2083
   344 0653 A5 7B		            lda SWPFLG
   345 0655 D0 06		            bne L065D
   346 0657 A9 01		            lda #$01
   347 0659 85 5B		            sta OLDCOL
   348 065B D0 0B		            bne L0668
   349 065D 20 CB 1E		L065D       jsr L1ECB
   350 0660 20 25 12		            jsr L1225
   351 0663 AD 44 E6		            lda LE644
   352 0666 09 01		L0666       ora #$01
   353 0668 8D 5A 02		L0668       sta L025A
   354 066B 20 15 24		            jsr L2415
   355 066E 20 53 27		L066E       jsr L2753
   356 0671 20 3D 26		            jsr L263D
   357 0674 20 C1 08		            jsr L08C1
   358 0677 20 C3 0A		            jsr L0AC3
   359 067A 20 07 0D		            jsr L0D07
   360 067D 20 D6 0A		            jsr L0AD6
   361 0680 20 1A 0C		            jsr L0C1A
   362 0683 20 D6 1E		            jsr L1ED6
   363 0686 A2 01		            ldx #$01
   364 0688 8E 40 01		            stx L0140
   365 068B 8E 50 01		            stx L0150
   366 068E CA			            dex
   367 068F 86 1F		            stx ABUFPT+3
   368 0691 86 21		            stx ICDNOZ
   369 0693 86 92		            stx L0092
   370 0695 AD 5A 02		            lda L025A
   371 0698 8D 44 E6		            sta LE644
   372 069B A9 C0		            lda #$C0
   373 069D 05 40		            ora FREQ
   374 069F 8D 9E 1D		            sta L1D9D+1
   375 06A2 A9 4F		            lda #$4F
   376 06A4 8D 2D 1E		            sta L1E2C+1
   377 06A7 D0 39		            bne L06E2
   378 06A9 E6 50		L06A9       inc TEMPCHR
   379 06AB 20 56 17		            jsr L1756
   380 06AE A5 21		            lda ICDNOZ
   381 06B0 D0 52		            bne L0704
   382 06B2 20 25 12		            jsr L1225
   383 06B5 20 25 0E		            jsr L0E25
   384 06B8 20 25 0D		            jsr L0D25
   385 06BB 20 E4 26		            jsr L26E4
   386 06BE 20 19 40		            jsr L4019
   387 06C1 20 E7 0A		            jsr L0AE7
   388 06C4 20 60 10		            jsr L1060
   389 06C7 20 54 0F		            jsr L0F54
   390 06CA A5 53		L06CA       lda RMARGN
   391 06CC F0 FC		            beq L06CA
   392 06CE 20 AA 3F		            jsr L3FAA
   393 06D1 20 E0 3B		            jsr L3BE0
   394 06D4 20 74 40		            jsr L4074
   395 06D7 20 E9 21		            jsr L21E9
   396 06DA A5 20		            lda ICHIDZ
   397 06DC 30 3C		            bmi L071A
   398 06DE A5 A3		L06DE       lda L00A3
   399 06E0 D0 FC		            bne L06DE
   400 06E2 A9 40		L06E2       lda #$40
   401 06E4 85 A3		            sta L00A3
   402 06E6 24 A3		L06E6       bit L00A3
   403 06E8 D0 FC		            bne L06E6
   404 06EA 20 7B 07		L06EA       jsr L077B
   405 06ED 20 D6 1E		            jsr L1ED6
   406 06F0 20 5D 0C		            jsr L0C5D
   407 06F3 20 9C 0E		            jsr L0E9C
   408 06F6 20 1A 0C		            jsr L0C1A
   409 06F9 A5 F0		            lda L00F0
   410 06FB F0 0D		            beq L070A
   411 06FD A5 1F		            lda ABUFPT+3
   412 06FF F0 A8		            beq L06A9
   413 0701 4C 03 06		            jmp L0603
   414 0704 20 F6 32		L0704       jsr L32F6
   415 0707 4C 1D 07		            jmp L071D
   416 070A A5 E0		L070A       lda L00E0
   417 070C F0 06		            beq L0714
   418 070E 20 CE 0F		L070E       jsr L0FCE
   419 0711 4C E2 06		            jmp L06E2
   420 0714 20 69 3D		L0714       jsr L3D69
   421 0717 4C 71 03		            jmp IOCB3+ICDNO
   422 071A 20 00 2D		L071A       jsr L2D00
   423 071D 20 15 24		L071D       jsr L2415
   424 0720 20 CB 1E		            jsr L1ECB
   425 0723 A9 33		            lda #$33
   426 0725 8D 2D 1E		            sta L1E2C+1
   427 0728 A9 00		            lda #$00
   428 072A 8D 1D D0		            sta GRACTL
   429 072D 85 11		            sta BRKKEY
   430 072F 85 13		            sta RTCLOK+1
   431 0731 20 C3 0A		            jsr L0AC3
   432 0734 20 1A 0C		            jsr L0C1A
   433 0737 20 D6 1E		            jsr L1ED6
   434 073A 20 CB 1E		            jsr L1ECB
   435 073D 20 40 2A		            jsr L2A40
   436 0740 20 D6 0A		            jsr L0AD6
   437 0743 20 CB 1E		            jsr L1ECB
   438 0746 20 A1 09		            jsr L09A1
   439 0749 A9 4F		            lda #$4F
   440 074B 8D 2D 1E		            sta L1E2C+1
   441 074E A9 C0		            lda #$C0
   442 0750 05 40		            ora FREQ
   443 0752 8D 9E 1D		            sta L1D9D+1
   444 0755 4C E2 06		            jmp L06E2
   445 0758 E6 50		L0758       inc TEMPCHR
   446 075A A5 53		L075A       lda RMARGN
   447 075C F0 FC		            beq L075A
   448 075E 20 AA 3F		            jsr L3FAA
   449 0761 A5 53		L0761       lda RMARGN
   450 0763 D0 FC		            bne L0761
   451 0765 A9 40		            lda #$40
   452 0767 85 A3		            sta L00A3
   453 0769 24 A3		L0769       bit L00A3
   454 076B D0 FC		            bne L0769
   455 076D 20 7B 07		            jsr L077B
   456 0770 20 1A 0C		            jsr L0C1A
   457 0773 20 D6 1E		            jsr L1ED6
   458 0776 A5 53		L0776       lda RMARGN
   459 0778 F0 FC		            beq L0776
   460 077A 60			            rts
   461 077B A5 92		L077B       lda L0092
   462 077D 0A			            asl
   463 077E 0A			            asl
   464 077F 8D 83 07		            sta L0782+1
   465 0782 D0 FE		L0782       bne L0782
   466 0784 85 92		            sta L0092
   467 0786 60			            rts
   468 0787 EA			            nop
   469 0788 4C 57 08		            jmp L0857
   470 078B EA			            nop
   471 078C 4C 3F 08		L078C       jmp L083F
   472 078F EA			            nop
   473 0790 4C 42 08		            jmp L0842
   474 0793 EA			            nop
   475 0794 A5 90		            lda L0090
   476 0796 85 94		            sta L0094
   477 0798 A9 84		            lda #$84
   478 079A 8D F4 02		            sta CHBAS
   479 079D A2 00		            ldx #$00
   480 079F 86 29		            stx ICBLHZ
   481 07A1 E8			            inx
   482 07A2 E4 5B		            cpx OLDCOL
   483 07A4 F0 72		            beq L0818
   484 07A6 BC 10 01		L07A6       ldy L0110,X
   485 07A9 30 68		            bmi L0813
   486 07AB B9 93 CF		            lda LCF93,Y
   487 07AE 2D 44 E6		            and LE644
   488 07B1 F0 60		            beq L0813
   489 07B3 84 05		            sty RAMLO+1
   490 07B5 B4 E0		            ldy L00E0,X
   491 07B7 C0 40		            cpy #$40
   492 07B9 B0 58		            bcs L0813
   493 07BB C0 20		            cpy #$20
   494 07BD B0 07		            bcs L07C6
   495 07BF B9 6E E2		            lda LE26E,Y
   496 07C2 30 4F		            bmi L0813
   497 07C4 E6 29		            inc ICBLHZ
   498 07C6 24 A1		L07C6       bit L00A1
   499 07C8 70 0A		            bvs L07D4
   500 07CA 98			            tya
   501 07CB 0A			            asl
   502 07CC E9 4F		            sbc #$4F
   503 07CE 75 F0		            adc L00F0,X
   504 07D0 F0 02		            beq L07D4
   505 07D2 10 3D		            bpl L0811
   506 07D4 18			L07D4       clc
   507 07D5 A5 22		            lda ICCOMZ
   508 07D7 75 E0		            adc L00E0,X
   509 07D9 90 02		            bcc L07DD
   510 07DB A9 FF		            lda #$FF
   511 07DD 85 22		L07DD       sta ICCOMZ
   512 07DF 20 08 12		            jsr L1208
   513 07E2 20 AD 20		            jsr L20AD
   514 07E5 A9 F7		            lda #$F7
   515 07E7 85 0B		            sta DOSVEC+1
   516 07E9 85 0A		            sta DOSVEC
   517 07EB A9 9D		            lda #$9D
   518 07ED 85 0C		            sta DOSINI
   519 07EF 20 F3 20		            jsr L20F3
   520 07F2 24 92		            bit L0092
   521 07F4 10 14		            bpl L080A
   522 07F6 B4 E0		            ldy L00E0,X
   523 07F8 B9 26 E2		            lda LE226,Y
   524 07FB A8			            tay
   525 07FC B9 CA E2		            lda LE2CA,Y
   526 07FF 20 05 41		            jsr L4105
   527 0802 20 7A 41		            jsr L417A
   528 0805 A9 12		            lda #$12
   529 0807 8D F4 02		            sta CHBAS
   530 080A A9 40		L080A       lda #$40
   531 080C 95 E0		            sta L00E0,X
   532 080E 9D 40 01		            sta L0140,X
   533 0811 95 F0		L0811       sta L00F0,X
   534 0813 E8			L0813       inx
   535 0814 E0 10		            cpx #$10
   536 0816 90 8E		            bcc L07A6
   537 0818 24 92		L0818       bit L0092
   538 081A 10 0A		L081A       bpl L0826
   539 081C 20 86 41		L081C       jsr L4186
   540 081F A5 29		            lda ICBLHZ
   541 0821 F0 1C		            beq L083F
   542 0823 20 80 41		            jsr L4180
   543 0826 24 A1		L0826       bit L00A1
   544 0828 30 15		            bmi L083F
   545 082A A6 E0		            ldx L00E0
   546 082C BD 6E E2		            lda LE26E,X
   547 082F 30 0E		            bmi L083F
   548 0831 8A			            txa
   549 0832 38			            sec
   550 0833 65 F0		            adc L00F0
   551 0835 E5 3D		            sbc BPTR
   552 0837 E9 20		            sbc #$20
   553 0839 10 02		            bpl L083D
   554 083B A9 00		            lda #$00
   555 083D 85 F0		L083D       sta L00F0
   556 083F A9 F1		L083F       lda #$F1
   557 0841 0C			            .byte $0C
   558 0842 A9 F0		L0842       lda #$F0
   559 0844 85 90		            sta L0090
   560 0846 AD 1B D4		            lda LD419+2
   561 0849 29 07		            and #$07
   562 084B 85 4E		            sta DRKMSK
   563 084D C6 92		            dec L0092
   564 084F A9 07		            lda #$07
   565 0851 2D 1B D4		            and LD419+2
   566 0854 85 4F		            sta COLRSH
   567 0856 60			            rts
   568 0857 A5 94		L0857       lda L0094
   569 0859 85 90		            sta L0090
   570 085B C6 92		            dec L0092
   571 085D 60			            rts
   572 085E A5 33		L085E       lda BUFRHI
   573 0860 85 35		            sta BFENHI
   574 0862 A5 34		            lda BFENLO
   575 0864 29 03		            and #$03
   576 0866 09 D8		            ora #$D8
   577 0868 85 36		            sta LTEMP
   578 086A 60			            rts
   579 086B AD 1B D4		L086B       lda LD419+2
   580 086E 29 03		            and #$03
   581 0870 18			            clc
   582 0871 69 02		            adc #$02
   583 0873 20 EF 08		            jsr L08EF
   584 0876 AD EB DB		            lda LDBEA+1
   585 0879 85 5D		            sta OLDCHR
   586 087B 8D 20 D0		            sta LD01F+1
   587 087E AD EC DB		            lda LDBEA+2
   588 0881 A0 0D		            ldy #$0D
   589 0883 99 E8 DB		L0883       sta LDBE7+1,Y
   590 0886 88			            dey
   591 0887 10 FA		            bpl L0883
   592 0889 A2 00		L0889       ldx #$00
   593 088B A0 D8		            ldy #$D8
   594 088D 86 33		            stx BUFRHI
   595 088F 84 34		            sty BFENLO
   596 0891 A5 5D		            lda OLDCHR
   597 0893 A2 06		            ldx #$06
   598 0895 20 E1 0B		            jsr L0BE1
   599 0898 A9 F2		            lda #$F2
   600 089A A0 23		            ldy #$23
   601 089C 99 52 D8		L089C       sta LD851+1,Y
   602 089F 99 7A D8		            sta LD878+2,Y
   603 08A2 88			            dey
   604 08A3 10 F7		            bpl L089C
   605 08A5 A0 00		            ldy #$00
   606 08A7 B9 00 C1		L08A7       lda LC100,Y
   607 08AA 4A			            lsr
   608 08AB 4A			            lsr
   609 08AC 4A			            lsr
   610 08AD 4A			            lsr
   611 08AE AA			            tax
   612 08AF BD E8 DB		            lda LDBE7+1,X
   613 08B2 59 00 C1		            eor LC100,Y
   614 08B5 29 0F		            and #$0F
   615 08B7 59 00 C1		            eor LC100,Y
   616 08BA 99 00 C1		            sta LC100,Y
   617 08BD C8			            iny
   618 08BE D0 E7		            bne L08A7
   619 08C0 60			            rts
   620 08C1 A9 01		L08C1       lda #$01
   621 08C3 C5 5B		            cmp OLDCOL
   622 08C5 B0 08		            bcs L08CF
   623 08C7 4A			            lsr
   624 08C8 C5 4D		            cmp ATRACT
   625 08CA D0 03		            bne L08CF
   626 08CC AD F3 E8		            lda LE8F3
   627 08CF 20 EF 08		L08CF       jsr L08EF
   628 08D2 20 CB 1E		            jsr L1ECB
   629 08D5 AD EB DB		            lda LDBEA+1
   630 08D8 85 5D		            sta OLDCHR
   631 08DA 8D 20 D0		            sta LD01F+1
   632 08DD 20 89 08		            jsr L0889
   633 08E0 A5 22		            lda ICCOMZ
   634 08E2 2A			            rol
   635 08E3 2A			            rol
   636 08E4 2A			            rol
   637 08E5 29 03		            and #$03
   638 08E7 A8			            tay
   639 08E8 B9 DD CF		            lda LCFDD,Y
   640 08EB 8D 16 C1		            sta LC116
   641 08EE 60			            rts
   642 08EF 85 2A		L08EF       sta ICAX1Z
   643 08F1 0A			            asl
   644 08F2 0A			            asl
   645 08F3 0A			            asl
   646 08F4 38			            sec
   647 08F5 E5 2A		            sbc ICAX1Z
   648 08F7 A8			            tay
   649 08F8 A2 00		            ldx #$00
   650 08FA B9 4B E1		L08FA       lda LE14B,Y
   651 08FD 9D E9 DB		            sta LDBE7+2,X
   652 0900 4A			            lsr
   653 0901 4A			            lsr
   654 0902 4A			            lsr
   655 0903 4A			            lsr
   656 0904 9D E8 DB		            sta LDBE7+1,X
   657 0907 C8			            iny
   658 0908 E8			            inx
   659 0909 E8			            inx
   660 090A E0 0E		            cpx #$0E
   661 090C 90 EC		            bcc L08FA
   662 090E AD E8 DB		            lda LDBE7+1
   663 0911 85 90		            sta L0090
   664 0913 85 94		            sta L0094
   665 0915 AD F4 DB		            lda LDBF4
   666 0918 8D 22 D0		            sta LD021+1
   667 091B AD F5 DB		            lda LDBF4+1
   668 091E 8D 23 D0		            sta LD021+2
   669 0921 A9 08		            lda #$08
   670 0923 8D F4 DB		            sta LDBF4
   671 0926 4C 89 08		            jmp L0889
   672 0929 A9 0A		L0929       lda #$0A
   673 092B 85 58		            sta SAVMSC
   674 092D 20 71 40		L092D       jsr L4071
   675 0930 24 27		            bit ICPTHZ
   676 0932 30 F5		            bmi L0929
   677 0934 C6 58		            dec SAVMSC
   678 0936 D0 F5		            bne L092D
   679 0938 60			            rts
   680 0939 48			L0939       pha
   681 093A A2 40		            ldx #$40
   682 093C A0 51		            ldy #$51
   683 093E 86 33		            stx BUFRHI
   684 0940 84 34		            sty BFENLO
   685 0942 A2 11		            ldx #$11
   686 0944 A9 30		            lda #$30
   687 0946 20 E1 0B		            jsr L0BE1
   688 0949 A2 40		            ldx #$40
   689 094B A0 D9		            ldy #$D9
   690 094D 86 33		            stx BUFRHI
   691 094F 84 34		            sty BFENLO
   692 0951 A2 11		            ldx #$11
   693 0953 68			            pla
   694 0954 20 E1 0B		            jsr L0BE1
   695 0957 A2 40		            ldx #$40
   696 0959 A0 D9		            ldy #$D9
   697 095B 86 33		            stx BUFRHI
   698 095D 84 34		            sty BFENLO
   699 095F 60			            rts
   700 0960 A2 07		L0960       ldx #$07
   701 0962 BD 28 02		L0962       lda CDTMA2,X
   702 0965 9D 31 02		            sta SDLSTH,X
   703 0968 BD 2F E6		            lda LE62F,X
   704 096B 9D 39 02		            sta VPIRQ+1,X
   705 096E BD 37 E6		            lda LE637,X
   706 0971 9D 41 02		            sta DBSECT,X
   707 0974 BD 22 D0		            lda LD021+1,X
   708 0977 9D 4B 02		            sta RELADR+1,X
   709 097A BD 56 E6		            lda LE656,X
   710 097D 9D 51 02		            sta L0251,X
   711 0980 CA			            dex
   712 0981 10 DF		            bpl L0962
   713 0983 AD 3F E6		            lda LE63F
   714 0986 8D 59 02		            sta L0259
   715 0989 AD 44 E6		            lda LE644
   716 098C 8D 5A 02		            sta L025A
   717 098F AD 4B E6		            lda LE64B
   718 0992 8D 5B 02		            sta L025B
   719 0995 A5 90		            lda L0090
   720 0997 8D 5C 02		            sta L025C
   721 099A A9 00		            lda #$00
   722 099C 85 4E		            sta DRKMSK
   723 099E 85 4F		            sta COLRSH
   724 09A0 60			            rts
   725 09A1 A2 07		L09A1       ldx #$07
   726 09A3 BD 31 02		L09A3       lda SDLSTH,X
   727 09A6 9D 28 02		            sta CDTMA2,X
   728 09A9 BD 39 02		            lda VPIRQ+1,X
   729 09AC 9D 2F E6		            sta LE62F,X
   730 09AF BD 41 02		            lda DBSECT,X
   731 09B2 9D 37 E6		            sta LE637,X
   732 09B5 BD 4B 02		            lda RELADR+1,X
   733 09B8 9D 22 D0		            sta LD021+1,X
   734 09BB BD 51 02		            lda L0251,X
   735 09BE 9D 56 E6		            sta LE656,X
   736 09C1 CA			            dex
   737 09C2 10 DF		            bpl L09A3
   738 09C4 AD 59 02		            lda L0259
   739 09C7 8D 3F E6		            sta LE63F
   740 09CA AD 5A 02		            lda L025A
   741 09CD 8D 44 E6		            sta LE644
   742 09D0 AD 5B 02		            lda L025B
   743 09D3 8D 4B E6		L09D3       sta LE64B
   744 09D6 AD 5C 02		            lda L025C
   745 09D9 85 90		            sta L0090
   746 09DB 60			            rts
   747 09DC 20 F9 0B		L09DC       jsr L0BF9
   748 09DF A4 0D		            ldy DOSINI+1
   749 09E1 B9 26 E2		            lda LE226,Y
   750 09E4 48			            pha
   751 09E5 8D AE E3		            sta LE3AE
   752 09E8 B9 3E E2		            lda LE23E,Y
   753 09EB A2 0F		            ldx #$0F
   754 09ED 8F			            .byte $8F
   755 09EE B0 E3		            bcs L09D3
   756 09F0 4A			            lsr
   757 09F1 4A			            lsr
   758 09F2 4A			            lsr
   759 09F3 4A			            lsr
   760 09F4 8D AF E3		            sta LE3AF
   761 09F7 A2 A1		            ldx #$A1
   762 09F9 A0 E3		            ldy #$E3
   763 09FB 20 30 32		            jsr L3230
   764 09FE A9 32		            lda #$32
   765 0A00 20 56 32		            jsr L3256
   766 0A03 EE 30 02		L0A03       inc SDLSTL
   767 0A06 C6 96		            dec L0096
   768 0A08 68			            pla
   769 0A09 48			            pha
   770 0A0A 20 56 32		L0A0A       jsr L3256
   771 0A0D 68			            pla
   772 0A0E F0 09		            beq L0A19
   773 0A10 38			            sec
   774 0A11 E9 01		L0A11       sbc #$01
   775 0A13 4A			            lsr
   776 0A14 4A			            lsr
   777 0A15 18			L0A15       clc
   778 0A16 69 0A		            adc #$0A
   779 0A18 0C			            .byte $0C
   780 0A19 A9 37		L0A19       lda #$37
   781 0A1B 20 56 32		L0A1B       jsr L3256
   782 0A1E 4C 24 0A		            jmp L0A24
   783 0A21 20 BC 32		L0A21       jsr L32BC
   784 0A24 A5 96		L0A24       lda L0096
   785 0A26 C9 27		            cmp #$27
   786 0A28 90 F7		            bcc L0A21
   787 0A2A 60			            rts
   788 0A2B A9 33		L0A2B       lda #$33
   789 0A2D 0C			            .byte $0C
   790 0A2E A9 4D		L0A2E       lda #$4D
   791 0A30 A2 F1		            ldx #$F1
   792 0A32 8D 2D 1E		L0A32       sta L1E2C+1
   793 0A35 86 90		            stx L0090
   794 0A37 A9 C0		L0A37       lda #$C0
   795 0A39 8D 9E 1D		            sta L1D9D+1
   796 0A3C A9 00		            lda #$00
   797 0A3E 85 4E		            sta DRKMSK
   798 0A40 85 4F		            sta COLRSH
   799 0A42 8D 5D 02		            sta L025D
   800 0A45 8D 5E 02		            sta L025E
   801 0A48 4C F9 0B		            jmp L0BF9
   802 0A4B A9 00		L0A4B       lda #$00
   803 0A4D 85 2A		            sta ICAX1Z
   804 0A4F A5 3E		L0A4F       lda FTYPE
   805 0A51 20 00 E0		            jsr LE000
   806 0A54 A0 4C		            ldy #$4C
   807 0A56 8C 63 0A		            sty L0A61+2
   808 0A59 A0 80		            ldy #$80
   809 0A5B 84 34		            sty BFENLO
   810 0A5D A0 00		            ldy #$00
   811 0A5F 84 33		            sty BUFRHI
   812 0A61 B9 00 80		L0A61       lda L8000,Y
   813 0A64 0A			            asl
   814 0A65 0A			            asl
   815 0A66 AA			            tax
   816 0A67 84 29		            sty ICBLHZ
   817 0A69 A0 00		L0A69       ldy #$00
   818 0A6B BD 00 C2		            lda LC200,X
   819 0A6E 91 33		            sta (BUFRHI),Y
   820 0A70 C8			            iny
   821 0A71 BD 80 C2		            lda LC280,X
   822 0A74 91 33		            sta (BUFRHI),Y
   823 0A76 C8			            iny
   824 0A77 BD 00 C3		            lda LC300,X
   825 0A7A 91 33		            sta (BUFRHI),Y
   826 0A7C C8			            iny
   827 0A7D BD 80 C3		            lda LC380,X
   828 0A80 91 33		            sta (BUFRHI),Y
   829 0A82 E8			            inx
   830 0A83 E6 34		            inc BFENLO
   831 0A85 8A			            txa
   832 0A86 29 03		            and #$03
   833 0A88 D0 DF		            bne L0A69
   834 0A8A A5 33		            lda BUFRHI
   835 0A8C 69 04		            adc #$04
   836 0A8E 85 33		L0A8E       sta BUFRHI
   837 0A90 B0 06		            bcs L0A98
   838 0A92 A5 34		            lda BFENLO
   839 0A94 E9 03		            sbc #$03
   840 0A96 85 34		            sta BFENLO
   841 0A98 A4 29		L0A98       ldy ICBLHZ
   842 0A9A C8			            iny
   843 0A9B D0 C4		            bne L0A61
   844 0A9D EE 63 0A		            inc L0A61+2
   845 0AA0 A5 34		            lda BFENLO
   846 0AA2 C9 A0		            cmp #$A0
   847 0AA4 D0 16		            bne L0ABC
   848 0AA6 AD 00 DC		            lda LDBFF+1
   849 0AA9 49 FF		            eor #$FF
   850 0AAB 09 80		            ora #$80
   851 0AAD 2C 97 CF		            bit LCF97
   852 0AB0 D0 08		            bne L0ABA
   853 0AB2 25 2A		            and ICAX1Z
   854 0AB4 F0 04		            beq L0ABA
   855 0AB6 49 03		            eor #$03
   856 0AB8 D0 07		            bne L0AC1
   857 0ABA 85 2A		L0ABA       sta ICAX1Z
   858 0ABC 24 34		L0ABC       bit BFENLO
   859 0ABE 50 A1		            bvc L0A61
   860 0AC0 0C			            .byte $0C
   861 0AC1 85 2A		L0AC1       sta ICAX1Z
   862 0AC3 A2 00		L0AC3       ldx #$00
   863 0AC5 8A			            txa
   864 0AC6 9D 00 4C		L0AC6       sta L4C00,X
   865 0AC9 9D 00 4D		            sta L4D00,X
   866 0ACC 9D 00 4E		            sta L4E00,X
   867 0ACF 9D 00 4F		            sta L4F00,X
   868 0AD2 E8			            inx
   869 0AD3 D0 F1		            bne L0AC6
   870 0AD5 60			            rts
   871 0AD6 A9 08		L0AD6       lda #$08
   872 0AD8 85 91		            sta L0091
   873 0ADA A9 80		            lda #$80
   874 0ADC 85 16		            sta BUFADR+1
   875 0ADE A9 05		            lda #$05
   876 0AE0 85 20		            sta ICHIDZ
   877 0AE2 A2 53		            ldx #$53
   878 0AE4 4C 8C 31		            jmp L318C
   879 0AE7 A5 50		L0AE7       lda TEMPCHR
   880 0AE9 4A			            lsr
   881 0AEA A7 22		            .byte $A7,$22
   882 0AEC 29 C0		            and #$C0
   883 0AEE 2A			L0AEE       rol
   884 0AEF 2A			            rol
   885 0AF0 2A			            rol
   886 0AF1 A8			            tay
   887 0AF2 B9 DD CF		            lda LCFDD,Y
   888 0AF5 8D 16 C1		            sta LC116
   889 0AF8 A5 3D		            lda BPTR
   890 0AFA 0A			            asl
   891 0AFB 79 BD E8		L0AFB       adc LE8BD,Y
   892 0AFE 85 24		L0AFE       sta ICBALZ
   893 0B00 C6 23		            dec ICSTAZ
   894 0B02 10 17		            bpl L0B1B
   895 0B04 A9 18		            lda #$18
   896 0B06 85 23		            sta ICSTAZ
   897 0B08 8A			            txa
   898 0B09 F0 10		L0B09       beq L0B1B
   899 0B0B 29 0F		            and #$0F
   900 0B0D D0 01		            bne L0B10
   901 0B0F CA			            dex
   902 0B10 CA			L0B10       dex
   903 0B11 86 22		            stx ICCOMZ
   904 0B13 B9 DE E2		            lda LE2DE,Y
   905 0B16 F0 03		            beq L0B1B
   906 0B18 20 05 41		            jsr L4105
   907 0B1B A5 50		L0B1B       lda TEMPCHR
   908 0B1D 2C C9 E2		            bit LE2C9
   909 0B20 D0 1C		            bne L0B3E
   910 0B22 24 A1		            bit L00A1
   911 0B24 30 15		            bmi L0B3B
   912 0B26 AE 00 01		            ldx L0100
   913 0B29 3D C0 E2		            and LE2C0,X
   914 0B2C D0 0D		            bne L0B3B
   915 0B2E A6 0F		            ldx APPMHI+1
   916 0B30 F0 07		L0B30       beq L0B39
   917 0B32 CA			            dex
   918 0B33 86 0F		            stx APPMHI+1
   919 0B35 E4 F0		            cpx L00F0
   920 0B37 B0 02		            bcs L0B3B
   921 0B39 86 F0		L0B39       stx L00F0
   922 0B3B 60			L0B3B       rts
   923 0B3C A5 50		L0B3C       lda TEMPCHR
   924 0B3E 29 1F		L0B3E       and #$1F
   925 0B40 49 11		            eor #$11
   926 0B42 0D FC 02		            ora CH
   927 0B45 0D FB 02		            ora ATACHR
   928 0B48 D0 05		            bne L0B4F
   929 0B4A A9 18		            lda #$18
   930 0B4C 8D FB 02		            sta ATACHR
   931 0B4F 60			L0B4F       rts
   932 0B50 2C 0A CA		L0B50       bit LCA0A
   933 0B53 10 FB		            bpl L0B50
   934 0B55 8D 00 DC		            sta LDBFF+1
   935 0B58 AD 01 DC		            lda LDC01
   936 0B5B 60			            rts
   937 0B5C AE 19 D4		L0B5C       ldx LD419
   938 0B5F AC 1A D4		            ldy LD419+1
   939 0B62 A9 FF		            lda #$FF
   940 0B64 8D 02 DC		            sta LDC01+1
   941 0B67 8D 00 DC		            sta LDBFF+1
   942 0B6A 8D 0A CA		            sta LCA0A
   943 0B6D A5 27		            lda ICPTHZ
   944 0B6F 29 13		            and #$13
   945 0B71 C9 10		            cmp #$10
   946 0B73 90 01		            bcc L0B76
   947 0B75 60			            rts
   948 0B76 0A			L0B76       asl
   949 0B77 8D 80 0B		            sta L0B7F+1
   950 0B7A AD 00 DC		            lda LDBFF+1
   951 0B7D 29 10		            and #$10
   952 0B7F 90 FE		L0B7F       bcc L0B7F
   953 0B81 90 06		            bcc L0B89
   954 0B83 90 19		            bcc L0B9E
   955 0B85 90 1F		            bcc L0BA6
   956 0B87 90 2D		            bcc L0BB6
   957 0B89 F0 08		L0B89       beq L0B93
   958 0B8B 8A			            txa
   959 0B8C 10 08		            bpl L0B96
   960 0B8E 98			            tya
   961 0B8F 10 08		            bpl L0B99
   962 0B91 30 35		            bmi L0BC8
   963 0B93 A9 81		L0B93       lda #$81
   964 0B95 0C			            .byte $0C
   965 0B96 A9 C2		L0B96       lda #$C2
   966 0B98 0C			            .byte $0C
   967 0B99 A9 C3		L0B99       lda #$C3
   968 0B9B 4C C6 0B		            jmp L0BC6
   969 0B9E F0 02		L0B9E       beq L0BA2
   970 0BA0 A9 80		            lda #$80
   971 0BA2 49 81		L0BA2       eor #$81
   972 0BA4 D0 20		            bne L0BC6
   973 0BA6 D0 04		L0BA6       bne L0BAC
   974 0BA8 C0 80		            cpy #$80
   975 0BAA B0 02		            bcs L0BAE
   976 0BAC A9 80		L0BAC       lda #$80
   977 0BAE 49 C2		L0BAE       eor #$C2
   978 0BB0 E0 80		            cpx #$80
   979 0BB2 B0 12		            bcs L0BC6
   980 0BB4 90 0E		            bcc L0BC4
   981 0BB6 D0 04		L0BB6       bne L0BBC
   982 0BB8 E0 80		            cpx #$80
   983 0BBA B0 02		            bcs L0BBE
   984 0BBC A9 80		L0BBC       lda #$80
   985 0BBE 49 C3		L0BBE       eor #$C3
   986 0BC0 C0 80		            cpy #$80
   987 0BC2 B0 02		            bcs L0BC6
   988 0BC4 09 20		L0BC4       ora #$20
   989 0BC6 85 27		L0BC6       sta ICPTHZ
   990 0BC8 AD 00 DC		L0BC8       lda LDBFF+1
   991 0BCB 29 03		            and #$03
   992 0BCD AA			            tax
   993 0BCE BD C0 CF		            lda LCFC0,X
   994 0BD1 85 25		            sta ICBAHZ
   995 0BD3 AD 00 DC		            lda LDBFF+1
   996 0BD6 4A			            lsr
   997 0BD7 4A			            lsr
   998 0BD8 29 03		            and #$03
   999 0BDA AA			            tax
  1000 0BDB BD C0 CF		            lda LCFC0,X
  1001 0BDE 85 26		            sta ICPTLZ
  1002 0BE0 60			            rts
  1003 0BE1 48			L0BE1       pha
  1004 0BE2 A0 27		            ldy #$27
  1005 0BE4 91 33		L0BE4       sta (BUFRHI),Y
  1006 0BE6 88			            dey
  1007 0BE7 10 FB		            bpl L0BE4
  1008 0BE9 18			            clc
  1009 0BEA A9 28		            lda #$28
  1010 0BEC 65 33		            adc BUFRHI
  1011 0BEE 85 33		            sta BUFRHI
  1012 0BF0 90 02		            bcc L0BF4
  1013 0BF2 E6 34		            inc BFENLO
  1014 0BF4 68			L0BF4       pla
  1015 0BF5 CA			            dex
  1016 0BF6 D0 E9		            bne L0BE1
  1017 0BF8 60			            rts
  1018 0BF9 A9 30		L0BF9       lda #$30
  1019 0BFB 0C			            .byte $0C
  1020 0BFC A9 00		L0BFC       lda #$00
  1021 0BFE A2 27		            ldx #$27
  1022 0C00 9D 40 49		L0C00       sta L4940,X
  1023 0C03 CA			L0C03       dex
  1024 0C04 10 FA		            bpl L0C00
  1025 0C06 E8			            inx
  1026 0C07 86 A2		            stx L00A2
  1027 0C09 60			            rts
  1028 0C0A 38			L0C0A       sec
  1029 0C0B A2 FF		            ldx #$FF
  1030 0C0D E8			L0C0D       inx
  1031 0C0E E9 64		L0C0E       sbc #$64
  1032 0C10 B0 FB		            bcs L0C0D
  1033 0C12 A0 0A		L0C12       ldy #$0A
  1034 0C14 88			L0C14       dey
  1035 0C15 69 0A		            adc #$0A
  1036 0C17 90 FB		L0C17       bcc L0C14
  1037 0C19 60			            rts
  1038 0C1A A4 11		L0C1A       ldy BRKKEY
  1039 0C1C F0 14		L0C1C       beq L0C32
  1040 0C1E 38			            sec
  1041 0C1F A5 1B		            lda DSKUTL+1
  1042 0C21 E5 11		            sbc BRKKEY
  1043 0C23 85 1B		            sta DSKUTL+1
  1044 0C25 A5 1C		            lda ABUFPT
  1045 0C27 A4 11		            ldy BRKKEY
  1046 0C29 10 03		            bpl L0C2E
  1047 0C2B E9 FF		            sbc #$FF
  1048 0C2D 0C			            .byte $0C
  1049 0C2E E9 00		L0C2E       sbc #$00
  1050 0C30 85 1C		L0C30       sta ABUFPT
  1051 0C32 38			L0C32       sec
  1052 0C33 A9 08		            lda #$08
  1053 0C35 E5 1B		            sbc DSKUTL+1
  1054 0C37 29 07		            and #$07
  1055 0C39 85 4E		            sta DRKMSK
  1056 0C3B A4 13		            ldy RTCLOK+1
  1057 0C3D F0 14		            beq L0C53
  1058 0C3F 38			            sec
  1059 0C40 A5 1D		            lda ABUFPT+1
  1060 0C42 E5 13		            sbc RTCLOK+1
  1061 0C44 85 1D		            sta ABUFPT+1
  1062 0C46 A5 1E		            lda ABUFPT+2
  1063 0C48 A4 13		            ldy RTCLOK+1
  1064 0C4A 10 03		            bpl L0C4F
  1065 0C4C E9 FF		            sbc #$FF
  1066 0C4E 0C			            .byte $0C
  1067 0C4F E9 00		L0C4F       sbc #$00
  1068 0C51 85 1E		            sta ABUFPT+2
  1069 0C53 38			L0C53       sec
  1070 0C54 A9 08		            lda #$08
  1071 0C56 E5 1D		            sbc ABUFPT+1
  1072 0C58 29 07		            and #$07
  1073 0C5A 85 4F		            sta COLRSH
  1074 0C5C 60			            rts
  1075 0C5D 24 27		L0C5D       bit ICPTHZ
  1076 0C5F 70 60		            bvs L0CC1
  1077 0C61 A5 16		            lda BUFADR+1
  1078 0C63 F0 0D		            beq L0C72
  1079 0C65 30 1E		            bmi L0C85
  1080 0C67 C9 02		            cmp #$02
  1081 0C69 F0 3B		            beq L0CA6
  1082 0C6B 24 27		            bit ICPTHZ
  1083 0C6D 10 07		            bpl L0C76
  1084 0C6F 4C 8D 0D		            jmp L0D8D
  1085 0C72 24 27		L0C72       bit ICPTHZ
  1086 0C74 30 2F		            bmi L0CA5
  1087 0C76 AD D7 0A		L0C76       lda L0AD6+1
  1088 0C79 85 91		            sta L0091
  1089 0C7B A2 53		            ldx #$53
  1090 0C7D 20 8C 31		            jsr L318C
  1091 0C80 A9 80		            lda #$80
  1092 0C82 85 16		            sta BUFADR+1
  1093 0C84 60			            rts
  1094 0C85 24 27		L0C85       bit ICPTHZ
  1095 0C87 10 1C		            bpl L0CA5
  1096 0C89 A5 25		            lda ICBAHZ
  1097 0C8B 05 26		            ora ICPTLZ
  1098 0C8D F0 12		            beq L0CA1
  1099 0C8F A2 5A		L0C8F       ldx #$5A
  1100 0C91 20 8C 31		            jsr L318C
  1101 0C94 20 8D 0D		            jsr L0D8D
  1102 0C97 A9 01		            lda #$01
  1103 0C99 85 16		            sta BUFADR+1
  1104 0C9B AD D7 0A		            lda L0AD6+1
  1105 0C9E 85 91		            sta L0091
  1106 0CA0 60			            rts
  1107 0CA1 A9 02		L0CA1       lda #$02
  1108 0CA3 85 16		            sta BUFADR+1
  1109 0CA5 60			L0CA5       rts
  1110 0CA6 A5 26		L0CA6       lda ICPTLZ
  1111 0CA8 05 25		            ora ICBAHZ
  1112 0CAA D0 E3		            bne L0C8F
  1113 0CAC C6 91		            dec L0091
  1114 0CAE D0 F5		            bne L0CA5
  1115 0CB0 A9 00		            lda #$00
  1116 0CB2 85 16		            sta BUFADR+1
  1117 0CB4 8D 8C 02		            sta JVECK
  1118 0CB7 AD D7 0A		            lda L0AD6+1
  1119 0CBA 85 91		            sta L0091
  1120 0CBC A2 61		            ldx #$61
  1121 0CBE 4C 8C 31		            jmp L318C
  1122 0CC1 A5 16		L0CC1       lda BUFADR+1
  1123 0CC3 F0 09		            beq L0CCE
  1124 0CC5 30 17		            bmi L0CDE
  1125 0CC7 24 27		            bit ICPTHZ
  1126 0CC9 10 09		            bpl L0CD4
  1127 0CCB 4C 8D 0D		            jmp L0D8D
  1128 0CCE A5 27		L0CCE       lda ICPTHZ
  1129 0CD0 29 20		            and #$20
  1130 0CD2 D0 26		            bne L0CFA
  1131 0CD4 A2 53		L0CD4       ldx #$53
  1132 0CD6 20 8C 31		            jsr L318C
  1133 0CD9 A9 80		            lda #$80
  1134 0CDB 85 16		            sta BUFADR+1
  1135 0CDD 60			            rts
  1136 0CDE A5 27		L0CDE       lda ICPTHZ
  1137 0CE0 29 20		            and #$20
  1138 0CE2 D0 17		            bne L0CFB
  1139 0CE4 24 27		            bit ICPTHZ
  1140 0CE6 10 12		            bpl L0CFA
  1141 0CE8 A5 25		            lda ICBAHZ
  1142 0CEA 05 26		            ora ICPTLZ
  1143 0CEC F0 0C		            beq L0CFA
  1144 0CEE A2 5A		            ldx #$5A
  1145 0CF0 20 8C 31		            jsr L318C
  1146 0CF3 20 8D 0D		            jsr L0D8D
  1147 0CF6 A9 01		            lda #$01
  1148 0CF8 85 16		            sta BUFADR+1
  1149 0CFA 60			L0CFA       rts
  1150 0CFB A9 00		L0CFB       lda #$00
  1151 0CFD 85 16		            sta BUFADR+1
  1152 0CFF 8D 8C 02		            sta JVECK
  1153 0D02 A2 61		L0D02       ldx #$61
  1154 0D04 4C 8C 31		L0D04       jmp L318C
  1155 0D07 A5 A1		L0D07       lda L00A1
  1156 0D09 29 10		            and #$10
  1157 0D0B D0 0C		            bne L0D19
  1158 0D0D A4 E0		L0D0D       ldy L00E0
  1159 0D0F B9 56 E2		            lda LE256,Y
  1160 0D12 C9 04		            cmp #$04
  1161 0D14 B0 03		L0D14       bcs L0D19
  1162 0D16 69 04		            adc #$04
  1163 0D18 0C			            .byte $0C
  1164 0D19 A9 07		L0D19       lda #$07
  1165 0D1B 85 14		            sta RTCLOK+2
  1166 0D1D 18			            clc
  1167 0D1E 49 FF		            eor #$FF
  1168 0D20 69 01		            adc #$01
  1169 0D22 85 15		            sta BUFADR
  1170 0D24 60			            rts
  1171 0D25 A2 00		L0D25       ldx #$00
  1172 0D27 A5 26		            lda ICPTLZ
  1173 0D29 20 30 0D		            jsr L0D30
  1174 0D2C A2 02		            ldx #$02
  1175 0D2E A5 25		            lda ICBAHZ
  1176 0D30 18			L0D30       clc
  1177 0D31 F0 2C		            beq L0D5F
  1178 0D33 10 06		            bpl L0D3B
  1179 0D35 A9 D0		            lda #$D0
  1180 0D37 A0 00		            ldy #$00
  1181 0D39 F0 04		            beq L0D3F
  1182 0D3B A9 30		L0D3B       lda #$30
  1183 0D3D A0 FF		            ldy #$FF
  1184 0D3F 75 10		L0D3F       adc POKMSK,X
  1185 0D41 95 10		            sta POKMSK,X
  1186 0D43 98			            tya
  1187 0D44 75 11		            adc BRKKEY,X
  1188 0D46 95 11		            sta BRKKEY,X
  1189 0D48 30 08		            bmi L0D52
  1190 0D4A C5 14		L0D4A       cmp RTCLOK+2
  1191 0D4C 90 10		            bcc L0D5E
  1192 0D4E A5 14		            lda RTCLOK+2
  1193 0D50 D0 06		            bne L0D58
  1194 0D52 C5 15		L0D52       cmp BUFADR
  1195 0D54 B0 08		            bcs L0D5E
  1196 0D56 A5 15		            lda BUFADR
  1197 0D58 95 11		L0D58       sta BRKKEY,X
  1198 0D5A A9 00		            lda #$00
  1199 0D5C 95 10		            sta POKMSK,X
  1200 0D5E 60			L0D5E       rts
  1201 0D5F B5 11		L0D5F       lda BRKKEY,X
  1202 0D61 85 02		            sta CASINI
  1203 0D63 30 0A		            bmi L0D6F
  1204 0D65 15 10		            ora POKMSK,X
  1205 0D67 F0 F5		            beq L0D5E
  1206 0D69 A9 50		            lda #$50
  1207 0D6B A0 FF		            ldy #$FF
  1208 0D6D 30 04		            bmi L0D73
  1209 0D6F A9 B0		L0D6F       lda #$B0
  1210 0D71 A0 00		            ldy #$00
  1211 0D73 75 10		L0D73       adc POKMSK,X
  1212 0D75 95 10		            sta POKMSK,X
  1213 0D77 98			            tya
  1214 0D78 75 11		            adc BRKKEY,X
  1215 0D7A 95 11		            sta BRKKEY,X
  1216 0D7C 45 02		            eor CASINI
  1217 0D7E 30 06		            bmi L0D86
  1218 0D80 B5 11		            lda BRKKEY,X
  1219 0D82 10 C6		            bpl L0D4A
  1220 0D84 30 CC		            bmi L0D52
  1221 0D86 A9 00		L0D86       lda #$00
  1222 0D88 95 10		            sta POKMSK,X
  1223 0D8A 95 11		            sta BRKKEY,X
  1224 0D8C 60			L0D8C       rts
  1225 0D8D AD 50 01		L0D8D       lda L0150
  1226 0D90 D0 FA		            bne L0D8C
  1227 0D92 A5 26		            lda ICPTLZ
  1228 0D94 85 31		            sta CHKSUM
  1229 0D96 A5 25		            lda ICBAHZ
  1230 0D98 85 32		            sta BUFRLO
  1231 0D9A 05 31		            ora CHKSUM
  1232 0D9C F0 7A		            beq L0E18
  1233 0D9E A5 0E		            lda APPMHI
  1234 0DA0 49 03		            eor #$03
  1235 0DA2 F0 75		            beq L0E19
  1236 0DA4 A9 80		            lda #$80
  1237 0DA6 2D 44 E6		            and LE644
  1238 0DA9 D0 6D		            bne L0E18
  1239 0DAB 85 05		            sta RAMLO+1
  1240 0DAD 20 AD 20		            jsr L20AD
  1241 0DB0 A9 07		            lda #$07
  1242 0DB2 85 05		            sta RAMLO+1
  1243 0DB4 A7			            .byte $A7
  1244 0DB5 0E E8 8E		            asl L8EE8
  1245 0DB8 F4 02		            .byte $F4,$02
  1246 0DBA 0A			            asl
  1247 0DBB 0A			            asl
  1248 0DBC AA			            tax
  1249 0DBD A5 32		            lda BUFRLO
  1250 0DBF F0 0B		            beq L0DCC
  1251 0DC1 E8			            inx
  1252 0DC2 C5 31		            cmp CHKSUM
  1253 0DC4 F0 06		            beq L0DCC
  1254 0DC6 E8			            inx
  1255 0DC7 A5 31		            lda CHKSUM
  1256 0DC9 F0 01		            beq L0DCC
  1257 0DCB E8			            inx
  1258 0DCC 8A			L0DCC       txa
  1259 0DCD E8			            inx
  1260 0DCE 8E B0 01		            stx L01B0
  1261 0DD1 0A			            asl
  1262 0DD2 69 A8		            adc #$A8
  1263 0DD4 85 0C		            sta DOSINI
  1264 0DD6 A6 32		            ldx BUFRLO
  1265 0DD8 E8			            inx
  1266 0DD9 BD E0 E1		            lda LE1E0,X
  1267 0DDC 85 56		            sta COLCRS+1
  1268 0DDE 18			            clc
  1269 0DDF 65 08		            adc WARMST
  1270 0DE1 85 08		            sta WARMST
  1271 0DE3 A6 31		            ldx CHKSUM
  1272 0DE5 E8			            inx
  1273 0DE6 BD E0 E1		            lda LE1E0,X
  1274 0DE9 85 55		            sta COLCRS
  1275 0DEB 18			            clc
  1276 0DEC 65 06		            adc TRAMSZ
  1277 0DEE 85 06		            sta TRAMSZ
  1278 0DF0 20 98 0F		            jsr L0F98
  1279 0DF3 10 05		            bpl L0DFA
  1280 0DF5 A9 00		            lda #$00
  1281 0DF7 85 09		            sta BOOT
  1282 0DF9 0C			            .byte $0C
  1283 0DFA A9 60		L0DFA       lda #$60
  1284 0DFC 8D 27 02		            sta CDTMA1+1
  1285 0DFF 20 F3 20		L0DFF       jsr L20F3
  1286 0E02 20 86 41		L0E02       jsr L4186
  1287 0E05 A5 A1		L0E05       lda L00A1
  1288 0E07 29 20		            and #$20
  1289 0E09 D0 08		            bne L0E13
  1290 0E0B 38			            sec
  1291 0E0C A9 10		L0E0C       lda #$10
  1292 0E0E ED 00 01		            sbc L0100
  1293 0E11 0A			L0E11       asl
  1294 0E12 0C			            .byte $0C
  1295 0E13 A9 02		L0E13       lda #$02
  1296 0E15 8D 50 01		L0E15       sta L0150
  1297 0E18 60			L0E18       rts
  1298 0E19 A5 92		L0E19       lda L0092
  1299 0E1B D0 FB		L0E1B       bne L0E18
  1300 0E1D A9 84		L0E1D       lda #$84
  1301 0E1F 85 92		            sta L0092
  1302 0E21 85 93		            sta L0093
  1303 0E23 D0 E0		            bne L0E05
  1304 0E25 A5 9D		L0E25       lda L009D
  1305 0E27 2D 44 E6		            and LE644
  1306 0E2A 10 67		            bpl L0E93
  1307 0E2C A9 07		            lda #$07
  1308 0E2E 85 05		            sta RAMLO+1
  1309 0E30 20 AD 20		            jsr L20AD
  1310 0E33 18			            clc
  1311 0E34 A5 08		            lda WARMST
  1312 0E36 65 56		            adc COLCRS+1
  1313 0E38 18			            clc
  1314 0E39 65 13		            adc RTCLOK+1
  1315 0E3B 85 08		            sta WARMST
  1316 0E3D C9 40		            cmp #$40
  1317 0E3F 90 46		            bcc L0E87
  1318 0E41 18			            clc
  1319 0E42 A2 00		            ldx #$00
  1320 0E44 A5 55		            lda COLCRS
  1321 0E46 10 01		            bpl L0E49
  1322 0E48 CA			            dex
  1323 0E49 65 06		L0E49       adc TRAMSZ
  1324 0E4B 85 06		L0E4B       sta TRAMSZ
  1325 0E4D 8A			            txa
  1326 0E4E 65 07		            adc CMCMD
  1327 0E50 29 01		            and #$01
  1328 0E52 F0 04		            beq L0E58
  1329 0E54 A6 06		L0E54       ldx TRAMSZ
  1330 0E56 30 2F		            bmi L0E87
  1331 0E58 85 07		L0E58       sta CMCMD
  1332 0E5A 18			            clc
  1333 0E5B A2 00		            ldx #$00
  1334 0E5D A5 11		            lda BRKKEY
  1335 0E5F 10 01		            bpl L0E62
  1336 0E61 CA			            dex
  1337 0E62 65 06		L0E62       adc TRAMSZ
  1338 0E64 85 06		            sta TRAMSZ
  1339 0E66 8A			            txa
  1340 0E67 65 07		            adc CMCMD
  1341 0E69 29 01		            and #$01
  1342 0E6B 85 07		            sta CMCMD
  1343 0E6D 20 98 0F		            jsr L0F98
  1344 0E70 30 15		            bmi L0E87
  1345 0E72 AD 1B D4		            lda LD419+2
  1346 0E75 29 03		            and #$03
  1347 0E77 AA			            tax
  1348 0E78 BD D9 CF		            lda LCFD9,X
  1349 0E7B 85 0B		            sta DOSVEC+1
  1350 0E7D A5 0C		            lda DOSINI
  1351 0E7F C9 B0		            cmp #$B0
  1352 0E81 90 0D		            bcc L0E90
  1353 0E83 49 01		            eor #$01
  1354 0E85 D0 07		            bne L0E8E
  1355 0E87 A9 00		L0E87       lda #$00
  1356 0E89 85 09		            sta BOOT
  1357 0E8B 8D 27 02		            sta CDTMA1+1
  1358 0E8E 85 0C		L0E8E       sta DOSINI
  1359 0E90 20 F3 20		L0E90       jsr L20F3
  1360 0E93 AD 50 01		L0E93       lda L0150
  1361 0E96 F0 03		            beq L0E9B
  1362 0E98 CE 50 01		            dec L0150
  1363 0E9B 60			L0E9B       rts
  1364 0E9C A2 0B		L0E9C       ldx #$0B
  1365 0E9E 20 1D 0F		L0E9E       jsr L0F1D
  1366 0EA1 90 16		            bcc L0EB9
  1367 0EA3 A5 11		            lda BRKKEY
  1368 0EA5 30 04		            bmi L0EAB
  1369 0EA7 05 10		            ora POKMSK
  1370 0EA9 D0 0E		            bne L0EB9
  1371 0EAB A9 00		L0EAB       lda #$00
  1372 0EAD 85 11		            sta BRKKEY
  1373 0EAF 85 10		            sta POKMSK
  1374 0EB1 A5 1B		            lda DSKUTL+1
  1375 0EB3 29 F8		            and #$F8
  1376 0EB5 69 00		            adc #$00
  1377 0EB7 85 1B		            sta DSKUTL+1
  1378 0EB9 CA			L0EB9       dex
  1379 0EBA E0 09		            cpx #$09
  1380 0EBC B0 E0		            bcs L0E9E
  1381 0EBE 20 1D 0F		L0EBE       jsr L0F1D
  1382 0EC1 90 16		            bcc L0ED9
  1383 0EC3 A5 11		            lda BRKKEY
  1384 0EC5 30 12		            bmi L0ED9
  1385 0EC7 A9 00		            lda #$00
  1386 0EC9 85 11		            sta BRKKEY
  1387 0ECB 85 10		            sta POKMSK
  1388 0ECD A5 1B		            lda DSKUTL+1
  1389 0ECF 69 06		            adc #$06
  1390 0ED1 29 F8		            and #$F8
  1391 0ED3 85 1B		            sta DSKUTL+1
  1392 0ED5 90 02		            bcc L0ED9
  1393 0ED7 E6 1C		            inc ABUFPT
  1394 0ED9 CA			L0ED9       dex
  1395 0EDA E0 06		            cpx #$06
  1396 0EDC B0 E0		            bcs L0EBE
  1397 0EDE 20 1D 0F		L0EDE       jsr L0F1D
  1398 0EE1 90 16		            bcc L0EF9
  1399 0EE3 A5 13		            lda RTCLOK+1
  1400 0EE5 30 04		            bmi L0EEB
  1401 0EE7 05 12		            ora RTCLOK
  1402 0EE9 D0 0E		            bne L0EF9
  1403 0EEB A9 00		L0EEB       lda #$00
  1404 0EED 85 13		            sta RTCLOK+1
  1405 0EEF 85 12		L0EEF       sta RTCLOK
  1406 0EF1 A5 1D		            lda ABUFPT+1
  1407 0EF3 29 F8		            and #$F8
  1408 0EF5 69 00		            adc #$00
  1409 0EF7 85 1D		            sta ABUFPT+1
  1410 0EF9 CA			L0EF9       dex
  1411 0EFA E0 03		            cpx #$03
  1412 0EFC B0 E0		            bcs L0EDE
  1413 0EFE 20 1D 0F		L0EFE       jsr L0F1D
  1414 0F01 90 16		            bcc L0F19
  1415 0F03 A5 13		            lda RTCLOK+1
  1416 0F05 30 12		            bmi L0F19
  1417 0F07 A9 00		            lda #$00
  1418 0F09 85 13		            sta RTCLOK+1
  1419 0F0B 85 12		            sta RTCLOK
  1420 0F0D A5 1D		            lda ABUFPT+1
  1421 0F0F 69 06		            adc #$06
  1422 0F11 29 F8		            and #$F8
  1423 0F13 85 1D		            sta ABUFPT+1
  1424 0F15 90 02		L0F15       bcc L0F19
  1425 0F17 E6 1E		            inc ABUFPT+2
  1426 0F19 CA			L0F19       dex
  1427 0F1A 10 E2		            bpl L0EFE
  1428 0F1C 60			            rts
  1429 0F1D 18			L0F1D       clc
  1430 0F1E A5 17		            lda ICCOMT
  1431 0F20 7D AD CF		            adc LCFAD,X
  1432 0F23 A8			            tay
  1433 0F24 18			            clc
  1434 0F25 A5 18		            lda DSKFMS
  1435 0F27 7D B9 CF		            adc LCFB9,X
  1436 0F2A 8D 2F 0F		            sta L0F2D+2
  1437 0F2D B9 00 80		L0F2D       lda L8000,Y
  1438 0F30 C9 2E		            cmp #$2E
  1439 0F32 F0 06		            beq L0F3A
  1440 0F34 C9 2D		            cmp #$2D
  1441 0F36 F0 02		            beq L0F3A
  1442 0F38 0A			            asl
  1443 0F39 60			            rts
  1444 0F3A 4A			L0F3A       lsr
  1445 0F3B 86 2B		            stx ICAX2Z
  1446 0F3D 84 79		            sty KEYDEF
  1447 0F3F AD 2F 0F		            lda L0F2D+2
  1448 0F42 85 7A		            sta KEYDEF+1
  1449 0F44 B0 07		            bcs L0F4D
  1450 0F46 20 68 26		            jsr L2668
  1451 0F49 A6 2B		            ldx ICAX2Z
  1452 0F4B 18			            clc
  1453 0F4C 60			            rts
  1454 0F4D 20 FB 25		L0F4D       jsr L25FB
  1455 0F50 A6 2B		            ldx ICAX2Z
  1456 0F52 18			            clc
  1457 0F53 60			            rts
  1458 0F54 A5 19		L0F54       lda DSKFMS+1
  1459 0F56 C9 14		            cmp #$14
  1460 0F58 F0 1E		            beq L0F78
  1461 0F5A C9 11		            cmp #$11
  1462 0F5C F0 1A		            beq L0F78
  1463 0F5E 24 27		            bit ICPTHZ
  1464 0F60 10 31		            bpl L0F93
  1465 0F62 C9 2F		            cmp #$2F
  1466 0F64 F0 0D		            beq L0F73
  1467 0F66 29 FC		            and #$FC
  1468 0F68 C9 38		            cmp #$38
  1469 0F6A D0 27		            bne L0F93
  1470 0F6C C6 20		            dec ICHIDZ
  1471 0F6E D0 02		            bne L0F72
  1472 0F70 E6 1F		            inc ABUFPT+3
  1473 0F72 60			L0F72       rts
  1474 0F73 C6 20		L0F73       dec ICHIDZ
  1475 0F75 F0 FC		            beq L0F73
  1476 0F77 60			            rts
  1477 0F78 20 4F 10		L0F78       jsr L104F
  1478 0F7B A5 50		            lda TEMPCHR
  1479 0F7D 29 03		            and #$03
  1480 0F7F D0 12		            bne L0F93
  1481 0F81 A5 F0		            lda L00F0
  1482 0F83 C5 0F		            cmp APPMHI+1
  1483 0F85 B0 0C		            bcs L0F93
  1484 0F87 E6 F0		            inc L00F0
  1485 0F89 A9 05		            lda #$05
  1486 0F8B 20 35 41		            jsr L4135
  1487 0F8E A9 14		            lda #$14
  1488 0F90 8D F4 02		            sta CHBAS
  1489 0F93 A9 05		L0F93       lda #$05
  1490 0F95 85 20		            sta ICHIDZ
  1491 0F97 60			            rts
  1492 0F98 38			L0F98       sec
  1493 0F99 A5 08		            lda WARMST
  1494 0F9B E9 AC		            sbc #$AC
  1495 0F9D 4A			            lsr
  1496 0F9E 4A			            lsr
  1497 0F9F 4A			            lsr
  1498 0FA0 18			            clc
  1499 0FA1 69 F0		            adc #$F0
  1500 0FA3 49 F0		            eor #$F0
  1501 0FA5 18			            clc
  1502 0FA6 65 18		            adc DSKFMS
  1503 0FA8 85 32		            sta BUFRLO
  1504 0FAA 38			            sec
  1505 0FAB A5 06		            lda TRAMSZ
  1506 0FAD E9 AC		            sbc #$AC
  1507 0FAF A8			            tay
  1508 0FB0 A5 07		            lda CMCMD
  1509 0FB2 E9 00		            sbc #$00
  1510 0FB4 30 07		            bmi L0FBD
  1511 0FB6 4A			            lsr
  1512 0FB7 98			            tya
  1513 0FB8 6A			            ror
  1514 0FB9 4A			            lsr
  1515 0FBA 4A			            lsr
  1516 0FBB 10 07		            bpl L0FC4
  1517 0FBD 4A			L0FBD       lsr
  1518 0FBE 98			            tya
  1519 0FBF 6A			            ror
  1520 0FC0 4A			            lsr
  1521 0FC1 4A			            lsr
  1522 0FC2 09 C0		            ora #$C0
  1523 0FC4 18			L0FC4       clc
  1524 0FC5 65 17		            adc ICCOMT
  1525 0FC7 85 31		            sta CHKSUM
  1526 0FC9 A0 00		            ldy #$00
  1527 0FCB B1 31		            lda (CHKSUM),Y
  1528 0FCD 60			            rts
  1529 0FCE A9 00		L0FCE       lda #$00
  1530 0FD0 85 05		            sta RAMLO+1
  1531 0FD2 20 AD 20		            jsr L20AD
  1532 0FD5 A9 07		            lda #$07
  1533 0FD7 85 05		            sta RAMLO+1
  1534 0FD9 A9 F1		            lda #$F1
  1535 0FDB 85 0B		            sta DOSVEC+1
  1536 0FDD 20 F3 20		            jsr L20F3
  1537 0FE0 A9 00		            lda #$00
  1538 0FE2 85 05		            sta RAMLO+1
  1539 0FE4 A9 F7		            lda #$F7
  1540 0FE6 85 0B		            sta DOSVEC+1
  1541 0FE8 85 0A		            sta DOSVEC
  1542 0FEA A9 9D		            lda #$9D
  1543 0FEC 85 0C		            sta DOSINI
  1544 0FEE 20 F3 20		            jsr L20F3
  1545 0FF1 A9 07		            lda #$07
  1546 0FF3 85 F0		            sta L00F0
  1547 0FF5 C5 0F		            cmp APPMHI+1
  1548 0FF7 90 02		            bcc L0FFB
  1549 0FF9 85 0F		            sta APPMHI+1
  1550 0FFB A9 00		L0FFB       lda #$00
  1551 0FFD 85 E0		            sta L00E0
  1552 0FFF 8D 00 01		            sta L0100
  1553 1002 8D 20 02		L1002       sta CDTMV5
  1554 1005 85 0D		            sta DOSINI+1
  1555 1007 85 13		            sta RTCLOK+1
  1556 1009 85 11		            sta BRKKEY
  1557 100B 85 55		            sta COLCRS
  1558 100D 85 56		            sta COLCRS+1
  1559 100F 20 61 21		            jsr L2161
  1560 1012 A9 12		L1012       lda #$12
  1561 1014 8D F4 02		            sta CHBAS
  1562 1017 20 58 07		L1017       jsr L0758
  1563 101A 20 25 12		L101A       jsr L1225
  1564 101D A9 00		            lda #$00
  1565 101F 85 05		L101F       sta RAMLO+1
  1566 1021 20 AD 20		            jsr L20AD
  1567 1024 E6 0C		            inc DOSINI
  1568 1026 A5 0C		            lda DOSINI
  1569 1028 49 A8		            eor #$A8
  1570 102A 85 09		            sta BOOT
  1571 102C 20 F3 20		            jsr L20F3
  1572 102F A5 09		            lda BOOT
  1573 1031 D0 E4		            bne L1017
  1574 1033 A2 A2		            ldx #$A2
  1575 1035 A0 E1		            ldy #$E1
  1576 1037 20 E5 20		            jsr L20E5
  1577 103A AD 44 E6		            lda LE644
  1578 103D 29 7F		            and #$7F
  1579 103F 09 01		            ora #$01
  1580 1041 8D 44 E6		            sta LE644
  1581 1044 20 07 0D		            jsr L0D07
  1582 1047 AD 6E E2		            lda LE26E
  1583 104A 29 7F		            and #$7F
  1584 104C 85 0E		            sta APPMHI
  1585 104E 60			            rts
  1586 104F 24 9D		L104F       bit L009D
  1587 1051 30 08		            bmi L105B
  1588 1053 AD 44 E6		            lda LE644
  1589 1056 29 7F		            and #$7F
  1590 1058 8D 44 E6		            sta LE644
  1591 105B A9 CE		L105B       lda #$CE
  1592 105D 85 9D		            sta L009D
  1593 105F 60			            rts
  1594 1060 AD FF CF		L1060       lda LCFFF
  1595 1063 C9 05		            cmp #$05
  1596 1065 D0 E8		            bne L104F
  1597 1067 A5 5B		            lda OLDCOL
  1598 1069 4A			            lsr
  1599 106A F0 E3		            beq L104F
  1600 106C A5 A1		            lda L00A1
  1601 106E 29 02		            and #$02
  1602 1070 D0 0A		            bne L107C
  1603 1072 A5 E0		            lda L00E0
  1604 1074 C9 11		            cmp #$11
  1605 1076 90 D7		            bcc L104F
  1606 1078 C9 13		            cmp #$13
  1607 107A F0 D3		            beq L104F
  1608 107C A5 27		L107C       lda ICPTHZ
  1609 107E 29 80		            and #$80
  1610 1080 05 25		            ora ICBAHZ
  1611 1082 05 26		            ora ICPTLZ
  1612 1084 D0 C9		            bne L104F
  1613 1086 A5 9D		            lda L009D
  1614 1088 10 09		            bpl L1093
  1615 108A E6 9D		            inc L009D
  1616 108C D0 04		            bne L1092
  1617 108E A9 00		L108E       lda #$00
  1618 1090 85 9E		            sta L009E
  1619 1092 60			L1092       rts
  1620 1093 F0 14		L1093       beq L10A9
  1621 1095 C6 9D		            dec L009D
  1622 1097 29 04		            and #$04
  1623 1099 D0 F7		            bne L1092
  1624 109B AD B8 E1		            lda LE1B8
  1625 109E A2 04		            ldx #$04
  1626 10A0 0A			L10A0       asl
  1627 10A1 2E B8 E1		            rol LE1B8
  1628 10A4 CA			            dex
  1629 10A5 D0 F9		            bne L10A0
  1630 10A7 F0 5D		            beq L1106
  1631 10A9 E6 9E		L10A9       inc L009E
  1632 10AB A6 9E		            ldx L009E
  1633 10AD E0 10		            cpx #$10
  1634 10AF B0 DD		            bcs L108E
  1635 10B1 B4 E0		            ldy L00E0,X
  1636 10B3 C0 17		            cpy #$17
  1637 10B5 B0 F2		            bcs L10A9
  1638 10B7 A9 0F		            lda #$0F
  1639 10B9 85 9D		            sta L009D
  1640 10BB 85 29		            sta ICBLHZ
  1641 10BD B9 26 E2		            lda LE226,Y
  1642 10C0 E9 00		            sbc #$00
  1643 10C2 4A			            lsr
  1644 10C3 A8			            tay
  1645 10C4 B9 E5 CF		            lda LCFE5,Y
  1646 10C7 8D B8 E1		            sta LE1B8
  1647 10CA 38			            sec
  1648 10CB BD C0 01		            lda L01C0,X
  1649 10CE E5 17		            sbc ICCOMT
  1650 10D0 66 29		            ror ICBLHZ
  1651 10D2 30 04		            bmi L10D8
  1652 10D4 49 FF		            eor #$FF
  1653 10D6 69 00		            adc #$00
  1654 10D8 85 31		L10D8       sta CHKSUM
  1655 10DA 4A			            lsr
  1656 10DB A8			            tay
  1657 10DC 38			            sec
  1658 10DD BD D0 01		            lda L01D0,X
  1659 10E0 E5 18		            sbc DSKFMS
  1660 10E2 66 29		            ror ICBLHZ
  1661 10E4 30 04		            bmi L10EA
  1662 10E6 49 FF		            eor #$FF
  1663 10E8 69 00		            adc #$00
  1664 10EA 85 32		L10EA       sta BUFRLO
  1665 10EC 4A			            lsr
  1666 10ED C4 32		            cpy BUFRLO
  1667 10EF 66 29		            ror ICBLHZ
  1668 10F1 C5 31		            cmp CHKSUM
  1669 10F3 A5 29		            lda ICBLHZ
  1670 10F5 6A			            ror
  1671 10F6 4A			            lsr
  1672 10F7 4A			            lsr
  1673 10F8 4A			            lsr
  1674 10F9 AA			            tax
  1675 10FA BD 83 E1		            lda LE183,X
  1676 10FD 8D B3 E1		            sta LE1B3
  1677 1100 BD 84 E1		            lda LE184,X
  1678 1103 8D B5 E1		            sta LE1B5
  1679 1106 A2 B2		L1106       ldx #$B2
  1680 1108 A0 E1		            ldy #$E1
  1681 110A 4C E5 20		            jmp L20E5
  1682 110D A5 3D		L110D       lda BPTR
  1683 110F C9 08		            cmp #$08
  1684 1111 B0 02		            bcs L1115
  1685 1113 E6 3D		            inc BPTR
  1686 1115 A9 10		L1115       lda #$10
  1687 1117 20 00 E0		            jsr LE000
  1688 111A A2 01		            ldx #$01
  1689 111C 86 5C		            stx OLDCOL+1
  1690 111E CA			            dex
  1691 111F 8A			L111F       txa
  1692 1120 4A			            lsr
  1693 1121 4A			            lsr
  1694 1122 4A			            lsr
  1695 1123 4A			            lsr
  1696 1124 A8			            tay
  1697 1125 18			            clc
  1698 1126 B9 44 EA		            lda LEA44,Y
  1699 1129 65 3D		            adc BPTR
  1700 112B C9 14		            cmp #$14
  1701 112D 90 02		            bcc L1131
  1702 112F A9 13		            lda #$13
  1703 1131 85 29		L1131       sta ICBLHZ
  1704 1133 18			            clc
  1705 1134 69 03		            adc #$03
  1706 1136 85 2A		            sta ICAX1Z
  1707 1138 BD 00 C0		            lda LC000,X
  1708 113B 29 1F		            and #$1F
  1709 113D F0 29		            beq L1168
  1710 113F C9 17		            cmp #$17
  1711 1141 F0 25		            beq L1168
  1712 1143 90 0A		            bcc L114F
  1713 1145 AD 1B D4		L1145       lda LD419+2
  1714 1148 29 03		            and #$03
  1715 114A 18			            clc
  1716 114B 65 29		            adc ICBLHZ
  1717 114D 90 0C		            bcc L115B
  1718 114F AD 1B D4		L114F       lda LD419+2
  1719 1152 29 0F		            and #$0F
  1720 1154 4A			L1154       lsr
  1721 1155 F0 0E		            beq L1165
  1722 1157 C5 2A		            cmp ICAX1Z
  1723 1159 B0 F9		            bcs L1154
  1724 115B E6 5C		L115B       inc OLDCOL+1
  1725 115D 5D 00 C0		            eor LC000,X
  1726 1160 29 1F		            and #$1F
  1727 1162 5D 00 C0		            eor LC000,X
  1728 1165 9D 00 C0		L1165       sta LC000,X
  1729 1168 E8			L1168       inx
  1730 1169 D0 B4		            bne L111F
  1731 116B 60			            rts
  1732 116C 20 18 12		L116C       jsr L1218
  1733 116F A2 0F		            ldx #$0F
  1734 1171 A9 FF		L1171       lda #$FF
  1735 1173 95 E0		            sta L00E0,X
  1736 1175 A9 00		            lda #$00
  1737 1177 9D E8 53		            sta L53E8,X
  1738 117A CA			            dex
  1739 117B D0 F4		            bne L1171
  1740 117D 85 7B		            sta SWPFLG
  1741 117F A6 3E		L117F       ldx FTYPE
  1742 1181 BC D0 47		            ldy L47D0,X
  1743 1184 C8			            iny
  1744 1185 84 29		L1185       sty ICBLHZ
  1745 1187 B9 00 C0		            lda LC000,Y
  1746 118A F0 65		            beq L11F1
  1747 118C 4D F2 E8		            eor LE8F2
  1748 118F C9 1F		            cmp #$1F
  1749 1191 B0 5E		            bcs L11F1
  1750 1193 E6 7B		            inc SWPFLG
  1751 1195 AC F8 CF		            ldy LCFF8
  1752 1198 CE F8 CF		            dec LCFF8
  1753 119B BE E9 CF		            ldx LCFE9,Y
  1754 119E 86 2A		            stx ICAX1Z
  1755 11A0 95 E0		            sta L00E0,X
  1756 11A2 A5 29		            lda ICBLHZ
  1757 11A4 9D 00 01		            sta L0100,X
  1758 11A7 A9 40		            lda #$40
  1759 11A9 95 F0		            sta L00F0,X
  1760 11AB 0A			            asl
  1761 11AC 9D 10 01		            sta L0110,X
  1762 11AF 9D B0 47		            sta L47B0,X
  1763 11B2 0A			            asl
  1764 11B3 9D 50 01		            sta L0150,X
  1765 11B6 9D 20 01		            sta L0120,X
  1766 11B9 9D 30 01		            sta L0130,X
  1767 11BC 9D A0 01		            sta L01A0,X
  1768 11BF 2A			            rol
  1769 11C0 9D 40 01		            sta L0140,X
  1770 11C3 A9 0D		            lda #$0D
  1771 11C5 9D B0 01		            sta L01B0,X
  1772 11C8 AD 1B D4		L11C8       lda LD419+2
  1773 11CB 29 1F		            and #$1F
  1774 11CD F0 F9		            beq L11C8
  1775 11CF AA			            tax
  1776 11D0 5E 20 4C		            lsr L4C20,X
  1777 11D3 90 F3		            bcc L11C8
  1778 11D5 20 F9 16		            jsr L16F9
  1779 11D8 A6 2A		            ldx ICAX1Z
  1780 11DA A5 42		            lda CRITIC
  1781 11DC 9D 60 01		            sta L0160,X
  1782 11DF A5 43		            lda FMSZPG
  1783 11E1 9D 70 01		            sta L0170,X
  1784 11E4 A5 44		            lda FMSZPG+1
  1785 11E6 9D 80 01		            sta L0180,X
  1786 11E9 A5 45		            lda FMSZPG+2
  1787 11EB 9D 90 01		            sta L0190,X
  1788 11EE 20 18 15		L11EE       jsr L1518
  1789 11F1 A4 29		L11F1       ldy ICBLHZ
  1790 11F3 C8			            iny
  1791 11F4 98			            tya
  1792 11F5 29 0F		            and #$0F
  1793 11F7 D0 8C		            bne L1185
  1794 11F9 A0 06		            ldy #$06
  1795 11FB 99 20 02		L11FB       sta CDTMV5,Y
  1796 11FE 99 18 02		L11FE       sta CDTMV1,Y
  1797 1201 88			            dey
  1798 1202 D0 F7		            bne L11FB
  1799 1204 20 38 23		L1204       jsr L2338
  1800 1207 60			            rts
  1801 1208 BC 00 01		L1208       ldy L0100,X
  1802 120B B9 00 C0		L120B       lda LC000,Y
  1803 120E F0 07		            beq L1217
  1804 1210 A9 00		L1210       lda #$00
  1805 1212 99 00 C0		            sta LC000,Y
  1806 1215 C6 5C		            dec OLDCOL+1
  1807 1217 60			L1217       rts
  1808 1218 A9 0E		L1218       lda #$0E
  1809 121A A0 0F		L121A       ldy #$0F
  1810 121C 0C			L121C       .byte $0C
  1811 121D 98			L121D       tya
  1812 121E 88			            dey
  1813 121F 99 E9 CF		L121F       sta LCFE9,Y
  1814 1222 D0 F9		            bne L121D
  1815 1224 60			            rts
  1816 1225 A2 01		L1225       ldx #$01
  1817 1227 E4 5B		            cpx OLDCOL
  1818 1229 F0 46		            beq L1271
  1819 122B A9 2C		            lda #$2C
  1820 122D 8D 5C 13		            sta L135C
  1821 1230 86 5B		            stx OLDCOL
  1822 1232 B5 E0		L1232       lda L00E0,X
  1823 1234 30 09		L1234       bmi L123F
  1824 1236 86 2B		            stx ICAX2Z
  1825 1238 20 72 12		            jsr L1272
  1826 123B A6 2B		            ldx ICAX2Z
  1827 123D E6 5B		            inc OLDCOL
  1828 123F E8			L123F       inx
  1829 1240 E0 10		            cpx #$10
  1830 1242 90 EE		            bcc L1232
  1831 1244 A5 5B		            lda OLDCOL
  1832 1246 4A			            lsr
  1833 1247 D0 28		            bne L1271
  1834 1249 20 C1 08		            jsr L08C1
  1835 124C A4 3E		            ldy FTYPE
  1836 124E BF			            .byte $BF
  1837 124F D0 47		            bne L1298
  1838 1251 BD 00 C0		L1251       lda LC000,X
  1839 1254 D0 10		            bne L1266
  1840 1256 E8			            inx
  1841 1257 8A			            txa
  1842 1258 29 0F		            and #$0F
  1843 125A D0 F5		            bne L1251
  1844 125C A9 FA		            lda #$FA
  1845 125E 20 05 41		            jsr L4105
  1846 1261 A9 FA		            lda #$FA
  1847 1263 20 05 41		            jsr L4105
  1848 1266 A9 17		L1266       lda #$17
  1849 1268 8D F4 02		            sta CHBAS
  1850 126B A5 5C		            lda OLDCOL+1
  1851 126D D0 02		            bne L1271
  1852 126F E6 1F		            inc ABUFPT+3
  1853 1271 60			L1271       rts
  1854 1272 29 60		L1272       and #$60
  1855 1274 F0 0F		            beq L1285
  1856 1276 0A			            asl
  1857 1277 10 06		            bpl L127F
  1858 1279 0A			            asl
  1859 127A D0 06		            bne L1282
  1860 127C 4C 4F 14		            jmp L144F
  1861 127F 4C E3 13		L127F       jmp L13E3
  1862 1282 4C E3 13		L1282       jmp L13E3
  1863 1285 BD B0 47		L1285       lda L47B0,X
  1864 1288 BC A0 01		            ldy L01A0,X
  1865 128B D0 02		            bne L128F
  1866 128D 29 7F		            and #$7F
  1867 128F 29 FD		L128F       and #$FD
  1868 1291 4A			            lsr
  1869 1292 69 00		            adc #$00
  1870 1294 0A			            asl
  1871 1295 9D B0 47		            sta L47B0,X
  1872 1298 A9 00		L1298       lda #$00
  1873 129A 85 09		            sta BOOT
  1874 129C 20 97 14		            jsr L1497
  1875 129F A5 42		            lda CRITIC
  1876 12A1 45 44		            eor FMSZPG+1
  1877 12A3 29 1F		            and #$1F
  1878 12A5 D0 06		            bne L12AD
  1879 12A7 A5 42		            lda CRITIC
  1880 12A9 29 1F		            and #$1F
  1881 12AB 49 10		            eor #$10
  1882 12AD 85 9F		L12AD       sta L009F
  1883 12AF 20 30 24		            jsr L2430
  1884 12B2 BD 10 01		            lda L0110,X
  1885 12B5 B0 0E		            bcs L12C5
  1886 12B7 30 09		            bmi L12C2
  1887 12B9 A8			            tay
  1888 12BA A9 FF		            lda #$FF
  1889 12BC 9D 10 01		            sta L0110,X
  1890 12BF 20 47 23		            jsr L2347
  1891 12C2 4C 58 13		L12C2       jmp L1358
  1892 12C5 10 39		L12C5       bpl L1300
  1893 12C7 AC FF CF		            ldy LCFFF
  1894 12CA 10 0C		            bpl L12D8
  1895 12CC 20 AE 29		            jsr L29AE
  1896 12CF 90 06		            bcc L12D7
  1897 12D1 20 08 12		            jsr L1208
  1898 12D4 20 32 18		            jsr L1832
  1899 12D7 60			L12D7       rts
  1900 12D8 CE FF CF		L12D8       dec LCFFF
  1901 12DB B9 F9 CF		            lda LCFF9,Y
  1902 12DE A8			            tay
  1903 12DF 84 05		            sty RAMLO+1
  1904 12E1 9D 10 01		            sta L0110,X
  1905 12E4 09 50		            ora #$50
  1906 12E6 85 0C		            sta DOSINI
  1907 12E8 B5 E0		            lda L00E0,X
  1908 12EA 99 20 02		            sta CDTMV5,Y
  1909 12ED 85 0D		            sta DOSINI+1
  1910 12EF 8A			L12EF       txa
  1911 12F0 99 18 02		            sta CDTMV1,Y
  1912 12F3 A9 00		            lda #$00
  1913 12F5 85 0B		            sta DOSVEC+1
  1914 12F7 85 0A		            sta DOSVEC
  1915 12F9 20 61 21		            jsr L2161
  1916 12FC A6 2B		            ldx ICAX2Z
  1917 12FE 10 05		L12FE       bpl L1305
  1918 1300 85 05		L1300       sta RAMLO+1
  1919 1302 20 AD 20		L1302       jsr L20AD
  1920 1305 A5 48		L1305       lda FMSZPG+5
  1921 1307 85 08		            sta WARMST
  1922 1309 A5 46		            lda FMSZPG+3
  1923 130B 85 06		            sta TRAMSZ
  1924 130D A5 47		            lda FMSZPG+4
  1925 130F 85 07		            sta CMCMD
  1926 1311 20 8C 24		            jsr L248C
  1927 1314 85 09		            sta BOOT
  1928 1316 F0 0B		            beq L1323
  1929 1318 A6 2B		            ldx ICAX2Z
  1930 131A FE B0 47		            inc L47B0,X
  1931 131D 20 3E 15		            jsr L153E
  1932 1320 4C 29 13		            jmp L1329
  1933 1323 A5 A1		L1323       lda L00A1
  1934 1325 29 04		            and #$04
  1935 1327 85 09		            sta BOOT
  1936 1329 A6 2B		L1329       ldx ICAX2Z
  1937 132B BD B0 47		            lda L47B0,X
  1938 132E 29 03		            and #$03
  1939 1330 F0 18		            beq L134A
  1940 1332 C9 03		            cmp #$03
  1941 1334 F0 14		            beq L134A
  1942 1336 B4 E0		            ldy L00E0,X
  1943 1338 4A			            lsr
  1944 1339 B9 86 E2		            lda LE286,Y
  1945 133C B0 05		            bcs L1343
  1946 133E 0A			            asl
  1947 133F 10 09		            bpl L134A
  1948 1341 4A			            lsr
  1949 1342 0C			            .byte $0C
  1950 1343 10 05		L1343       bpl L134A
  1951 1345 29 3F		            and #$3F
  1952 1347 9D 03 03		            sta DSTATS,X
  1953 134A BD B0 47		L134A       lda L47B0,X
  1954 134D 29 03		            and #$03
  1955 134F A8			            tay
  1956 1350 B9 DF 13		            lda L13DF,Y
  1957 1353 85 0B		            sta DOSVEC+1
  1958 1355 20 F3 20		            jsr L20F3
  1959 1358 A5 09		L1358       lda BOOT
  1960 135A D0 03		            bne L135F
  1961 135C 2C CE 13		L135C       bit L13CE
  1962 135F BD A0 01		L135F       lda L01A0,X
  1963 1362 F0 05		            beq L1369
  1964 1364 DE A0 01		            dec L01A0,X
  1965 1367 D0 30		            bne L1399
  1966 1369 BD C0 47		L1369       lda L47C0,X
  1967 136C 29 FC		            and #$FC
  1968 136E 49 10		            eor #$10
  1969 1370 05 9F		            ora L009F
  1970 1372 F0 10		            beq L1384
  1971 1374 BD 03 03		            lda DSTATS,X
  1972 1377 F0 20		            beq L1399
  1973 1379 DE 03 03		            dec DSTATS,X
  1974 137C D0 1B		            bne L1399
  1975 137E 20 23 17		            jsr L1723
  1976 1381 4C 99 13		            jmp L1399
  1977 1384 20 1B 28		L1384       jsr L281B
  1978 1387 B0 10		            bcs L1399
  1979 1389 BD B0 47		            lda L47B0,X
  1980 138C 09 80		            ora #$80
  1981 138E 9D B0 47		            sta L47B0,X
  1982 1391 A9 00		            lda #$00
  1983 1393 9D 03 03		            sta DSTATS,X
  1984 1396 20 51 28		            jsr L2851
  1985 1399 A5 9F		L1399       lda L009F
  1986 139B D0 03		            bne L13A0
  1987 139D 20 B5 16		            jsr L16B5
  1988 13A0 20 5C 16		L13A0       jsr L165C
  1989 13A3 20 80 16		            jsr L1680
  1990 13A6 20 80 16		            jsr L1680
  1991 13A9 A6 2B		            ldx ICAX2Z
  1992 13AB BD 50 01		            lda L0150,X
  1993 13AE F0 03		            beq L13B3
  1994 13B0 DE 50 01		            dec L0150,X
  1995 13B3 A5 50		L13B3       lda TEMPCHR
  1996 13B5 29 03		            and #$03
  1997 13B7 D0 14		            bne L13CD
  1998 13B9 B5 F0		            lda L00F0,X
  1999 13BB B4 E0		            ldy L00E0,X
  2000 13BD C0 17		            cpy #$17
  2001 13BF F0 03		            beq L13C4
  2002 13C1 69 01		            adc #$01
  2003 13C3 80			            .byte $80
  2004 13C4 0A			L13C4       asl
  2005 13C5 C9 40		            cmp #$40
  2006 13C7 90 02		            bcc L13CB
  2007 13C9 A9 40		            lda #$40
  2008 13CB 95 F0		L13CB       sta L00F0,X
  2009 13CD 60			L13CD       rts
  2010 13CE BD A0 01		L13CE       lda L01A0,X
  2011 13D1 D0 FA		            bne L13CD
  2012 13D3 AD 1B D4		            lda LD419+2
  2013 13D6 29 03		            and #$03
  2014 13D8 69 02		            adc #$02
  2015 13DA 9D A0 01		            sta L01A0,X
  2016 13DD 90 EE		            bcc L13CD
  2017 13DF 0B 07 0F 00		L13DF       .byte $0B,$07,$0F,$00
  2018 13E3 BD 10 01		L13E3       lda L0110,X
  2019 13E6 30 64		            bmi L144C
  2020 13E8 85 05		            sta RAMLO+1
  2021 13EA 20 97 14		            jsr L1497
  2022 13ED 20 30 24		            jsr L2430
  2023 13F0 90 5A		            bcc L144C
  2024 13F2 20 AD 20		            jsr L20AD
  2025 13F5 A6 2B		            ldx ICAX2Z
  2026 13F7 A5 48		            lda FMSZPG+5
  2027 13F9 85 08		            sta WARMST
  2028 13FB A5 46		            lda FMSZPG+3
  2029 13FD 85 06		            sta TRAMSZ
  2030 13FF A5 47		            lda FMSZPG+4
  2031 1401 85 07		            sta CMCMD
  2032 1403 B5 E0		            lda L00E0,X
  2033 1405 C9 20		            cmp #$20
  2034 1407 F0 15		            beq L141E
  2035 1409 D6 E0		L1409       dec L00E0,X
  2036 140B 49 21		L140B       eor #$21
  2037 140D F0 06		            beq L1415
  2038 140F A9 00		            lda #$00
  2039 1411 85 09		            sta BOOT
  2040 1413 F0 1A		            beq L142F
  2041 1415 85 0A		L1415       sta DOSVEC
  2042 1417 BD 40 01		            lda L0140,X
  2043 141A 85 0C		            sta DOSINI
  2044 141C 85 09		            sta BOOT
  2045 141E AD 1B D4		L141E       lda LD419+2
  2046 1421 29 03		            and #$03
  2047 1423 A8			            tay
  2048 1424 B9 D9 CF		            lda LCFD9,Y
  2049 1427 85 0B		            sta DOSVEC+1
  2050 1429 A5 0C		            lda DOSINI
  2051 142B 49 01		            eor #$01
  2052 142D 85 0C		            sta DOSINI
  2053 142F BD C0 47		L142F       lda L47C0,X
  2054 1432 10 10		            bpl L1444
  2055 1434 A9 40		            lda #$40
  2056 1436 95 E0		            sta L00E0,X
  2057 1438 A9 01		            lda #$01
  2058 143A 85 0B		            sta DOSVEC+1
  2059 143C 4A			            lsr
  2060 143D 9D 40 01		            sta L0140,X
  2061 1440 A9 96		            lda #$96
  2062 1442 85 0C		            sta DOSINI
  2063 1444 4C F3 20		L1444       jmp L20F3
  2064 1447 A9 00		L1447       lda #$00
  2065 1449 9D E8 53		            sta L53E8,X
  2066 144C 4C 32 18		L144C       jmp L1832
  2067 144F BD 10 01		L144F       lda L0110,X
  2068 1452 30 F3		            bmi L1447
  2069 1454 85 05		            sta RAMLO+1
  2070 1456 20 AD 20		            jsr L20AD
  2071 1459 A5 0C		            lda DOSINI
  2072 145B C9 9C		            cmp #$9C
  2073 145D F0 E8		            beq L1447
  2074 145F C9 A7		            cmp #$A7
  2075 1461 F0 E4		            beq L1447
  2076 1463 E6 0C		            inc DOSINI
  2077 1465 20 97 14		            jsr L1497
  2078 1468 20 30 24		            jsr L2430
  2079 146B 90 DA		            bcc L1447
  2080 146D A5 48		            lda FMSZPG+5
  2081 146F 85 08		            sta WARMST
  2082 1471 A5 46		            lda FMSZPG+3
  2083 1473 85 06		            sta TRAMSZ
  2084 1475 A5 47		            lda FMSZPG+4
  2085 1477 85 07		            sta CMCMD
  2086 1479 20 F3 20		            jsr L20F3
  2087 147C BD 20 01		            lda L0120,X
  2088 147F C9 80		            cmp #$80
  2089 1481 6A			            ror
  2090 1482 10 02		            bpl L1486
  2091 1484 69 00		            adc #$00
  2092 1486 9D 20 01		L1486       sta L0120,X
  2093 1489 BD 30 01		            lda L0130,X
  2094 148C C9 80		            cmp #$80
  2095 148E 6A			            ror
  2096 148F 10 02		            bpl L1493
  2097 1491 69 00		            adc #$00
  2098 1493 9D 30 01		L1493       sta L0130,X
  2099 1496 60			            rts
  2100 1497 BC A0 01		L1497       ldy L01A0,X
  2101 149A D0 56		            bne L14F2
  2102 149C 18			            clc
  2103 149D BD 20 01		            lda L0120,X
  2104 14A0 10 01		            bpl L14A3
  2105 14A2 88			            dey
  2106 14A3 7D 60 01		L14A3       adc L0160,X
  2107 14A6 9D 60 01		            sta L0160,X
  2108 14A9 85 42		            sta CRITIC
  2109 14AB 98			            tya
  2110 14AC 7D 70 01		            adc L0170,X
  2111 14AF 9D 70 01		            sta L0170,X
  2112 14B2 85 43		            sta FMSZPG
  2113 14B4 A8			            tay
  2114 14B5 A5 42		            lda CRITIC
  2115 14B7 4A			            lsr
  2116 14B8 4A			            lsr
  2117 14B9 4A			            lsr
  2118 14BA 19 1E E2		            ora LE21E,Y
  2119 14BD 9D C0 01		            sta L01C0,X
  2120 14C0 85 79		            sta KEYDEF
  2121 14C2 A0 00		            ldy #$00
  2122 14C4 18			            clc
  2123 14C5 BD 30 01		            lda L0130,X
  2124 14C8 10 01		            bpl L14CB
  2125 14CA 88			            dey
  2126 14CB 7D 80 01		L14CB       adc L0180,X
  2127 14CE 9D 80 01		            sta L0180,X
  2128 14D1 85 44		            sta FMSZPG+1
  2129 14D3 98			            tya
  2130 14D4 7D 90 01		            adc L0190,X
  2131 14D7 9D 90 01		            sta L0190,X
  2132 14DA 85 45		            sta FMSZPG+2
  2133 14DC A8			            tay
  2134 14DD A5 44		            lda FMSZPG+1
  2135 14DF 4A			            lsr
  2136 14E0 4A			            lsr
  2137 14E1 4A			            lsr
  2138 14E2 19 22 E2		            ora LE222,Y
  2139 14E5 9D D0 01		            sta L01D0,X
  2140 14E8 85 7A		            sta KEYDEF+1
  2141 14EA A0 00		            ldy #$00
  2142 14EC B1 79		            lda (KEYDEF),Y
  2143 14EE 9D C0 47		            sta L47C0,X
  2144 14F1 60			            rts
  2145 14F2 BD 60 01		L14F2       lda L0160,X
  2146 14F5 85 42		            sta CRITIC
  2147 14F7 BD 70 01		            lda L0170,X
  2148 14FA 85 43		            sta FMSZPG
  2149 14FC BD 80 01		            lda L0180,X
  2150 14FF 85 44		            sta FMSZPG+1
  2151 1501 BD 90 01		            lda L0190,X
  2152 1504 85 45		L1504       sta FMSZPG+2
  2153 1506 BD C0 01		            lda L01C0,X
  2154 1509 85 79		            sta KEYDEF
  2155 150B BD D0 01		L150B       lda L01D0,X
  2156 150E 85 7A		            sta KEYDEF+1
  2157 1510 A0 00		            ldy #$00
  2158 1512 B1 79		            lda (KEYDEF),Y
  2159 1514 9D C0 47		L1514       sta L47C0,X
  2160 1517 60			            rts
  2161 1518 A4 43		L1518       ldy FMSZPG
  2162 151A A5 42		            lda CRITIC
  2163 151C 4A			            lsr
  2164 151D 4A			L151D       lsr
  2165 151E 4A			            lsr
  2166 151F 19 1E E2		            ora LE21E,Y
  2167 1522 9D C0 01		            sta L01C0,X
  2168 1525 85 79		            sta KEYDEF
  2169 1527 A4 45		            ldy FMSZPG+2
  2170 1529 A5 44		            lda FMSZPG+1
  2171 152B 4A			            lsr
  2172 152C 4A			            lsr
  2173 152D 4A			            lsr
  2174 152E 19 22 E2		L152E       ora LE222,Y
  2175 1531 9D D0 01		            sta L01D0,X
  2176 1534 85 7A		            sta KEYDEF+1
  2177 1536 A0 00		            ldy #$00
  2178 1538 B1 79		            lda (KEYDEF),Y
  2179 153A 9D C0 47		L153A       sta L47C0,X
  2180 153D 60			            rts
  2181 153E B4 E0		L153E       ldy L00E0,X
  2182 1540 B9 6E E2		            lda LE26E,Y
  2183 1543 29 7F		            and #$7F
  2184 1545 F0 51		            beq L1598
  2185 1547 BC 50 01		            ldy L0150,X
  2186 154A D0 4C		            bne L1598
  2187 154C C9 03		            cmp #$03
  2188 154E F0 49		            beq L1599
  2189 1550 AC FF CF		            ldy LCFFF
  2190 1553 30 43		            bmi L1598
  2191 1555 85 29		            sta ICBLHZ
  2192 1557 AE F8 CF		            ldx LCFF8
  2193 155A 30 3C		            bmi L1598
  2194 155C AD 1B D4		            lda LD419+2
  2195 155F 29 3F		            and #$3F
  2196 1561 C5 24		            cmp ICBALZ
  2197 1563 B0 33		            bcs L1598
  2198 1565 A5 05		            lda RAMLO+1
  2199 1567 48			            pha
  2200 1568 CE FF CF		            dec LCFFF
  2201 156B B9 F9 CF		            lda LCFF9,Y
  2202 156E 85 05		            sta RAMLO+1
  2203 1570 CE F8 CF		            dec LCFF8
  2204 1573 BD E9 CF		            lda LCFE9,X
  2205 1576 AA			            tax
  2206 1577 20 C8 15		            jsr L15C8
  2207 157A A9 00		            lda #$00
  2208 157C 9D A0 01		            sta L01A0,X
  2209 157F 9D E8 53		            sta L53E8,X
  2210 1582 A9 25		            lda #$25
  2211 1584 95 E0		            sta L00E0,X
  2212 1586 95 F0		            sta L00F0,X
  2213 1588 A4 05		            ldy RAMLO+1
  2214 158A 99 20 02		            sta CDTMV5,Y
  2215 158D 8A			            txa
  2216 158E 99 18 02		            sta CDTMV1,Y
  2217 1591 98			            tya
  2218 1592 9D 10 01		            sta L0110,X
  2219 1595 68			            pla
  2220 1596 85 05		            sta RAMLO+1
  2221 1598 60			L1598       rts
  2222 1599 BC 10 01		L1599       ldy L0110,X
  2223 159C B9 8C 02		            lda JVECK,Y
  2224 159F 29 7E		            and #$7E
  2225 15A1 05 92		            ora L0092
  2226 15A3 D0 22		            bne L15C7
  2227 15A5 AD 8D 02		            lda L028D
  2228 15A8 0D 8E 02		            ora NEWADR
  2229 15AB 0D 8F 02		            ora L028F
  2230 15AE 0D 90 02		            ora TXTROW
  2231 15B1 0D 91 02		            ora TXTCOL
  2232 15B4 0D 92 02		            ora TXTCOL+1
  2233 15B7 39 93 CF		            and LCF93,Y
  2234 15BA D0 0B		            bne L15C7
  2235 15BC AD 1B D4		            lda LD419+2
  2236 15BF C5 24		            cmp ICBALZ
  2237 15C1 B0 04		            bcs L15C7
  2238 15C3 A9 04		            lda #$04
  2239 15C5 85 92		            sta L0092
  2240 15C7 60			L15C7       rts
  2241 15C8 A5 61		L15C8       lda FKDEF+1
  2242 15CA 4A			            lsr
  2243 15CB 4A			            lsr
  2244 15CC 4A			            lsr
  2245 15CD 4A			            lsr
  2246 15CE 4A			            lsr
  2247 15CF 05 62		            ora PALNTS
  2248 15D1 85 31		            sta CHKSUM
  2249 15D3 18			            clc
  2250 15D4 49 FF		            eor #$FF
  2251 15D6 69 01		            adc #$01
  2252 15D8 30 02		            bmi L15DC
  2253 15DA 85 31		            sta CHKSUM
  2254 15DC 9D 20 01		L15DC       sta L0120,X
  2255 15DF A5 63		            lda LOGCOL
  2256 15E1 4A			            lsr
  2257 15E2 4A			            lsr
  2258 15E3 4A			            lsr
  2259 15E4 4A			            lsr
  2260 15E5 4A			            lsr
  2261 15E6 05 64		            ora ADRESS
  2262 15E8 85 32		            sta BUFRLO
  2263 15EA 18			            clc
  2264 15EB 49 FF		            eor #$FF
  2265 15ED 69 01		            adc #$01
  2266 15EF 30 02		            bmi L15F3
  2267 15F1 85 32		            sta BUFRLO
  2268 15F3 9D 30 01		L15F3       sta L0130,X
  2269 15F6 A4 2B		            ldy ICAX2Z
  2270 15F8 B9 70 01		            lda L0170,Y
  2271 15FB 9D 70 01		            sta L0170,X
  2272 15FE B9 90 01		            lda L0190,Y
  2273 1601 9D 90 01		L1601       sta L0190,X
  2274 1604 B9 60 01		            lda L0160,Y
  2275 1607 9D 60 01		            sta L0160,X
  2276 160A B9 80 01		            lda L0180,Y
  2277 160D 9D 80 01		            sta L0180,X
  2278 1610 38			            sec
  2279 1611 A9 1A		            lda #$1A
  2280 1613 F9 E0 00		            sbc L00E0,Y
  2281 1616 99 50 01		            sta L0150,Y
  2282 1619 AD 1B D4		            lda LD419+2
  2283 161C 29 03		            and #$03
  2284 161E 18			            clc
  2285 161F 69 02		            adc #$02
  2286 1621 99 A0 01		            sta L01A0,Y
  2287 1624 A5 29		            lda ICBLHZ
  2288 1626 A8			            tay
  2289 1627 C8			            iny
  2290 1628 8C FB 02		            sty ATACHR
  2291 162B 0A			            asl
  2292 162C 0A			            asl
  2293 162D A8			            tay
  2294 162E 38			            sec
  2295 162F A5 31		            lda CHKSUM
  2296 1631 E5 32		            sbc BUFRLO
  2297 1633 90 0D		            bcc L1642
  2298 1635 C5 32		            cmp BUFRLO
  2299 1637 B0 16		            bcs L164F
  2300 1639 C8			            iny
  2301 163A A5 62		            lda PALNTS
  2302 163C 45 64		            eor ADRESS
  2303 163E 30 0D		            bmi L164D
  2304 1640 10 0D		            bpl L164F
  2305 1642 C8			L1642       iny
  2306 1643 65 31		            adc CHKSUM
  2307 1645 90 07		            bcc L164E
  2308 1647 A5 62		            lda PALNTS
  2309 1649 45 64		            eor ADRESS
  2310 164B 10 02		            bpl L164F
  2311 164D C8			L164D       iny
  2312 164E C8			L164E       iny
  2313 164F 98			L164F       tya
  2314 1650 0A			            asl
  2315 1651 69 A8		            adc #$A8
  2316 1653 9D 40 01		            sta L0140,X
  2317 1656 C8			            iny
  2318 1657 98			            tya
  2319 1658 9D B0 01		            sta L01B0,X
  2320 165B 60			            rts
  2321 165C A0 C6		L165C       ldy #$C6
  2322 165E BD 20 01		            lda L0120,X
  2323 1661 30 07		            bmi L166A
  2324 1663 D0 03		            bne L1668
  2325 1665 A0 24		            ldy #$24
  2326 1667 0C			            .byte $0C
  2327 1668 A0 E6		L1668       ldy #$E6
  2328 166A 8C 80 16		L166A       sty L1680
  2329 166D A0 C6		            ldy #$C6
  2330 166F BD 30 01		            lda L0130,X
  2331 1672 30 07		            bmi L167B
  2332 1674 D0 03		            bne L1679
  2333 1676 A0 24		            ldy #$24
  2334 1678 0C			            .byte $0C
  2335 1679 A0 E6		L1679       ldy #$E6
  2336 167B 8C 82 16		L167B       sty L1682
  2337 167E D0 04		            bne L1684
  2338 1680 24 79		L1680       bit KEYDEF
  2339 1682 24 7A		L1682       bit KEYDEF+1
  2340 1684 A0 00		L1684       ldy #$00
  2341 1686 B1 79		            lda (KEYDEF),Y
  2342 1688 30 09		            bmi L1693
  2343 168A C9 2D		            cmp #$2D
  2344 168C F0 11		            beq L169F
  2345 168E C9 2E		            cmp #$2E
  2346 1690 F0 07		            beq L1699
  2347 1692 60			            rts
  2348 1693 A9 02		L1693       lda #$02
  2349 1695 9D A0 01		            sta L01A0,X
  2350 1698 60			            rts
  2351 1699 20 68 26		L1699       jsr L2668
  2352 169C A6 2B		            ldx ICAX2Z
  2353 169E 60			            rts
  2354 169F A5 E0		L169F       lda L00E0
  2355 16A1 48			            pha
  2356 16A2 B5 E0		            lda L00E0,X
  2357 16A4 85 E0		            sta L00E0
  2358 16A6 20 FB 25		            jsr L25FB
  2359 16A9 68			            pla
  2360 16AA 85 E0		            sta L00E0
  2361 16AC A6 2B		            ldx ICAX2Z
  2362 16AE 90 E9		            bcc L1699
  2363 16B0 20 17 18		            jsr L1817
  2364 16B3 38			            sec
  2365 16B4 60			            rts
  2366 16B5 BD C0 47		L16B5       lda L47C0,X
  2367 16B8 C9 14		            cmp #$14
  2368 16BA F0 04		            beq L16C0
  2369 16BC C9 11		            cmp #$11
  2370 16BE D0 38		            bne L16F8
  2371 16C0 A5 50		L16C0       lda TEMPCHR
  2372 16C2 4A			            lsr
  2373 16C3 B0 09		            bcs L16CE
  2374 16C5 A5 79		            lda KEYDEF
  2375 16C7 A4 7A		            ldy KEYDEF+1
  2376 16C9 20 2C 40		            jsr L402C
  2377 16CC A6 2B		            ldx ICAX2Z
  2378 16CE B5 F0		L16CE       lda L00F0,X
  2379 16D0 C9 40		            cmp #$40
  2380 16D2 B0 24		            bcs L16F8
  2381 16D4 A5 50		            lda TEMPCHR
  2382 16D6 29 03		            and #$03
  2383 16D8 D0 19		            bne L16F3
  2384 16DA F6 F0		            inc L00F0,X
  2385 16DC BC 10 01		            ldy L0110,X
  2386 16DF 30 12		            bmi L16F3
  2387 16E1 B9 93 CF		            lda LCF93,Y
  2388 16E4 2D 44 E6		            and LE644
  2389 16E7 F0 0A		            beq L16F3
  2390 16E9 AD F4 02		            lda CHBAS
  2391 16EC D0 05		            bne L16F3
  2392 16EE A9 14		            lda #$14
  2393 16F0 8D F4 02		            sta CHBAS
  2394 16F3 A9 02		L16F3       lda #$02
  2395 16F5 9D A0 01		            sta L01A0,X
  2396 16F8 60			L16F8       rts
  2397 16F9 BD 94 02		L16F9       lda TXTMSC,X
  2398 16FC 0A			            asl
  2399 16FD 2A			            rol
  2400 16FE 2A			            rol
  2401 16FF 2A			            rol
  2402 1700 A8			            tay
  2403 1701 29 07		            and #$07
  2404 1703 85 43		            sta FMSZPG
  2405 1705 98			            tya
  2406 1706 29 F0		            and #$F0
  2407 1708 6A			            ror
  2408 1709 85 42		L1709       sta CRITIC
  2409 170B BD B4 02		            lda LOGMAP+2,X
  2410 170E 5D 94 02		L170E       eor TXTMSC,X
  2411 1711 C9 28		L1711       cmp #$28
  2412 1713 29 07		            and #$07
  2413 1715 A8			            tay
  2414 1716 B9 1E E2		L1716       lda LE21E,Y
  2415 1719 09 10		            ora #$10
  2416 171B 85 44		L171B       sta FMSZPG+1
  2417 171D A9 00		            lda #$00
  2418 171F 2A			            rol
  2419 1720 85 45		            sta FMSZPG+2
  2420 1722 60			L1722       rts
  2421 1723 B4 E0		L1723       ldy L00E0,X
  2422 1725 BD 20 01		            lda L0120,X
  2423 1728 F0 09		            beq L1733
  2424 172A A5 62		L172A       lda PALNTS
  2425 172C 29 80		            and #$80
  2426 172E 59 86 E2		            eor LE286,Y
  2427 1731 10 EF		            bpl L1722
  2428 1733 BD 30 01		L1733       lda L0130,X
  2429 1736 F0 09		            beq L1741
  2430 1738 A5 64		            lda ADRESS
  2431 173A 29 80		L173A       and #$80
  2432 173C 59 86 E2		            eor LE286,Y
  2433 173F 10 E1		            bpl L1722
  2434 1741 AD 1B D4		L1741       lda LD419+2
  2435 1744 30 DC		            bmi L1722
  2436 1746 B9 86 E2		            lda LE286,Y
  2437 1749 29 3F		            and #$3F
  2438 174B 9D A0 01		            sta L01A0,X
  2439 174E 20 01 2A		            jsr L2A01
  2440 1751 F0 CF		            beq L1722
  2441 1753 4C 17 18		            jmp L1817
  2442 1756 AD 15 D0		L1756       lda COLPM3
  2443 1759 85 6B		            sta BUFCNT
  2444 175B 20 51 18		            jsr L1851
  2445 175E 20 CA 19		            jsr L19CA
  2446 1761 20 87 1C		            jsr L1C87
  2447 1764 20 7C 1A		            jsr L1A7C
  2448 1767 60			            rts
  2449 1768 20 80 41		L1768       jsr L4180
  2450 176B A6 2A		            ldx ICAX1Z
  2451 176D 24 A1		            bit L00A1
  2452 176F 70 0F		            bvs L1780
  2453 1771 A5 0E		            lda APPMHI
  2454 1773 0A			            asl
  2455 1774 69 88		            adc #$88
  2456 1776 0A			            asl
  2457 1777 F5 E0		            sbc L00E0,X
  2458 1779 30 18		            bmi L1793
  2459 177B 0A			            asl
  2460 177C 69 88		            adc #$88
  2461 177E 0A			            asl
  2462 177F 0C			            .byte $0C
  2463 1780 A9 40		L1780       lda #$40
  2464 1782 85 7B		            sta SWPFLG
  2465 1784 B5 F0		            lda L00F0,X
  2466 1786 E5 7B		            sbc SWPFLG
  2467 1788 30 35		            bmi L17BF
  2468 178A F0 33		            beq L17BF
  2469 178C 95 F0		            sta L00F0,X
  2470 178E A9 11		            lda #$11
  2471 1790 8D FB 02		            sta ATACHR
  2472 1793 60			L1793       rts
  2473 1794 B9 40 01		L1794       lda L0140,Y
  2474 1797 4B			            .byte $4B
  2475 1798 08			            php
  2476 1799 49 04		            eor #$04
  2477 179B 69 24		            adc #$24
  2478 179D 75 E0		            adc L00E0,X
  2479 179F 0A			            asl
  2480 17A0 0A			            asl
  2481 17A1 75 F0		            adc L00F0,X
  2482 17A3 30 2A		            bmi L17CF
  2483 17A5 F0 28		            beq L17CF
  2484 17A7 95 F0		            sta L00F0,X
  2485 17A9 60			            rts
  2486 17AA B9 40 01		L17AA       lda L0140,Y
  2487 17AD F0 0F		            beq L17BE
  2488 17AF A6 2A		L17AF       ldx ICAX1Z
  2489 17B1 B5 E0		            lda L00E0,X
  2490 17B3 4A			            lsr
  2491 17B4 75 F0		            adc L00F0,X
  2492 17B6 E9 1F		            sbc #$1F
  2493 17B8 30 15		            bmi L17CF
  2494 17BA F0 13		            beq L17CF
  2495 17BC 95 F0		            sta L00F0,X
  2496 17BE 60			L17BE       rts
  2497 17BF B4 E0		L17BF       ldy L00E0,X
  2498 17C1 BE 26 E2		            ldx LE226,Y
  2499 17C4 BD CA E2		            lda LE2CA,X
  2500 17C7 20 05 41		            jsr L4105
  2501 17CA 20 7A 41		            jsr L417A
  2502 17CD A6 2A		            ldx ICAX1Z
  2503 17CF 18			L17CF       clc
  2504 17D0 B5 E0		            lda L00E0,X
  2505 17D2 65 22		            adc ICCOMZ
  2506 17D4 90 02		            bcc L17D8
  2507 17D6 A9 FF		            lda #$FF
  2508 17D8 85 22		L17D8       sta ICCOMZ
  2509 17DA A9 12		            lda #$12
  2510 17DC 8D FB 02		            sta ATACHR
  2511 17DF 0C			            .byte $0C
  2512 17E0 A6 2A		L17E0       ldx ICAX1Z
  2513 17E2 B5 E0		            lda L00E0,X
  2514 17E4 C9 20		            cmp #$20
  2515 17E6 B0 03		            bcs L17EB
  2516 17E8 20 08 12		            jsr L1208
  2517 17EB A9 00		L17EB       lda #$00
  2518 17ED A4 05		            ldy RAMLO+1
  2519 17EF 9D B0 01		            sta L01B0,X
  2520 17F2 A9 40		            lda #$40
  2521 17F4 95 E0		            sta L00E0,X
  2522 17F6 9D 40 01		L17F6       sta L0140,X
  2523 17F9 95 F0		            sta L00F0,X
  2524 17FB 99 20 02		            sta CDTMV5,Y
  2525 17FE A9 9D		L17FE       lda #$9D
  2526 1800 99 28 02		            sta CDTMA2,Y
  2527 1803 A9 F7		L1803       lda #$F7
  2528 1805 99 56 E6		            sta LE656,Y
  2529 1808 B9 93 CF		            lda LCF93,Y
  2530 180B 0D 4B E6		L180B       ora LE64B
  2531 180E 8D 4B E6		L180E       sta LE64B
  2532 1811 60			            rts
  2533 1812 BD B0 47		L1812       lda L47B0,X
  2534 1815 30 13		            bmi L182A
  2535 1817 38			L1817       sec
  2536 1818 A9 00		L1818       lda #$00
  2537 181A FD 20 01		L181A       sbc L0120,X
  2538 181D 9D 20 01		            sta L0120,X
  2539 1820 38			            sec
  2540 1821 A9 00		            lda #$00
  2541 1823 FD 30 01		            sbc L0130,X
  2542 1826 9D 30 01		            sta L0130,X
  2543 1829 60			            rts
  2544 182A A9 04		L182A       lda #$04
  2545 182C 9D A0 01		            sta L01A0,X
  2546 182F 60			            rts
  2547 1830 A6 2A		L1830       ldx ICAX1Z
  2548 1832 A9 00		L1832       lda #$00
  2549 1834 95 F0		            sta L00F0,X
  2550 1836 A9 FF		            lda #$FF
  2551 1838 95 E0		            sta L00E0,X
  2552 183A BC 10 01		            ldy L0110,X
  2553 183D 30 06		            bmi L1845
  2554 183F 9D 10 01		            sta L0110,X
  2555 1842 20 47 23		            jsr L2347
  2556 1845 8A			L1845       txa
  2557 1846 AE F8 CF		            ldx LCFF8
  2558 1849 E8			            inx
  2559 184A 8E F8 CF		            stx LCFF8
  2560 184D 9D E9 CF		            sta LCFE9,X
  2561 1850 60			            rts
  2562 1851 A5 6B		L1851       lda BUFCNT
  2563 1853 29 7E		L1853       and #$7E
  2564 1855 D0 04		            bne L185B
  2565 1857 8D 8C 02		            sta JVECK
  2566 185A 60			            rts
  2567 185B A0 00		L185B       ldy #$00
  2568 185D 84 2F		            sty ICAX6Z
  2569 185F A0 7F		            ldy #$7F
  2570 1861 84 1A		            sty DSKUTL
  2571 1863 A0 07		            ldy #$07
  2572 1865 0A			            asl
  2573 1866 88			L1866       dey
  2574 1867 0A			            asl
  2575 1868 90 FC		            bcc L1866
  2576 186A 48			            pha
  2577 186B 84 05		            sty RAMLO+1
  2578 186D BF			            .byte $BF
  2579 186E 18			            clc
  2580 186F 02			            .byte $02
  2581 1870 30 3C		            bmi L18AE
  2582 1872 86 2A		            stx ICAX1Z
  2583 1874 B9 84 02		            lda STRIG0,Y
  2584 1877 D0 35		            bne L18AE
  2585 1879 B9 7C 02		            lda PTRIG0,Y
  2586 187C 69 3B		            adc #$3B
  2587 187E 69 2F		            adc #$2F
  2588 1880 90 68		            bcc L18EA
  2589 1882 E9 17		            sbc #$17
  2590 1884 85 C2		            sta L00C2
  2591 1886 B0 04		            bcs L188C
  2592 1888 49 FF		            eor #$FF
  2593 188A 69 01		            adc #$01
  2594 188C 85 C4		L188C       sta L00C4
  2595 188E 18			            clc
  2596 188F B9 74 02		            lda PADDL4,Y
  2597 1892 69 3F		            adc #$3F
  2598 1894 69 29		            adc #$29
  2599 1896 90 52		            bcc L18EA
  2600 1898 E9 14		            sbc #$14
  2601 189A 85 C3		            sta L00C3
  2602 189C B0 04		            bcs L18A2
  2603 189E 49 FF		            eor #$FF
  2604 18A0 69 01		            adc #$01
  2605 18A2 85 C5		L18A2       sta L00C5
  2606 18A4 B5 E0		L18A4       lda L00E0,X
  2607 18A6 29 60		            and #$60
  2608 18A8 F0 25		            beq L18CF
  2609 18AA C9 40		            cmp #$40
  2610 18AC 90 4A		            bcc L18F8
  2611 18AE D0 3A		L18AE       bne L18EA
  2612 18B0 A6 C5		            ldx L00C5
  2613 18B2 A5 C4		            lda L00C4
  2614 18B4 DD 74 E6		            cmp LE674,X
  2615 18B7 B0 31		            bcs L18EA
  2616 18B9 24 A1		            bit L00A1
  2617 18BB 30 0B		            bmi L18C8
  2618 18BD 38			            sec
  2619 18BE A5 F0		            lda L00F0
  2620 18C0 E5 3D		            sbc BPTR
  2621 18C2 B0 02		            bcs L18C6
  2622 18C4 A9 00		            lda #$00
  2623 18C6 85 F0		L18C6       sta L00F0
  2624 18C8 A9 99		L18C8       lda #$99
  2625 18CA 8D F4 02		            sta CHBAS
  2626 18CD D0 1B		            bne L18EA
  2627 18CF A6 C5		L18CF       ldx L00C5
  2628 18D1 A5 C4		            lda L00C4
  2629 18D3 DD 5F E6		            cmp LE65F,X
  2630 18D6 B0 12		            bcs L18EA
  2631 18D8 B9 93 CF		            lda LCF93,Y
  2632 18DB 05 2F		            ora ICAX6Z
  2633 18DD 85 2F		            sta ICAX6Z
  2634 18DF B9 93 CF		L18DF       lda LCF93,Y
  2635 18E2 2D 8C 02		            and JVECK
  2636 18E5 D0 03		            bne L18EA
  2637 18E7 20 2E 19		            jsr L192E
  2638 18EA 68			L18EA       pla
  2639 18EB F0 05		            beq L18F2
  2640 18ED A4 05		L18ED       ldy RAMLO+1
  2641 18EF 4C 66 18		            jmp L1866
  2642 18F2 A5 2F		L18F2       lda ICAX6Z
  2643 18F4 8D 8C 02		            sta JVECK
  2644 18F7 60			            rts
  2645 18F8 8E 0B 19		L18F8       stx L190A+1
  2646 18FB BD B0 01		L18FB       lda L01B0,X
  2647 18FE AA			            tax
  2648 18FF A0 0D		L18FF       ldy #$0D
  2649 1901 20 FD 1B		            jsr L1BFD
  2650 1904 30 E4		            bmi L18EA
  2651 1906 24 A1		            bit L00A1
  2652 1908 30 17		            bmi L1921
  2653 190A A2 00		L190A       ldx #$00
  2654 190C BD 40 01		            lda L0140,X
  2655 190F C9 B8		            cmp #$B8
  2656 1911 AD 00 01		            lda L0100
  2657 1914 2A			            rol
  2658 1915 AA			            tax
  2659 1916 A5 F0		            lda L00F0
  2660 1918 FD A9 E8		L1918       sbc LE8A9,X
  2661 191B B0 02		            bcs L191F
  2662 191D A9 00		            lda #$00
  2663 191F 85 F0		L191F       sta L00F0
  2664 1921 20 30 18		L1921       jsr L1830
  2665 1924 A9 19		            lda #$19
  2666 1926 8D F4 02		            sta CHBAS
  2667 1929 D0 BF		            bne L18EA
  2668 192B 86 21		L192B       stx ICDNOZ
  2669 192D 60			            rts
  2670 192E A6 2A		L192E       ldx ICAX1Z
  2671 1930 A4 16		L1930       ldy BUFADR+1
  2672 1932 F0 F7		            beq L192B
  2673 1934 A9 1A		            lda #$1A
  2674 1936 8D F4 02		            sta CHBAS
  2675 1939 AD 1B D4		            lda LD419+2
  2676 193C 29 07		            and #$07
  2677 193E 09 08		            ora #$08
  2678 1940 9D A0 01		            sta L01A0,X
  2679 1943 20 12 18		            jsr L1812
  2680 1946 06 1A		            asl DSKUTL
  2681 1948 B0 32		            bcs L197C
  2682 194A A5 13		            lda RTCLOK+1
  2683 194C F0 07		            beq L1955
  2684 194E 49 FF		            eor #$FF
  2685 1950 69 01		            adc #$01
  2686 1952 0A			            asl
  2687 1953 D0 0C		            bne L1961
  2688 1955 BD 30 01		L1955       lda L0130,X
  2689 1958 F0 09		            beq L1963
  2690 195A 30 03		            bmi L195F
  2691 195C A9 02		            lda #$02
  2692 195E 0C			            .byte $0C
  2693 195F A9 FE		L195F       lda #$FE
  2694 1961 85 13		L1961       sta RTCLOK+1
  2695 1963 A5 11		L1963       lda BRKKEY
  2696 1965 F0 07		            beq L196E
  2697 1967 49 FF		            eor #$FF
  2698 1969 69 01		            adc #$01
  2699 196B 0A			            asl
  2700 196C D0 0C		            bne L197A
  2701 196E BD 20 01		L196E       lda L0120,X
  2702 1971 F0 09		            beq L197C
  2703 1973 30 03		            bmi L1978
  2704 1975 A9 02		            lda #$02
  2705 1977 0C			            .byte $0C
  2706 1978 A9 FE		L1978       lda #$FE
  2707 197A 85 11		L197A       sta BRKKEY
  2708 197C 24 A1		L197C       bit L00A1
  2709 197E 70 1E		            bvs L199E
  2710 1980 18			            clc
  2711 1981 A5 E0		            lda L00E0
  2712 1983 69 03		            adc #$03
  2713 1985 F5 E0		            sbc L00E0,X
  2714 1987 B0 17		            bcs L19A0
  2715 1989 24 A1		            bit L00A1
  2716 198B 30 10		            bmi L199D
  2717 198D 49 FF		            eor #$FF
  2718 198F 4A			            lsr
  2719 1990 85 7B		            sta SWPFLG
  2720 1992 38			            sec
  2721 1993 A5 F0		            lda L00F0
  2722 1995 E5 7B		            sbc SWPFLG
  2723 1997 B0 02		            bcs L199B
  2724 1999 A9 00		            lda #$00
  2725 199B 85 F0		L199B       sta L00F0
  2726 199D 60			L199D       rts
  2727 199E A9 20		L199E       lda #$20
  2728 19A0 0A			L19A0       asl
  2729 19A1 85 7B		            sta SWPFLG
  2730 19A3 38			            sec
  2731 19A4 B5 F0		            lda L00F0,X
  2732 19A6 E5 7B		            sbc SWPFLG
  2733 19A8 95 F0		            sta L00F0,X
  2734 19AA F0 02		            beq L19AE
  2735 19AC 10 1B		            bpl L19C9
  2736 19AE B4 E0		L19AE       ldy L00E0,X
  2737 19B0 18			            clc
  2738 19B1 98			            tya
  2739 19B2 65 22		            adc ICCOMZ
  2740 19B4 90 02		            bcc L19B8
  2741 19B6 A9 FF		            lda #$FF
  2742 19B8 85 22		L19B8       sta ICCOMZ
  2743 19BA BE 26 E2		L19BA       ldx LE226,Y
  2744 19BD BD D4 E2		            lda LE2D4,X
  2745 19C0 20 05 41		            jsr L4105
  2746 19C3 20 7A 41		            jsr L417A
  2747 19C6 20 E0 17		            jsr L17E0
  2748 19C9 60			L19C9       rts
  2749 19CA A0 00		L19CA       ldy #$00
  2750 19CC A5 6B		            lda BUFCNT
  2751 19CE 10 04		            bpl L19D4
  2752 19D0 29 7E		            and #$7E
  2753 19D2 D0 04		            bne L19D8
  2754 19D4 8C 93 02		L19D4       sty TINDEX
  2755 19D7 60			            rts
  2756 19D8 84 2F		L19D8       sty ICAX6Z
  2757 19DA A0 07		            ldy #$07
  2758 19DC 0A			            asl
  2759 19DD 88			L19DD       dey
  2760 19DE 0A			            asl
  2761 19DF 90 FC		            bcc L19DD
  2762 19E1 84 05		            sty RAMLO+1
  2763 19E3 48			            pha
  2764 19E4 B9 7C 02		            lda PTRIG0,Y
  2765 19E7 ED 83 02		            sbc PTRIG7
  2766 19EA 85 C2		            sta L00C2
  2767 19EC B9 84 02		            lda STRIG0,Y
  2768 19EF ED 8B 02		            sbc IMASK
  2769 19F2 B0 10		            bcs L1A04
  2770 19F4 C9 FF		            cmp #$FF
  2771 19F6 D0 14		            bne L1A0C
  2772 19F8 A5 C2		            lda L00C2
  2773 19FA C9 E9		            cmp #$E9
  2774 19FC 90 0E		            bcc L1A0C
  2775 19FE 49 FF		            eor #$FF
  2776 1A00 69 00		            adc #$00
  2777 1A02 90 0B		            bcc L1A0F
  2778 1A04 D0 59		L1A04       bne L1A5F
  2779 1A06 A5 C2		            lda L00C2
  2780 1A08 C9 18		            cmp #$18
  2781 1A0A 90 03		            bcc L1A0F
  2782 1A0C 4C 5F 1A		L1A0C       jmp L1A5F
  2783 1A0F 85 C4		L1A0F       sta L00C4
  2784 1A11 38			            sec
  2785 1A12 B9 74 02		            lda PADDL4,Y
  2786 1A15 ED 7B 02		            sbc STICK3
  2787 1A18 85 C3		            sta L00C3
  2788 1A1A B0 0A		            bcs L1A26
  2789 1A1C C9 EC		            cmp #$EC
  2790 1A1E 90 3F		            bcc L1A5F
  2791 1A20 49 FF		            eor #$FF
  2792 1A22 69 00		            adc #$00
  2793 1A24 90 04		            bcc L1A2A
  2794 1A26 C9 15		L1A26       cmp #$15
  2795 1A28 B0 35		            bcs L1A5F
  2796 1A2A 85 C5		L1A2A       sta L00C5
  2797 1A2C A4 05		            ldy RAMLO+1
  2798 1A2E BF			            .byte $BF
  2799 1A2F 18			            clc
  2800 1A30 02			            .byte $02
  2801 1A31 30 2C		            bmi L1A5F
  2802 1A33 86 2A		            stx ICAX1Z
  2803 1A35 BD B0 01		            lda L01B0,X
  2804 1A38 AA			            tax
  2805 1A39 AC B0 01		            ldy L01B0
  2806 1A3C 20 FD 1B		            jsr L1BFD
  2807 1A3F 30 1E		            bmi L1A5F
  2808 1A41 A4 05		            ldy RAMLO+1
  2809 1A43 B9 93 CF		            lda LCF93,Y
  2810 1A46 05 2F		            ora ICAX6Z
  2811 1A48 85 2F		            sta ICAX6Z
  2812 1A4A A6 2A		            ldx ICAX1Z
  2813 1A4C B5 E0		            lda L00E0,X
  2814 1A4E 29 60		            and #$60
  2815 1A50 F0 0A		            beq L1A5C
  2816 1A52 C9 40		            cmp #$40
  2817 1A54 B0 09		            bcs L1A5F
  2818 1A56 20 E0 17		            jsr L17E0
  2819 1A59 4C 5F 1A		            jmp L1A5F
  2820 1A5C 20 68 17		L1A5C       jsr L1768
  2821 1A5F 68			L1A5F       pla
  2822 1A60 F0 05		            beq L1A67
  2823 1A62 A4 05		            ldy RAMLO+1
  2824 1A64 4C DD 19		            jmp L19DD
  2825 1A67 A5 2F		L1A67       lda ICAX6Z
  2826 1A69 8D 93 02		            sta TINDEX
  2827 1A6C F0 0D		            beq L1A7B
  2828 1A6E AD 44 E6		            lda LE644
  2829 1A71 29 7F		            and #$7F
  2830 1A73 8D 44 E6		            sta LE644
  2831 1A76 A9 20		            lda #$20
  2832 1A78 8D 2F 02		            sta SDMCTL
  2833 1A7B 60			L1A7B       rts
  2834 1A7C A5 6B		L1A7C       lda BUFCNT
  2835 1A7E 29 7E		            and #$7E
  2836 1A80 0A			            asl
  2837 1A81 85 6A		            sta RAMTOP
  2838 1A83 A0 06		            ldy #$06
  2839 1A85 06 6A		L1A85       asl RAMTOP
  2840 1A87 90 29		            bcc L1AB2
  2841 1A89 F0 27		            beq L1AB2
  2842 1A8B BE 18 02		            ldx CDTMV1,Y
  2843 1A8E 30 22		            bmi L1AB2
  2844 1A90 84 05		            sty RAMLO+1
  2845 1A92 8C AE 1A		            sty L1AAD+1
  2846 1A95 84 2B		            sty ICAX2Z
  2847 1A97 86 68		            stx SAVADR
  2848 1A99 B9 8C 02		            lda JVECK,Y
  2849 1A9C 85 30		            sta L0030
  2850 1A9E A9 00		            lda #$00
  2851 1AA0 85 2F		            sta ICAX6Z
  2852 1AA2 B5 E0		            lda L00E0,X
  2853 1AA4 4B			            .byte $4B
  2854 1AA5 60			            rts
  2855 1AA6 4A			            lsr
  2856 1AA7 85 67		            sta MLTTMP+1
  2857 1AA9 A5 6A		            lda RAMTOP
  2858 1AAB D0 0E		            bne L1ABB
  2859 1AAD A0 00		L1AAD       ldy #$00
  2860 1AAF A5 2F		            lda ICAX6Z
  2861 1AB1 0C			            .byte $0C
  2862 1AB2 A9 00		L1AB2       lda #$00
  2863 1AB4 99 8C 02		            sta JVECK,Y
  2864 1AB7 88			            dey
  2865 1AB8 D0 CB		            bne L1A85
  2866 1ABA 60			            rts
  2867 1ABB 88			L1ABB       dey
  2868 1ABC 0A			            asl
  2869 1ABD 90 FC		            bcc L1ABB
  2870 1ABF 8C 26 1B		            sty L1B25+1
  2871 1AC2 48			            pha
  2872 1AC3 A6 2B		            ldx ICAX2Z
  2873 1AC5 BD 7C 02		            lda PTRIG0,X
  2874 1AC8 F9 7C 02		            sbc PTRIG0,Y
  2875 1ACB 85 C2		            sta L00C2
  2876 1ACD BD 84 02		            lda STRIG0,X
  2877 1AD0 F9 84 02		            sbc STRIG0,Y
  2878 1AD3 B0 10		            bcs L1AE5
  2879 1AD5 C9 FF		            cmp #$FF
  2880 1AD7 D0 4C		            bne L1B25
  2881 1AD9 A5 C2		            lda L00C2
  2882 1ADB C9 E9		            cmp #$E9
  2883 1ADD 90 46		            bcc L1B25
  2884 1ADF 49 FF		            eor #$FF
  2885 1AE1 69 00		            adc #$00
  2886 1AE3 90 08		            bcc L1AED
  2887 1AE5 D0 3E		L1AE5       bne L1B25
  2888 1AE7 A5 C2		            lda L00C2
  2889 1AE9 C9 18		            cmp #$18
  2890 1AEB B0 38		            bcs L1B25
  2891 1AED 85 C4		L1AED       sta L00C4
  2892 1AEF 38			            sec
  2893 1AF0 BD 74 02		            lda PADDL4,X
  2894 1AF3 F9 74 02		            sbc PADDL4,Y
  2895 1AF6 85 C3		            sta L00C3
  2896 1AF8 B0 0A		            bcs L1B04
  2897 1AFA C9 EC		            cmp #$EC
  2898 1AFC 90 27		            bcc L1B25
  2899 1AFE 49 FF		            eor #$FF
  2900 1B00 69 00		            adc #$00
  2901 1B02 90 04		            bcc L1B08
  2902 1B04 C9 15		L1B04       cmp #$15
  2903 1B06 B0 1D		            bcs L1B25
  2904 1B08 85 C5		L1B08       sta L00C5
  2905 1B0A BF			L1B0A       .byte $BF
  2906 1B0B 18			            clc
  2907 1B0C 02			            .byte $02
  2908 1B0D 30 16		L1B0D       bmi L1B25
  2909 1B0F 84 05		            sty RAMLO+1
  2910 1B11 86 2A		            stx ICAX1Z
  2911 1B13 B5 E0		            lda L00E0,X
  2912 1B15 29 60		            and #$60
  2913 1B17 05 67		            ora MLTTMP+1
  2914 1B19 4A			L1B19       lsr
  2915 1B1A 4A			            lsr
  2916 1B1B 4A			            lsr
  2917 1B1C AA			            tax
  2918 1B1D BD E5 1B		L1B1D       lda L1BE5,X
  2919 1B20 8D 24 1B		            sta L1B23+1
  2920 1B23 D0 FE		L1B23       bne L1B23
  2921 1B25 A0 00		L1B25       ldy #$00
  2922 1B27 68			            pla
  2923 1B28 D0 91		            bne L1ABB
  2924 1B2A 4C AD 1A		            jmp L1AAD
  2925 1B2D A6 C5		            ldx L00C5
  2926 1B2F A5 C4		L1B2F       lda L00C4
  2927 1B31 DD 5F E6		            cmp LE65F,X
  2928 1B34 B0 EF		            bcs L1B25
  2929 1B36 B9 93 CF		            lda LCF93,Y
  2930 1B39 05 2F		            ora ICAX6Z
  2931 1B3B 85 2F		            sta ICAX6Z
  2932 1B3D B9 93 CF		L1B3D       lda LCF93,Y
  2933 1B40 25 30		            and L0030
  2934 1B42 D0 E1		            bne L1B25
  2935 1B44 AD 1B D4		            lda LD419+2
  2936 1B47 08			            php
  2937 1B48 10 03		            bpl L1B4D
  2938 1B4A 20 D4 1B		            jsr L1BD4
  2939 1B4D A6 2A		L1B4D       ldx ICAX1Z
  2940 1B4F 20 12 18		            jsr L1812
  2941 1B52 A6 68		            ldx SAVADR
  2942 1B54 A9 10		            lda #$10
  2943 1B56 9D A0 01		            sta L01A0,X
  2944 1B59 28			            plp
  2945 1B5A 10 C9		            bpl L1B25
  2946 1B5C 20 D4 1B		            jsr L1BD4
  2947 1B5F 10 C4		            bpl L1B25
  2948 1B61 20 F1 1B		            jsr L1BF1
  2949 1B64 30 BF		            bmi L1B25
  2950 1B66 20 30 18		            jsr L1830
  2951 1B69 A6 2B		            ldx ICAX2Z
  2952 1B6B 86 05		            stx RAMLO+1
  2953 1B6D A4 2A		            ldy ICAX1Z
  2954 1B6F A6 68		            ldx SAVADR
  2955 1B71 20 94 17		            jsr L1794
  2956 1B74 4C 25 1B		            jmp L1B25
  2957 1B77 20 F1 1B		            jsr L1BF1
  2958 1B7A 30 A9		            bmi L1B25
  2959 1B7C A6 2A		            ldx ICAX1Z
  2960 1B7E A4 68		            ldy SAVADR
  2961 1B80 20 94 17		            jsr L1794
  2962 1B83 A6 68		L1B83       ldx SAVADR
  2963 1B85 20 32 18		            jsr L1832
  2964 1B88 68			            pla
  2965 1B89 4C AD 1A		            jmp L1AAD
  2966 1B8C 20 F1 1B		            jsr L1BF1
  2967 1B8F 30 94		            bmi L1B25
  2968 1B91 10 F0		            bpl L1B83
  2969 1B93 D0 1E		            bne L1BB3
  2970 1B95 D0 32		            bne L1BC9
  2971 1B97 A4 2A		            ldy ICAX1Z
  2972 1B99 A5 68		            lda SAVADR
  2973 1B9B 85 2A		            sta ICAX1Z
  2974 1B9D A5 2B		            lda ICAX2Z
  2975 1B9F 85 05		            sta RAMLO+1
  2976 1BA1 0C			            .byte $0C
  2977 1BA2 A4 68		            ldy SAVADR
  2978 1BA4 A6 C5		            ldx L00C5
  2979 1BA6 A5 C4		            lda L00C4
  2980 1BA8 DD 74 E6		            cmp LE674,X
  2981 1BAB B0 03		            bcs L1BB0
  2982 1BAD 20 AA 17		L1BAD       jsr L17AA
  2983 1BB0 4C 25 1B		L1BB0       jmp L1B25
  2984 1BB3 20 F1 1B		L1BB3       jsr L1BF1
  2985 1BB6 30 F8		            bmi L1BB0
  2986 1BB8 20 E0 17		            jsr L17E0
  2987 1BBB A5 68		            lda SAVADR
  2988 1BBD 85 2A		            sta ICAX1Z
  2989 1BBF A5 2B		            lda ICAX2Z
  2990 1BC1 85 05		            sta RAMLO+1
  2991 1BC3 20 E0 17		            jsr L17E0
  2992 1BC6 4C 25 1B		            jmp L1B25
  2993 1BC9 20 F1 1B		L1BC9       jsr L1BF1
  2994 1BCC 30 E2		            bmi L1BB0
  2995 1BCE 20 30 18		            jsr L1830
  2996 1BD1 4C 25 1B		            jmp L1B25
  2997 1BD4 A5 2B		L1BD4       lda ICAX2Z
  2998 1BD6 A6 05		            ldx RAMLO+1
  2999 1BD8 85 05		            sta RAMLO+1
  3000 1BDA 86 2B		            stx ICAX2Z
  3001 1BDC A5 68		            lda SAVADR
  3002 1BDE A6 2A		L1BDE       ldx ICAX1Z
  3003 1BE0 85 2A		            sta ICAX1Z
  3004 1BE2 86 68		            stx SAVADR
  3005 1BE4 60			            rts
  3006 1BE5 08			L1BE5       php
  3007 1BE6 52			            .byte $52
  3008 1BE7 7D 00 3C		            adc L3BFF+1,X
  3009 1BEA 6E 70 00		            ror.w ROWAC
  3010 1BED 72 67 00 00		            .byte $72,$67,$00,$00
  3011 1BF1 A6 68		L1BF1       ldx SAVADR
  3012 1BF3 A4 2A		            ldy ICAX1Z
  3013 1BF5 BD B0 01		            lda L01B0,X
  3014 1BF8 AA			            tax
  3015 1BF9 B9 B0 01		            lda L01B0,Y
  3016 1BFC A8			            tay
  3017 1BFD 18			L1BFD       clc
  3018 1BFE A5 C4		L1BFE       lda L00C4
  3019 1C00 7D A5 E6		            adc LE6A5,X
  3020 1C03 79 A5 E6		L1C03       adc LE6A5,Y
  3021 1C06 C9 17		            cmp #$17
  3022 1C08 B0 33		            bcs L1C3D
  3023 1C0A A5 C3		            lda L00C3
  3024 1C0C 7D 89 E6		L1C0C       adc LE689,X
  3025 1C0F 38			            sec
  3026 1C10 F9 89 E6		            sbc LE689,Y
  3027 1C13 10 2B		            bpl L1C40
  3028 1C15 18			            clc
  3029 1C16 7D 97 E6		            adc LE697,X
  3030 1C19 30 24		            bmi L1C3F
  3031 1C1B 85 C6		L1C1B       sta L00C6
  3032 1C1D FD 97 E6		L1C1D       sbc LE697,X
  3033 1C20 49 FF		            eor #$FF
  3034 1C22 69 01		            adc #$01
  3035 1C24 0A			            asl
  3036 1C25 7D B3 E6		            adc LE6B3,X
  3037 1C28 85 33		            sta BUFRHI
  3038 1C2A A9 00		            lda #$00
  3039 1C2C 7D C1 E6		            adc LE6C1,X
  3040 1C2F 85 34		L1C2F       sta BFENLO
  3041 1C31 B9 B3 E6		            lda LE6B3,Y
  3042 1C34 85 35		            sta BFENHI
  3043 1C36 B9 C1 E6		            lda LE6C1,Y
  3044 1C39 85 36		            sta LTEMP
  3045 1C3B 90 29		            bcc L1C66
  3046 1C3D A9 FF		L1C3D       lda #$FF
  3047 1C3F 60			L1C3F       rts
  3048 1C40 8D 58 1C		L1C40       sta L1C57+1
  3049 1C43 18			            clc
  3050 1C44 F9 97 E6		            sbc LE697,Y
  3051 1C47 10 F4		            bpl L1C3D
  3052 1C49 49 FF		            eor #$FF
  3053 1C4B 85 C6		            sta L00C6
  3054 1C4D BD B3 E6		            lda LE6B3,X
  3055 1C50 85 33		            sta BUFRHI
  3056 1C52 BD C1 E6		L1C52       lda LE6C1,X
  3057 1C55 85 34		            sta BFENLO
  3058 1C57 A9 00		L1C57       lda #$00
  3059 1C59 0A			            asl
  3060 1C5A 79 B3 E6		            adc LE6B3,Y
  3061 1C5D 85 35		            sta BFENHI
  3062 1C5F A9 00		            lda #$00
  3063 1C61 79 C1 E6		            adc LE6C1,Y
  3064 1C64 85 36		            sta LTEMP
  3065 1C66 A6 C6		L1C66       ldx L00C6
  3066 1C68 A0 00		            ldy #$00
  3067 1C6A 18			L1C6A       clc
  3068 1C6B A5 C2		            lda L00C2
  3069 1C6D 71 33		            adc (BUFRHI),Y
  3070 1C6F 38			            sec
  3071 1C70 F1 35		            sbc (BFENHI),Y
  3072 1C72 10 08		            bpl L1C7C
  3073 1C74 C8			            iny
  3074 1C75 18			            clc
  3075 1C76 71 33		            adc (BUFRHI),Y
  3076 1C78 30 08		            bmi L1C82
  3077 1C7A 4A			L1C7A       lsr
  3078 1C7B 60			            rts
  3079 1C7C C8			L1C7C       iny
  3080 1C7D 18			            clc
  3081 1C7E F1 35		            sbc (BFENHI),Y
  3082 1C80 30 F8		            bmi L1C7A
  3083 1C82 C8			L1C82       iny
  3084 1C83 CA			            dex
  3085 1C84 10 E4		            bpl L1C6A
  3086 1C86 60			            rts
  3087 1C87 A5 6B		L1C87       lda BUFCNT
  3088 1C89 29 7E		            and #$7E
  3089 1C8B F0 34		            beq L1CC1
  3090 1C8D 0A			            asl
  3091 1C8E 85 6A		            sta RAMTOP
  3092 1C90 8D B4 1C		            sta L1CB3+1
  3093 1C93 A0 06		            ldy #$06
  3094 1C95 06 6A		L1C95       asl RAMTOP
  3095 1C97 90 25		            bcc L1CBE
  3096 1C99 BE 18 02		            ldx CDTMV1,Y
  3097 1C9C 30 20		            bmi L1CBE
  3098 1C9E B5 E0		            lda L00E0,X
  3099 1CA0 29 60		            and #$60
  3100 1CA2 D0 1A		            bne L1CBE
  3101 1CA4 BD A0 01		            lda L01A0,X
  3102 1CA7 D0 15		            bne L1CBE
  3103 1CA9 BD E8 53		            lda L53E8,X
  3104 1CAC 8D D9 1C		            sta L1CD8+1
  3105 1CAF 84 05		            sty RAMLO+1
  3106 1CB1 86 68		            stx SAVADR
  3107 1CB3 A9 00		L1CB3       lda #$00
  3108 1CB5 A0 06		            ldy #$06
  3109 1CB7 10 0E		            bpl L1CC7
  3110 1CB9 AA			L1CB9       tax
  3111 1CBA D0 0B		            bne L1CC7
  3112 1CBC A4 05		L1CBC       ldy RAMLO+1
  3113 1CBE 88			L1CBE       dey
  3114 1CBF D0 D4		L1CBF       bne L1C95
  3115 1CC1 60			L1CC1       rts
  3116 1CC2 A0 00		L1CC2       ldy #$00
  3117 1CC4 68			L1CC4       pla
  3118 1CC5 F0 F5		            beq L1CBC
  3119 1CC7 88			L1CC7       dey
  3120 1CC8 0A			            asl
  3121 1CC9 90 FC		            bcc L1CC7
  3122 1CCB C4 05		            cpy RAMLO+1
  3123 1CCD F0 EA		            beq L1CB9
  3124 1CCF BE 18 02		            ldx CDTMV1,Y
  3125 1CD2 30 E5		            bmi L1CB9
  3126 1CD4 48			            pha
  3127 1CD5 BD E8 53		            lda L53E8,X
  3128 1CD8 C9 00		L1CD8       cmp #$00
  3129 1CDA D0 E8		            bne L1CC4
  3130 1CDC B5 E0		            lda L00E0,X
  3131 1CDE 29 60		            and #$60
  3132 1CE0 C9 40		            cmp #$40
  3133 1CE2 D0 E0		            bne L1CC4
  3134 1CE4 8C C3 1C		            sty L1CC2+1
  3135 1CE7 A4 68		            ldy SAVADR
  3136 1CE9 38			            sec
  3137 1CEA B9 D0 01		            lda L01D0,Y
  3138 1CED FD D0 01		            sbc L01D0,X
  3139 1CF0 F0 18		            beq L1D0A
  3140 1CF2 B0 0B		            bcs L1CFF
  3141 1CF4 C9 FA		            cmp #$FA
  3142 1CF6 90 CA		            bcc L1CC2
  3143 1CF8 B9 30 01		            lda L0130,Y
  3144 1CFB 30 C5		L1CFB       bmi L1CC2
  3145 1CFD 10 2A		L1CFD       bpl L1D29
  3146 1CFF C9 06		L1CFF       cmp #$06
  3147 1D01 B0 BF		            bcs L1CC2
  3148 1D03 B9 30 01		            lda L0130,Y
  3149 1D06 10 BA		            bpl L1CC2
  3150 1D08 30 1F		            bmi L1D29
  3151 1D0A 38			L1D0A       sec
  3152 1D0B B9 C0 01		            lda L01C0,Y
  3153 1D0E FD C0 01		            sbc L01C0,X
  3154 1D11 F0 AF		L1D11       beq L1CC2
  3155 1D13 B0 0B		            bcs L1D20
  3156 1D15 C9 FA		            cmp #$FA
  3157 1D17 90 A9		L1D17       bcc L1CC2
  3158 1D19 B9 20 01		L1D19       lda L0120,Y
  3159 1D1C 30 A4		L1D1C       bmi L1CC2
  3160 1D1E 10 09		L1D1E       bpl L1D29
  3161 1D20 C9 06		L1D20       cmp #$06
  3162 1D22 B0 9E		            bcs L1CC2
  3163 1D24 B9 20 01		            lda L0120,Y
  3164 1D27 10 99		            bpl L1CC2
  3165 1D29 A9 08		L1D29       lda #$08
  3166 1D2B 99 A0 01		            sta L01A0,Y
  3167 1D2E EE 3A 1D		            inc L1D3A
  3168 1D31 D0 03		            bne L1D36
  3169 1D33 EE 3B 1D		            inc L1D3B
  3170 1D36 68			L1D36       pla
  3171 1D37 4C BC 1C		            jmp L1CBC
  3172 1D3A 00			L1D3A       .byte $00
  3173 1D3B 00			L1D3B       .byte $00
  3174 1D3C 48			            pha
  3175 1D3D A9 5F		            lda #$5F
  3176 1D3F 8D 12 D0		            sta COLPM0
  3177 1D42 8D 19 D0		            sta COLPF3
  3178 1D45 A9 5A		            lda #$5A
  3179 1D47 8D FE FF		            sta LFFFE
  3180 1D4A A5 A3		            lda L00A3
  3181 1D4C D0 05		            bne L1D53
  3182 1D4E A9 4C		            lda #$4C
  3183 1D50 8D 5C 13		            sta L135C
  3184 1D53 A9 00		L1D53       lda #$00
  3185 1D55 8D 30 D0		            sta LD030
  3186 1D58 68			            pla
  3187 1D59 40			            rti
  3188 1D5A 48			            pha
  3189 1D5B A5 5D		            lda OLDCHR
  3190 1D5D 8D 21 D0		            sta LD021
  3191 1D60 A9 10		            lda #$10
  3192 1D62 0D 5E 02		            ora L025E
  3193 1D65 8D 11 D0		            sta GRAFM
  3194 1D68 C9 16		            cmp #$16
  3195 1D6A D0 0F		            bne L1D7B
  3196 1D6C A9 CF		            lda #$CF
  3197 1D6E 8D FE FF		            sta LFFFE
  3198 1D71 AD 2D 1E		            lda L1E2C+1
  3199 1D74 8D EB 1D		            sta L1DEA+1
  3200 1D77 A9 74		            lda #$74
  3201 1D79 D0 0A		            bne L1D85
  3202 1D7B A9 0C		L1D7B       lda #$0C
  3203 1D7D 8D FE FF		            sta LFFFE
  3204 1D80 EE FF FF		            inc LFFFF
  3205 1D83 A9 76		            lda #$76
  3206 1D85 8D 12 D0		L1D85       sta COLPM0
  3207 1D88 A9 23		            lda #$23
  3208 1D8A 8D 18 D0		            sta COLPF2
  3209 1D8D 8D 19 D0		            sta COLPF3
  3210 1D90 A9 C0		            lda #$C0
  3211 1D92 8D 02 DC		            sta LDC01+1
  3212 1D95 0A			            asl
  3213 1D96 8D 00 DC		            sta LDBFF+1
  3214 1D99 0A			            asl
  3215 1D9A 8D 0A CA		            sta LCA0A
  3216 1D9D A9 D0		L1D9D       lda #$D0
  3217 1D9F 0D 5D 02		            ora L025D
  3218 1DA2 8D 16 D0		            sta COLPF0
  3219 1DA5 A5 90		            lda L0090
  3220 1DA7 8D 2B 1E		            sta L1E2A+1
  3221 1DAA 8D ED 1D		            sta L1DEC+1
  3222 1DAD 06 A2		            asl L00A2
  3223 1DAF F0 1C		            beq L1DCD
  3224 1DB1 8E CC 1D		            stx L1DCB+1
  3225 1DB4 A2 0C		            ldx #$0C
  3226 1DB6 BD 40 51		L1DB6       lda L5140,X
  3227 1DB9 9D 40 49		            sta L4940,X
  3228 1DBC BD 4D 51		            lda L514D,X
  3229 1DBF 9D 4D 49		L1DBF       sta L494D,X
  3230 1DC2 BD 5A 51		            lda L515A,X
  3231 1DC5 9D 5A 49		            sta L495A,X
  3232 1DC8 CA			            dex
  3233 1DC9 10 EB		            bpl L1DB6
  3234 1DCB A2 00		L1DCB       ldx #$00
  3235 1DCD 68			L1DCD       pla
  3236 1DCE 40			            rti
  3237 1DCF 48			            pha
  3238 1DD0 8C 55 1E		            sty L1E54+1
  3239 1DD3 D8			            cld
  3240 1DD4 A9 01		            lda #$01
  3241 1DD6 8D FE FF		            sta LFFFE
  3242 1DD9 A9 1E		            lda #$1E
  3243 1DDB 8D FF FF		            sta LFFFF
  3244 1DDE A9 76		            lda #$76
  3245 1DE0 8D 12 D0		            sta COLPM0
  3246 1DE3 EE 19 D0		            inc COLPF3
  3247 1DE6 E9 0F		L1DE6       sbc #$0F
  3248 1DE8 B0 FC		            bcs L1DE6
  3249 1DEA A9 4F		L1DEA       lda #$4F
  3250 1DEC A0 00		L1DEC       ldy #$00
  3251 1DEE 58			            cli
  3252 1DEF 58			            cli
  3253 1DF0 58			            cli
  3254 1DF1 58			            cli
  3255 1DF2 58			            cli
  3256 1DF3 58			            cli
  3257 1DF4 58			            cli
  3258 1DF5 58			            cli
  3259 1DF6 58			            cli
  3260 1DF7 58			            cli
  3261 1DF8 58			            cli
  3262 1DF9 58			            cli
  3263 1DFA 58			            cli
  3264 1DFB 58			            cli
  3265 1DFC 58			            cli
  3266 1DFD 58			            cli
  3267 1DFE 58			            cli
  3268 1DFF 90 FE		L1DFF       bcc L1DFF
  3269 1E01 8D 18 D0		L1E01       sta COLPF2
  3270 1E04 8C 21 D0		            sty LD021
  3271 1E07 68			            pla
  3272 1E08 68			            pla
  3273 1E09 68			            pla
  3274 1E0A D0 28		L1E0A       bne L1E34
  3275 1E0C 48			            pha
  3276 1E0D 8C 55 1E		            sty L1E54+1
  3277 1E10 D8			            cld
  3278 1E11 AD 06 DD		            lda LDD06
  3279 1E14 49 0F		            eor #$0F
  3280 1E16 8D 1A 1E		L1E16       sta L1E19+1
  3281 1E19 10 FE		L1E19       bpl L1E19
  3282 1E1B C9 C9		L1E1B       cmp #$C9
  3283 1E1D C9 C9		            cmp #$C9
  3284 1E1F C9 C9		            cmp #$C9
  3285 1E21 C9 C9		            cmp #$C9
  3286 1E23 C9 C9		            cmp #$C9
  3287 1E25 C9 C9		            cmp #$C9
  3288 1E27 C9 C5		            cmp #$C5
  3289 1E29 EA			            nop
  3290 1E2A A0 00		L1E2A       ldy #$00
  3291 1E2C A9 4F		L1E2C       lda #$4F
  3292 1E2E 8D 18 D0		            sta COLPF2
  3293 1E31 8C 21 D0		            sty LD021
  3294 1E34 A9 F7		L1E34       lda #$F7
  3295 1E36 8D 12 D0		L1E36       sta COLPM0
  3296 1E39 8D 19 D0		            sta COLPF3
  3297 1E3C A9 5E		            lda #$5E
  3298 1E3E 8D FE FF		            sta LFFFE
  3299 1E41 A9 1E		            lda #$1E
  3300 1E43 8D FF FF		            sta LFFFF
  3301 1E46 8E 53 1E		            stx L1E52+1
  3302 1E49 20 BB 42		            jsr L42BB
  3303 1E4C 20 5C 0B		            jsr L0B5C
  3304 1E4F 20 2E 3B		            jsr L3B2E
  3305 1E52 A2 00		L1E52       ldx #$00
  3306 1E54 A0 00		L1E54       ldy #$00
  3307 1E56 06 A3		            asl L00A3
  3308 1E58 A9 00		            lda #$00
  3309 1E5A 85 53		            sta RMARGN
  3310 1E5C 68			            pla
  3311 1E5D 40			            rti
  3312 1E5E 48			            pha
  3313 1E5F A9 01		            lda #$01
  3314 1E61 8D 30 D0		            sta LD030
  3315 1E64 8D 19 D0		            sta COLPF3
  3316 1E67 8D 21 D0		            sta LD021
  3317 1E6A 85 53		            sta RMARGN
  3318 1E6C E6 51		            inc HOLD1
  3319 1E6E 24 A3		            bit L00A3
  3320 1E70 10 34		            bpl L1EA6
  3321 1E72 AD 44 E6		            lda LE644
  3322 1E75 8D 15 D0		            sta COLPM3
  3323 1E78 AD 4B E6		            lda LE64B
  3324 1E7B 8D 1C D0		            sta VDELAY
  3325 1E7E AD 3F E6		            lda LE63F
  3326 1E81 8D 10 D0		            sta GRAFP3
  3327 1E84 8E A5 1E		            stx L1EA4+1
  3328 1E87 A2 07		            ldx #$07
  3329 1E89 BD 2F E6		L1E89       lda LE62F,X
  3330 1E8C 9D 00 D0		            sta HPOSP0,X
  3331 1E8F BD 37 E6		            lda LE637,X
  3332 1E92 9D 08 D0		            sta SIZEP0,X
  3333 1E95 BD 28 02		            lda CDTMA2,X
  3334 1E98 9D F8 53		            sta L53F8,X
  3335 1E9B BD 56 E6		            lda LE656,X
  3336 1E9E 9D 27 D0		            sta LD026+1,X
  3337 1EA1 CA			            dex
  3338 1EA2 10 E5		            bpl L1E89
  3339 1EA4 A2 00		L1EA4       ldx #$00
  3340 1EA6 A9 10		L1EA6       lda #$10
  3341 1EA8 8D 11 D0		            sta GRAFM
  3342 1EAB 4A			            lsr
  3343 1EAC 8D 16 D0		            sta COLPF0
  3344 1EAF A9 4D		            lda #$4D
  3345 1EB1 8D 18 D0		            sta COLPF2
  3346 1EB4 A9 2F		            lda #$2F
  3347 1EB6 8D 12 D0		            sta COLPM0
  3348 1EB9 A9 3C		            lda #$3C
  3349 1EBB 8D FE FF		            sta LFFFE
  3350 1EBE A9 1D		            lda #$1D
  3351 1EC0 8D FF FF		            sta LFFFF
  3352 1EC3 68			            pla
  3353 1EC4 40			            rti
  3354 1EC5 20 C8 1E		L1EC5       jsr L1EC8
  3355 1EC8 20 CB 1E		L1EC8       jsr L1ECB
  3356 1ECB 2C 11 D0		L1ECB       bit TRIG1
  3357 1ECE 10 FB		            bpl L1ECB
  3358 1ED0 2C 11 D0		L1ED0       bit TRIG1
  3359 1ED3 30 FB		            bmi L1ED0
  3360 1ED5 60			            rts
  3361 1ED6 A2 F9		L1ED6       ldx #$F9
  3362 1ED8 AD C5 E8		            lda LE8C5
  3363 1EDB 0A			            asl
  3364 1EDC A5 5B		            lda OLDCOL
  3365 1EDE 6A			            ror
  3366 1EDF D0 01		            bne L1EE2
  3367 1EE1 CA			            dex
  3368 1EE2 86 2A		L1EE2       stx ICAX1Z
  3369 1EE4 A5 4E		            lda DRKMSK
  3370 1EE6 8D 5D 02		            sta L025D
  3371 1EE9 A5 4F		            lda COLRSH
  3372 1EEB 8D 5E 02		            sta L025E
  3373 1EEE A9 40		            lda #$40
  3374 1EF0 85 A2		            sta L00A2
  3375 1EF2 A2 00		            ldx #$00
  3376 1EF4 18			            clc
  3377 1EF5 A9 07		            lda #$07
  3378 1EF7 65 1B		            adc DSKUTL+1
  3379 1EF9 85 17		            sta ICCOMT
  3380 1EFB 8A			            txa
  3381 1EFC 65 1C		            adc ABUFPT
  3382 1EFE 4A			            lsr
  3383 1EFF 66 17		            ror ICCOMT
  3384 1F01 4A			            lsr
  3385 1F02 66 17		            ror ICCOMT
  3386 1F04 4A			            lsr
  3387 1F05 66 17		            ror ICCOMT
  3388 1F07 18			            clc
  3389 1F08 A9 07		            lda #$07
  3390 1F0A 65 1D		            adc ABUFPT+1
  3391 1F0C 85 18		            sta DSKFMS
  3392 1F0E 8A			L1F0E       txa
  3393 1F0F 65 1E		            adc ABUFPT+2
  3394 1F11 4A			            lsr
  3395 1F12 66 18		L1F12       ror DSKFMS
  3396 1F14 4A			            lsr
  3397 1F15 66 18		            ror DSKFMS
  3398 1F17 4A			            lsr
  3399 1F18 66 18		            ror DSKFMS
  3400 1F1A A5 18		            lda DSKFMS
  3401 1F1C 10 1D		            bpl L1F3B
  3402 1F1E 85 29		            sta ICBLHZ
  3403 1F20 BD 56 CF		L1F20       lda LCF56,X
  3404 1F23 0A			            asl
  3405 1F24 85 33		            sta BUFRHI
  3406 1F26 BD 68 CF		            lda LCF68,X
  3407 1F29 85 34		            sta BFENLO
  3408 1F2B A0 26		            ldy #$26
  3409 1F2D A9 87		            lda #$87
  3410 1F2F 91 33		L1F2F       sta (BUFRHI),Y
  3411 1F31 88			            dey
  3412 1F32 10 FB		            bpl L1F2F
  3413 1F34 E8			            inx
  3414 1F35 E6 29		            inc ICBLHZ
  3415 1F37 30 E7		            bmi L1F20
  3416 1F39 A9 00		            lda #$00
  3417 1F3B 09 80		L1F3B       ora #$80
  3418 1F3D 8D 8F 1F		            sta L1F8F
  3419 1F40 8D 9C 1F		            sta L1F9C
  3420 1F43 8D A9 1F		            sta L1FA9
  3421 1F46 A5 17		            lda ICCOMT
  3422 1F48 8D 8E 1F		            sta L1F8E
  3423 1F4B 8D 9B 1F		            sta L1F9B
  3424 1F4E 8D A8 1F		            sta L1FA8
  3425 1F51 86 2B		            stx ICAX2Z
  3426 1F53 BD 56 CF		            lda LCF56,X
  3427 1F56 09 80		            ora #$80
  3428 1F58 30 03		            bmi L1F5D
  3429 1F5A BD 56 CF		L1F5A       lda LCF56,X
  3430 1F5D 0A			L1F5D       asl
  3431 1F5E 8D 91 1F		            sta L1F90+1
  3432 1F61 8D 9E 1F		            sta L1F9D+1
  3433 1F64 8D AB 1F		            sta L1FAA+1
  3434 1F67 8D 97 1F		            sta L1F96+1
  3435 1F6A 8D A4 1F		            sta L1FA3+1
  3436 1F6D 8D B1 1F		            sta L1FB0+1
  3437 1F70 90 19		            bcc L1F8B
  3438 1F72 F0 7A		            beq L1FEE
  3439 1F74 BD 68 CF		            lda LCF68,X
  3440 1F77 8D 92 1F		            sta L1F90+2
  3441 1F7A 8D 9F 1F		            sta L1F9D+2
  3442 1F7D 8D AC 1F		            sta L1FAA+2
  3443 1F80 49 88		            eor #$88
  3444 1F82 8D 98 1F		            sta L1F96+2
  3445 1F85 8D A5 1F		            sta L1FA3+2
  3446 1F88 8D B2 1F		            sta L1FB0+2
  3447 1F8B A0 26		L1F8B       ldy #$26
  3448 1F8D BF			L1F8D       .byte $BF
  3449 1F8E 00			L1F8E       .byte $00
  3450 1F8F 80			L1F8F       .byte $80
  3451 1F90 99 00 50		L1F90       sta L5000,Y
  3452 1F93 BD 00 C1		            lda LC100,X
  3453 1F96 99 00 D8		L1F96       sta AFP,Y
  3454 1F99 88			            dey
  3455 1F9A BF			            .byte $BF
  3456 1F9B 00			L1F9B       .byte $00
  3457 1F9C 80			L1F9C       .byte $80
  3458 1F9D 99 00 50		L1F9D       sta L5000,Y
  3459 1FA0 BD 00 C1		            lda LC100,X
  3460 1FA3 99 00 D8		L1FA3       sta AFP,Y
  3461 1FA6 88			            dey
  3462 1FA7 BF			            .byte $BF
  3463 1FA8 00			L1FA8       .byte $00
  3464 1FA9 80			L1FA9       .byte $80
  3465 1FAA 99 00 50		L1FAA       sta L5000,Y
  3466 1FAD BD 00 C1		            lda LC100,X
  3467 1FB0 99 00 D8		L1FB0       sta AFP,Y
  3468 1FB3 88			            dey
  3469 1FB4 10 D7		            bpl L1F8D
  3470 1FB6 AE 8F 1F		            ldx L1F8F
  3471 1FB9 E8			            inx
  3472 1FBA 8E 8F 1F		            stx L1F8F
  3473 1FBD 8E 9C 1F		            stx L1F9C
  3474 1FC0 8E A9 1F		            stx L1FA9
  3475 1FC3 AD 91 1F		            lda L1F90+1
  3476 1FC6 C5 2A		            cmp ICAX1Z
  3477 1FC8 D0 03		            bne L1FCD
  3478 1FCA 20 39 20		            jsr L2039
  3479 1FCD E0 C0		L1FCD       cpx #$C0
  3480 1FCF E6 2B		            inc ICAX2Z
  3481 1FD1 A6 2B		            ldx ICAX2Z
  3482 1FD3 90 85		            bcc L1F5A
  3483 1FD5 BD 56 CF		L1FD5       lda LCF56,X
  3484 1FD8 0A			            asl
  3485 1FD9 F0 13		            beq L1FEE
  3486 1FDB 85 33		            sta BUFRHI
  3487 1FDD BD 68 CF		            lda LCF68,X
  3488 1FE0 85 34		            sta BFENLO
  3489 1FE2 A0 26		            ldy #$26
  3490 1FE4 A9 87		            lda #$87
  3491 1FE6 91 33		L1FE6       sta (BUFRHI),Y
  3492 1FE8 88			            dey
  3493 1FE9 10 FB		            bpl L1FE6
  3494 1FEB E8			            inx
  3495 1FEC 10 E7		            bpl L1FD5
  3496 1FEE A9 07		L1FEE       lda #$07
  3497 1FF0 65 18		            adc DSKFMS
  3498 1FF2 09 80		            ora #$80
  3499 1FF4 85 18		            sta DSKFMS
  3500 1FF6 18			            clc
  3501 1FF7 A9 13		            lda #$13
  3502 1FF9 65 17		            adc ICCOMT
  3503 1FFB 85 17		            sta ICCOMT
  3504 1FFD C8			            iny
  3505 1FFE B1 17		            lda (ICCOMT),Y
  3506 2000 85 19		            sta DSKFMS+1
  3507 2002 A2 0E		            ldx #$0E
  3508 2004 46 2A		            lsr ICAX1Z
  3509 2006 B0 7A		            bcs L2082
  3510 2008 8A			L2008       txa
  3511 2009 45 50		            eor TEMPCHR
  3512 200B 29 03		            and #$03
  3513 200D D0 16		            bne L2025
  3514 200F AD 1B D4		            lda LD419+2
  3515 2012 4D 06 DD		            eor LDD06
  3516 2015 29 0F		            and #$0F
  3517 2017 8D 2E 20		            sta L202D+1
  3518 201A 29 03		            and #$03
  3519 201C 05 40		            ora FREQ
  3520 201E A8			            tay
  3521 201F B9 C2 E1		            lda LE1C2,Y
  3522 2022 9D E3 E8		            sta LE8E3,X
  3523 2025 CA			L2025       dex
  3524 2026 10 E0		            bpl L2008
  3525 2028 AD 1B D4		            lda LD419+2
  3526 202B D0 08		            bne L2035
  3527 202D A2 00		L202D       ldx #$00
  3528 202F CA			            dex
  3529 2030 30 03		            bmi L2035
  3530 2032 20 8B 20		            jsr L208B
  3531 2035 A9 54		L2035       lda #$54
  3532 2037 D0 1C		            bne L2055
  3533 2039 8E 81 20		L2039       stx L2080+1
  3534 203C A2 00		L203C       ldx #$00
  3535 203E A9 00		            lda #$00
  3536 2040 9D F0 7C		            sta L7CF0,X
  3537 2043 A5 4F		            lda COLRSH
  3538 2045 49 07		            eor #$07
  3539 2047 AA			            tax
  3540 2048 8E 3D 20		            stx L203C+1
  3541 204B A4 4E		            ldy DRKMSK
  3542 204D B9 93 CF		            lda LCF93,Y
  3543 2050 9D F0 7C		            sta L7CF0,X
  3544 2053 A9 53		            lda #$53
  3545 2055 8D 62 20		L2055       sta L2061+1
  3546 2058 A2 00		            ldx #$00
  3547 205A 86 33		            stx BUFRHI
  3548 205C 86 35		            stx BFENHI
  3549 205E BD C5 E8		L205E       lda LE8C5,X
  3550 2061 C9 53		L2061       cmp #$53
  3551 2063 B0 1B		            bcs L2080
  3552 2065 85 34		            sta BFENLO
  3553 2067 49 88		            eor #$88
  3554 2069 85 36		            sta LTEMP
  3555 206B BC D4 E8		            ldy LE8D4,X
  3556 206E B1 33		            lda (BUFRHI),Y
  3557 2070 49 87		            eor #$87
  3558 2072 D0 09		            bne L207D
  3559 2074 A9 9E		            lda #$9E
  3560 2076 91 33		            sta (BUFRHI),Y
  3561 2078 BD E3 E8		            lda LE8E3,X
  3562 207B 91 35		            sta (BFENHI),Y
  3563 207D E8			L207D       inx
  3564 207E D0 DE		            bne L205E
  3565 2080 A2 00		L2080       ldx #$00
  3566 2082 60			L2082       rts
  3567 2083 A2 0E		L2083       ldx #$0E
  3568 2085 20 8B 20		L2085       jsr L208B
  3569 2088 CA			            dex
  3570 2089 D0 FA		            bne L2085
  3571 208B AD 1B D4		L208B       lda LD419+2
  3572 208E 4D 06 DD		            eor LDD06
  3573 2091 29 7F		            and #$7F
  3574 2093 C9 78		            cmp #$78
  3575 2095 B0 F4		            bcs L208B
  3576 2097 7D 7A CF		            adc LCF7A,X
  3577 209A 9D D4 E8		            sta LE8D4,X
  3578 209D A8			            tay
  3579 209E A9 00		            lda #$00
  3580 20A0 7D 69 CF		            adc LCF69,X
  3581 20A3 9D C5 E8		            sta LE8C5,X
  3582 20A6 C0 E8		            cpy #$E8
  3583 20A8 E9 53		            sbc #$53
  3584 20AA B0 DF		            bcs L208B
  3585 20AC 60			            rts
  3586 20AD 8E E3 20		L20AD       stx L20E2+1
  3587 20B0 A4 05		            ldy RAMLO+1
  3588 20B2 BE 93 CF		            ldx LCF93,Y
  3589 20B5 B9 56 E6		            lda LE656,Y
  3590 20B8 85 0B		            sta DOSVEC+1
  3591 20BA B9 28 02		            lda CDTMA2,Y
  3592 20BD 85 0C		            sta DOSINI
  3593 20BF 98			            tya
  3594 20C0 0A			            asl
  3595 20C1 A8			            tay
  3596 20C2 B9 2F E6		            lda LE62F,Y
  3597 20C5 85 06		            sta TRAMSZ
  3598 20C7 B9 30 E6		            lda LE630,Y
  3599 20CA 85 08		            sta WARMST
  3600 20CC 8A			            txa
  3601 20CD 2D 3F E6		            and LE63F
  3602 20D0 F0 02		            beq L20D4
  3603 20D2 A9 FF		            lda #$FF
  3604 20D4 85 07		L20D4       sta CMCMD
  3605 20D6 8A			            txa
  3606 20D7 2D 44 E6		            and LE644
  3607 20DA 85 09		            sta BOOT
  3608 20DC 8A			            txa
  3609 20DD 2D 4B E6		            and LE64B
  3610 20E0 85 0A		            sta DOSVEC
  3611 20E2 A2 00		L20E2       ldx #$00
  3612 20E4 60			            rts
  3613 20E5 86 31		L20E5       stx CHKSUM
  3614 20E7 84 32		            sty BUFRLO
  3615 20E9 A0 07		            ldy #$07
  3616 20EB B1 31		L20EB       lda (CHKSUM),Y
  3617 20ED 99 05 00		            sta RAMLO+1,Y
  3618 20F0 88			            dey
  3619 20F1 10 F8		            bpl L20EB
  3620 20F3 86 02		L20F3       stx CASINI
  3621 20F5 A4 05		            ldy RAMLO+1
  3622 20F7 B9 93 CF		            lda LCF93,Y
  3623 20FA AA			            tax
  3624 20FB A5 06		            lda TRAMSZ
  3625 20FD 99 7C 02		            sta PTRIG0,Y
  3626 2100 A5 07		            lda CMCMD
  3627 2102 99 84 02		            sta STRIG0,Y
  3628 2105 A5 08		            lda WARMST
  3629 2107 99 74 02		            sta PADDL4,Y
  3630 210A A5 0B		            lda DOSVEC+1
  3631 210C 99 56 E6		            sta LE656,Y
  3632 210F A5 0C		            lda DOSINI
  3633 2111 99 28 02		            sta CDTMA2,Y
  3634 2114 98			            tya
  3635 2115 0A			            asl
  3636 2116 A8			            tay
  3637 2117 A5 06		            lda TRAMSZ
  3638 2119 99 2F E6		            sta LE62F,Y
  3639 211C A5 08		            lda WARMST
  3640 211E 99 30 E6		L211E       sta LE630,Y
  3641 2121 8A			            txa
  3642 2122 49 FF		            eor #$FF
  3643 2124 A8			            tay
  3644 2125 A5 07		            lda CMCMD
  3645 2127 F0 06		            beq L212F
  3646 2129 8A			            txa
  3647 212A 0D 3F E6		            ora LE63F
  3648 212D D0 04		            bne L2133
  3649 212F 98			L212F       tya
  3650 2130 2D 3F E6		            and LE63F
  3651 2133 8D 3F E6		L2133       sta LE63F
  3652 2136 A5 0A		            lda DOSVEC
  3653 2138 F0 06		            beq L2140
  3654 213A 8A			            txa
  3655 213B 0D 4B E6		            ora LE64B
  3656 213E D0 04		            bne L2144
  3657 2140 98			L2140       tya
  3658 2141 2D 4B E6		            and LE64B
  3659 2144 8D 4B E6		L2144       sta LE64B
  3660 2147 A5 09		            lda BOOT
  3661 2149 F0 0C		            beq L2157
  3662 214B A5 08		            lda WARMST
  3663 214D C9 63		            cmp #$63
  3664 214F 90 06		            bcc L2157
  3665 2151 8A			            txa
  3666 2152 0D 44 E6		            ora LE644
  3667 2155 D0 04		            bne L215B
  3668 2157 98			L2157       tya
  3669 2158 2D 44 E6		            and LE644
  3670 215B 8D 44 E6		L215B       sta LE644
  3671 215E A6 02		            ldx CASINI
  3672 2160 60			            rts
  3673 2161 A6 05		L2161       ldx RAMLO+1
  3674 2163 BD 9D CF		            lda LCF9D,X
  3675 2166 85 33		            sta BUFRHI
  3676 2168 BD A5 CF		            lda LCFA5,X
  3677 216B 85 34		            sta BFENLO
  3678 216D A9 80		            lda #$80
  3679 216F A0 08		            ldy #$08
  3680 2171 91 33		            sta (BUFRHI),Y
  3681 2173 A0 35		            ldy #$35
  3682 2175 91 33		            sta (BUFRHI),Y
  3683 2177 A6 0D		            ldx DOSINI+1
  3684 2179 E0 18		            cpx #$18
  3685 217B 90 11		            bcc L218E
  3686 217D A2 0A		            ldx #$0A
  3687 217F A0 12		            ldy #$12
  3688 2181 20 AB 21		            jsr L21AB
  3689 2184 A0 12		            ldy #$12
  3690 2186 20 AB 21		            jsr L21AB
  3691 2189 A0 12		            ldy #$12
  3692 218B 4C AB 21		            jmp L21AB
  3693 218E BD 26 E2		L218E       lda LE226,X
  3694 2191 A0 12		            ldy #$12
  3695 2193 20 AA 21		            jsr L21AA
  3696 2196 A6 0D		            ldx DOSINI+1
  3697 2198 BD 3E E2		            lda LE23E,X
  3698 219B 48			            pha
  3699 219C 4A			            lsr
  3700 219D 4A			            lsr
  3701 219E 4A			            lsr
  3702 219F 4A			            lsr
  3703 21A0 A0 13		            ldy #$13
  3704 21A2 20 AA 21		            jsr L21AA
  3705 21A5 68			            pla
  3706 21A6 29 0F		            and #$0F
  3707 21A8 A0 14		            ldy #$14
  3708 21AA AA			L21AA       tax
  3709 21AB BD 5B E5		L21AB       lda LE55B,X
  3710 21AE 91 33		            sta (BUFRHI),Y
  3711 21B0 C8			            iny
  3712 21B1 C8			            iny
  3713 21B2 C8			            iny
  3714 21B3 BD 65 E5		            lda LE565,X
  3715 21B6 91 33		            sta (BUFRHI),Y
  3716 21B8 C8			            iny
  3717 21B9 C8			            iny
  3718 21BA C8			            iny
  3719 21BB BD 6F E5		            lda LE56F,X
  3720 21BE 91 33		            sta (BUFRHI),Y
  3721 21C0 C8			            iny
  3722 21C1 C8			            iny
  3723 21C2 C8			            iny
  3724 21C3 BD 79 E5		            lda LE579,X
  3725 21C6 91 33		            sta (BUFRHI),Y
  3726 21C8 C8			            iny
  3727 21C9 C8			            iny
  3728 21CA C8			            iny
  3729 21CB BD 83 E5		            lda LE583,X
  3730 21CE 91 33		            sta (BUFRHI),Y
  3731 21D0 C8			            iny
  3732 21D1 C8			            iny
  3733 21D2 C8			            iny
  3734 21D3 BD 8D E5		            lda LE58D,X
  3735 21D6 91 33		            sta (BUFRHI),Y
  3736 21D8 C8			            iny
  3737 21D9 C8			            iny
  3738 21DA C8			            iny
  3739 21DB BD 97 E5		            lda LE597,X
  3740 21DE 91 33		            sta (BUFRHI),Y
  3741 21E0 C8			            iny
  3742 21E1 C8			            iny
  3743 21E2 C8			            iny
  3744 21E3 BD A1 E5		            lda LE5A1,X
  3745 21E6 91 33		            sta (BUFRHI),Y
  3746 21E8 60			            rts
  3747 21E9 A2 0F		L21E9       ldx #$0F
  3748 21EB 86 2B		L21EB       stx ICAX2Z
  3749 21ED BC 10 01		            ldy L0110,X
  3750 21F0 30 1A		            bmi L220C
  3751 21F2 B5 E0		            lda L00E0,X
  3752 21F4 C9 20		            cmp #$20
  3753 21F6 B0 14		            bcs L220C
  3754 21F8 B9 93 CF		            lda LCF93,Y
  3755 21FB 2D 44 E6		            and LE644
  3756 21FE F0 0C		            beq L220C
  3757 2200 B5 F0		            lda L00F0,X
  3758 2202 F0 08		            beq L220C
  3759 2204 DE 40 01		            dec L0140,X
  3760 2207 10 03		            bpl L220C
  3761 2209 20 5D 22		            jsr L225D
  3762 220C A6 2B		L220C       ldx ICAX2Z
  3763 220E CA			            dex
  3764 220F 10 DA		            bpl L21EB
  3765 2211 A5 F0		            lda L00F0
  3766 2213 C9 08		            cmp #$08
  3767 2215 A6 16		            ldx BUFADR+1
  3768 2217 F0 28		            beq L2241
  3769 2219 B0 20		            bcs L223B
  3770 221B C5 0F		            cmp APPMHI+1
  3771 221D A5 50		            lda TEMPCHR
  3772 221F 29 07		            and #$07
  3773 2221 B0 03		            bcs L2226
  3774 2223 09 08		            ora #$08
  3775 2225 38			            sec
  3776 2226 A8			L2226       tay
  3777 2227 B9 C5 CF		            lda LCFC5,Y
  3778 222A 8D 56 E6		            sta LE656
  3779 222D A5 50		            lda TEMPCHR
  3780 222F 29 1F		            and #$1F
  3781 2231 D0 05		            bne L2238
  3782 2233 A0 08		            ldy #$08
  3783 2235 8C FB 02		            sty ATACHR
  3784 2238 90 19		L2238       bcc L2253
  3785 223A 60			            rts
  3786 223B A9 F1		L223B       lda #$F1
  3787 223D 8D 56 E6		            sta LE656
  3788 2240 60			            rts
  3789 2241 B0 08		L2241       bcs L224B
  3790 2243 A5 50		            lda TEMPCHR
  3791 2245 29 07		            and #$07
  3792 2247 09 10		            ora #$10
  3793 2249 D0 DB		            bne L2226
  3794 224B AD EE DB		L224B       lda LDBED+1
  3795 224E 8D 56 E6		            sta LE656
  3796 2251 A5 50		            lda TEMPCHR
  3797 2253 29 07		L2253       and #$07
  3798 2255 D0 05		            bne L225C
  3799 2257 A9 1C		            lda #$1C
  3800 2259 8D F4 02		            sta CHBAS
  3801 225C 60			L225C       rts
  3802 225D A9 41		L225D       lda #$41
  3803 225F F5 F0		            sbc L00F0,X
  3804 2261 4A			            lsr
  3805 2262 4A			            lsr
  3806 2263 4A			            lsr
  3807 2264 9D 40 01		            sta L0140,X
  3808 2267 38			            sec
  3809 2268 B9 9D CF		L2268       lda LCF9D,Y
  3810 226B 85 33		            sta BUFRHI
  3811 226D B9 A5 CF		            lda LCFA5,Y
  3812 2270 85 34		            sta BFENLO
  3813 2272 A0 3F		            ldy #$3F
  3814 2274 A9 00		            lda #$00
  3815 2276 71 33		            adc (BUFRHI),Y
  3816 2278 29 07		            and #$07
  3817 227A 91 33		            sta (BUFRHI),Y
  3818 227C AA			            tax
  3819 227D BD AB E5		            lda LE5AB,X
  3820 2280 A0 33		            ldy #$33
  3821 2282 91 33		            sta (BUFRHI),Y
  3822 2284 A0 06		            ldy #$06
  3823 2286 91 33		            sta (BUFRHI),Y
  3824 2288 BD B3 E5		            lda LE5B3,X
  3825 228B C8			            iny
  3826 228C 91 33		            sta (BUFRHI),Y
  3827 228E A0 34		            ldy #$34
  3828 2290 91 33		            sta (BUFRHI),Y
  3829 2292 BD BB E5		            lda LE5BB,X
  3830 2295 A0 09		            ldy #$09
  3831 2297 91 33		            sta (BUFRHI),Y
  3832 2299 A0 30		            ldy #$30
  3833 229B 91 33		            sta (BUFRHI),Y
  3834 229D BD C3 E5		            lda LE5C3,X
  3835 22A0 C8			            iny
  3836 22A1 91 33		            sta (BUFRHI),Y
  3837 22A3 A0 0A		            ldy #$0A
  3838 22A5 91 33		            sta (BUFRHI),Y
  3839 22A7 BD CB E5		            lda LE5CB,X
  3840 22AA C8			            iny
  3841 22AB 91 33		            sta (BUFRHI),Y
  3842 22AD A0 32		            ldy #$32
  3843 22AF 91 33		            sta (BUFRHI),Y
  3844 22B1 BD D3 E5		            lda LE5D3,X
  3845 22B4 A0 0C		            ldy #$0C
  3846 22B6 91 33		            sta (BUFRHI),Y
  3847 22B8 A0 2D		            ldy #$2D
  3848 22BA 91 33		            sta (BUFRHI),Y
  3849 22BC BD DB E5		            lda LE5DB,X
  3850 22BF C8			            iny
  3851 22C0 91 33		            sta (BUFRHI),Y
  3852 22C2 A0 0D		            ldy #$0D
  3853 22C4 91 33		            sta (BUFRHI),Y
  3854 22C6 BD E3 E5		            lda LE5E3,X
  3855 22C9 C8			            iny
  3856 22CA 91 33		            sta (BUFRHI),Y
  3857 22CC A0 2F		            ldy #$2F
  3858 22CE 91 33		            sta (BUFRHI),Y
  3859 22D0 8A			            txa
  3860 22D1 29 04		            and #$04
  3861 22D3 F0 02		            beq L22D7
  3862 22D5 A9 38		            lda #$38
  3863 22D7 A0 01		L22D7       ldy #$01
  3864 22D9 91 33		            sta (BUFRHI),Y
  3865 22DB A0 04		            ldy #$04
  3866 22DD 91 33		            sta (BUFRHI),Y
  3867 22DF 49 38		            eor #$38
  3868 22E1 A0 3A		            ldy #$3A
  3869 22E3 91 33		            sta (BUFRHI),Y
  3870 22E5 A0 37		            ldy #$37
  3871 22E7 91 33		            sta (BUFRHI),Y
  3872 22E9 60			            rts
  3873 22EA A0 00		L22EA       ldy #$00
  3874 22EC 84 31		            sty CHKSUM
  3875 22EE 8C 2B 23		            sty L232A+1
  3876 22F1 38			            sec
  3877 22F2 6A			            ror
  3878 22F3 66 31		            ror CHKSUM
  3879 22F5 4A			            lsr
  3880 22F6 66 31		            ror CHKSUM
  3881 22F8 85 32		            sta BUFRLO
  3882 22FA 8A			            txa
  3883 22FB 38			            sec
  3884 22FC 6A			            ror
  3885 22FD 6E 2B 23		            ror L232A+1
  3886 2300 4A			            lsr
  3887 2301 6E 2B 23		            ror L232A+1
  3888 2304 8D 2C 23		            sta L232A+2
  3889 2307 A0 3F		            ldy #$3F
  3890 2309 B1 31		            lda (CHKSUM),Y
  3891 230B 29 80		            and #$80
  3892 230D 85 0A		            sta DOSVEC
  3893 230F A2 3C		            ldx #$3C
  3894 2311 A9 03		            lda #$03
  3895 2313 85 2C		            sta ICAX3Z
  3896 2315 88			L2315       dey
  3897 2316 B1 31		            lda (CHKSUM),Y
  3898 2318 85 29		            sta ICBLHZ
  3899 231A A9 01		            lda #$01
  3900 231C 46 29		L231C       lsr ICBLHZ
  3901 231E 24 0A		            bit DOSVEC
  3902 2320 10 05		            bpl L2327
  3903 2322 08			            php
  3904 2323 46 29		            lsr ICBLHZ
  3905 2325 2A			            rol
  3906 2326 28			            plp
  3907 2327 2A			L2327       rol
  3908 2328 90 F2		            bcc L231C
  3909 232A 9D 00 80		L232A       sta L8000,X
  3910 232D E8			            inx
  3911 232E C6 2C		            dec ICAX3Z
  3912 2330 D0 E3		            bne L2315
  3913 2332 8A			            txa
  3914 2333 CB			            .byte $CB
  3915 2334 06 10		            asl POKMSK
  3916 2336 DA			            .byte $DA
  3917 2337 60			            rts
  3918 2338 A9 05		L2338       lda #$05
  3919 233A A0 06		            ldy #$06
  3920 233C 0C			            .byte $0C
  3921 233D 98			L233D       tya
  3922 233E 88			            dey
  3923 233F 99 F9 CF		            sta LCFF9,Y
  3924 2342 D0 F9		            bne L233D
  3925 2344 60			            rts
  3926 2345 A4 05		            ldy RAMLO+1
  3927 2347 A9 FF		L2347       lda #$FF
  3928 2349 99 20 02		            sta CDTMV5,Y
  3929 234C 99 18 02		            sta CDTMV1,Y
  3930 234F 59 93 CF		            eor LCF93,Y
  3931 2352 2D 44 E6		            and LE644
  3932 2355 8D 44 E6		            sta LE644
  3933 2358 98			            tya
  3934 2359 EE FF CF		            inc LCFFF
  3935 235C AC FF CF		            ldy LCFFF
  3936 235F 99 F9 CF		            sta LCFF9,Y
  3937 2362 60			            rts
  3938 2363 A2 28		L2363       ldx #$28
  3939 2365 86 06		L2365       stx TRAMSZ
  3940 2367 A6 0D		            ldx DOSINI+1
  3941 2369 18			            clc
  3942 236A BD CF CB		            lda LCBCF,X
  3943 236D 69 CF		            adc #$CF
  3944 236F 85 2D		            sta ICAX4Z
  3945 2371 BD E7 CB		            lda LCBE7,X
  3946 2374 69 CB		            adc #$CB
  3947 2376 85 2E		            sta ICAX5Z
  3948 2378 A2 06		            ldx #$06
  3949 237A BD 9B E1		L237A       lda LE19B,X
  3950 237D 95 05		            sta RAMLO+1,X
  3951 237F CA			            dex
  3952 2380 10 F8		            bpl L237A
  3953 2382 A4 0D		            ldy DOSINI+1
  3954 2384 BE 9E E2		            ldx LE29E,Y
  3955 2387 BD B6 E2		            lda LE2B6,X
  3956 238A 85 0B		            sta DOSVEC+1
  3957 238C 4A			            lsr
  3958 238D 4A			            lsr
  3959 238E 4A			            lsr
  3960 238F 4A			            lsr
  3961 2390 8D 26 D0		            sta LD026
  3962 2393 10 06		            bpl L239B
  3963 2395 A5 08		L2395       lda WARMST
  3964 2397 65 5A		            adc OLDROW
  3965 2399 85 08		            sta WARMST
  3966 239B A4 05		L239B       ldy RAMLO+1
  3967 239D B1 2D		            lda (ICAX4Z),Y
  3968 239F 85 0C		            sta DOSINI
  3969 23A1 A5 05		            lda RAMLO+1
  3970 23A3 4A			            lsr
  3971 23A4 69 50		            adc #$50
  3972 23A6 85 59		            sta SAVMSC+1
  3973 23A8 AA			            tax
  3974 23A9 A5 0C		            lda DOSINI
  3975 23AB 20 EA 22		            jsr L22EA
  3976 23AE A0 3F		            ldy #$3F
  3977 23B0 B1 31		            lda (CHKSUM),Y
  3978 23B2 29 1F		            and #$1F
  3979 23B4 85 5A		            sta OLDROW
  3980 23B6 20 F3 20		            jsr L20F3
  3981 23B9 A9 18		            lda #$18
  3982 23BB 20 DC 23		            jsr L23DC
  3983 23BE B1 2D		            lda (ICAX4Z),Y
  3984 23C0 F0 01		            beq L23C3
  3985 23C2 0C			            .byte $0C
  3986 23C3 A5 59		L23C3       lda SAVMSC+1
  3987 23C5 85 0C		            sta DOSINI
  3988 23C7 20 F3 20		            jsr L20F3
  3989 23CA A9 E8		            lda #$E8
  3990 23CC 20 DC 23		            jsr L23DC
  3991 23CF C0 08		            cpy #$08
  3992 23D1 90 C2		            bcc L2395
  3993 23D3 A6 2D		            ldx ICAX4Z
  3994 23D5 A4 2E		            ldy ICAX5Z
  3995 23D7 86 5F		            stx OLDADR+1
  3996 23D9 84 60		            sty FKDEF
  3997 23DB 60			            rts
  3998 23DC 18			L23DC       clc
  3999 23DD 65 06		            adc TRAMSZ
  4000 23DF 85 06		            sta TRAMSZ
  4001 23E1 E6 05		            inc RAMLO+1
  4002 23E3 A4 05		            ldy RAMLO+1
  4003 23E5 60			            rts
  4004 23E6 A9 00		L23E6       lda #$00
  4005 23E8 AA			            tax
  4006 23E9 9D 00 54		L23E9       sta L5400,X
  4007 23EC E8			            inx
  4008 23ED D0 FA		            bne L23E9
  4009 23EF A2 03		            ldx #$03
  4010 23F1 86 05		L23F1       stx RAMLO+1
  4011 23F3 BD 20 02		            lda CDTMV5,X
  4012 23F6 10 03		            bpl L23FB
  4013 23F8 8A			            txa
  4014 23F9 D0 11		            bne L240C
  4015 23FB 85 0D		L23FB       sta DOSINI+1
  4016 23FD A9 00		            lda #$00
  4017 23FF 85 0B		L23FF       sta DOSVEC+1
  4018 2401 85 0A		            sta DOSVEC
  4019 2403 20 61 21		            jsr L2161
  4020 2406 A4 05		            ldy RAMLO+1
  4021 2408 18			            clc
  4022 2409 20 68 22		            jsr L2268
  4023 240C A6 05		L240C       ldx RAMLO+1
  4024 240E CA			            dex
  4025 240F 10 E0		            bpl L23F1
  4026 2411 60			            rts
  4027 2412 A9 FF		L2412       lda #$FF
  4028 2414 0C			            .byte $0C
  4029 2415 A9 00		L2415       lda #$00
  4030 2417 8D 44 E6		L2417       sta LE644
  4031 241A A9 40		            lda #$40
  4032 241C 85 A3		            sta L00A3
  4033 241E 60			            rts
  4034 241F A9 FF		L241F       lda #$FF
  4035 2421 0C			            .byte $0C
  4036 2422 A9 00		L2422       lda #$00
  4037 2424 20 17 24		L2424       jsr L2417
  4038 2427 24 A3		L2427       bit L00A3
  4039 2429 10 FC		            bpl L2427
  4040 242B A5 53		L242B       lda RMARGN
  4041 242D F0 FC		            beq L242B
  4042 242F 60			            rts
  4043 2430 24 18		L2430       bit DSKFMS
  4044 2432 10 56		            bpl L248A
  4045 2434 38			            sec
  4046 2435 A5 42		            lda CRITIC
  4047 2437 E5 1B		            sbc DSKUTL+1
  4048 2439 A8			            tay
  4049 243A A5 43		            lda FMSZPG
  4050 243C E5 1C		            sbc ABUFPT
  4051 243E 85 47		            sta FMSZPG+4
  4052 2440 98			            tya
  4053 2441 18			            clc
  4054 2442 69 0C		            adc #$0C
  4055 2444 85 46		            sta FMSZPG+3
  4056 2446 A5 47		            lda FMSZPG+4
  4057 2448 69 00		            adc #$00
  4058 244A 85 47		            sta FMSZPG+4
  4059 244C F0 15		            beq L2463
  4060 244E C9 FF		            cmp #$FF
  4061 2450 F0 0B		            beq L245D
  4062 2452 4A			            lsr
  4063 2453 D0 35		            bne L248A
  4064 2455 A5 46		            lda FMSZPG+3
  4065 2457 C9 7C		            cmp #$7C
  4066 2459 90 08		            bcc L2463
  4067 245B B0 2D		            bcs L248A
  4068 245D A5 46		L245D       lda FMSZPG+3
  4069 245F C9 DC		            cmp #$DC
  4070 2461 90 27		            bcc L248A
  4071 2463 38			L2463       sec
  4072 2464 A5 44		            lda FMSZPG+1
  4073 2466 E5 1D		            sbc ABUFPT+1
  4074 2468 A8			            tay
  4075 2469 A5 45		            lda FMSZPG+2
  4076 246B E5 1E		            sbc ABUFPT+2
  4077 246D 85 49		            sta FMSZPG+6
  4078 246F 98			            tya
  4079 2470 18			            clc
  4080 2471 69 64		            adc #$64
  4081 2473 85 48		            sta FMSZPG+5
  4082 2475 A8			            tay
  4083 2476 A5 49		            lda FMSZPG+6
  4084 2478 69 00		            adc #$00
  4085 247A 85 49		            sta FMSZPG+6
  4086 247C 4A			            lsr
  4087 247D D0 0B		            bne L248A
  4088 247F 90 06		            bcc L2487
  4089 2481 C0 18		            cpy #$18
  4090 2483 B0 05		            bcs L248A
  4091 2485 38			            sec
  4092 2486 60			            rts
  4093 2487 C0 3C		L2487       cpy #$3C
  4094 2489 60			            rts
  4095 248A 18			L248A       clc
  4096 248B 60			            rts
  4097 248C 8A			L248C       txa
  4098 248D 45 50		            eor TEMPCHR
  4099 248F 4A			            lsr
  4100 2490 08			            php
  4101 2491 A0 00		            ldy #$00
  4102 2493 38			            sec
  4103 2494 A5 7A		            lda KEYDEF+1
  4104 2496 E5 18		            sbc DSKFMS
  4105 2498 B0 06		            bcs L24A0
  4106 249A 49 FF		            eor #$FF
  4107 249C 69 01		            adc #$01
  4108 249E A0 F8		            ldy #$F8
  4109 24A0 84 64		L24A0       sty ADRESS
  4110 24A2 A8			            tay
  4111 24A3 08			            php
  4112 24A4 A2 00		            ldx #$00
  4113 24A6 38			            sec
  4114 24A7 A5 79		            lda KEYDEF
  4115 24A9 E5 17		            sbc ICCOMT
  4116 24AB B0 06		            bcs L24B3
  4117 24AD 49 FF		            eor #$FF
  4118 24AF 69 01		            adc #$01
  4119 24B1 A2 F8		            ldx #$F8
  4120 24B3 86 62		L24B3       stx PALNTS
  4121 24B5 AA			            tax
  4122 24B6 08			            php
  4123 24B7 0A			            asl
  4124 24B8 0A			            asl
  4125 24B9 0A			            asl
  4126 24BA 0A			            asl
  4127 24BB 8D C6 24		            sta L24C5+1
  4128 24BE A9 46		            lda #$46
  4129 24C0 69 00		            adc #$00
  4130 24C2 8D C7 24		            sta L24C5+2
  4131 24C5 B9 00 46		L24C5       lda L4600,Y
  4132 24C8 84 02		            sty CASINI
  4133 24CA E4 02		            cpx CASINI
  4134 24CC B0 65		            bcs L2532+1
  4135 24CE 8D 10 25		            sta L250F+1
  4136 24D1 24 62		            bit PALNTS
  4137 24D3 10 04		            bpl L24D9
  4138 24D5 49 FF		            eor #$FF
  4139 24D7 69 01		            adc #$01
  4140 24D9 85 61		L24D9       sta FKDEF+1
  4141 24DB A5 64		            lda ADRESS
  4142 24DD F0 02		            beq L24E1
  4143 24DF A9 FE		            lda #$FE
  4144 24E1 49 FF		L24E1       eor #$FF
  4145 24E3 85 63		            sta LOGCOL
  4146 24E5 A9 00		            lda #$00
  4147 24E7 28			            plp
  4148 24E8 2A			            rol
  4149 24E9 28			            plp
  4150 24EA 2A			            rol
  4151 24EB A8			            tay
  4152 24EC 28			            plp
  4153 24ED B0 30		            bcs L251F
  4154 24EF B9 27 25		            lda L2527,Y
  4155 24F2 8D 07 25		            sta L2507
  4156 24F5 B9 2B 25		            lda L252A+1,Y
  4157 24F8 8D 14 25		            sta L2514
  4158 24FB A5 18		            lda DSKFMS
  4159 24FD 8D 0C 25		            sta L250A+2
  4160 2500 A6 17		            ldx ICCOMT
  4161 2502 A9 80		            lda #$80
  4162 2504 18			            clc
  4163 2505 90 08		            bcc L250F
  4164 2507 EE 0C 25		L2507       inc L250A+2
  4165 250A BC 00 80		L250A       ldy L8000,X
  4166 250D 30 0D		            bmi L251C
  4167 250F 69 00		L250F       adc #$00
  4168 2511 90 02		            bcc L2515
  4169 2513 18			            clc
  4170 2514 E8			L2514       inx
  4171 2515 C6 02		L2515       dec CASINI
  4172 2517 D0 EE		            bne L2507
  4173 2519 A9 01		            lda #$01
  4174 251B 60			            rts
  4175 251C A9 00		L251C       lda #$00
  4176 251E 60			            rts
  4177 251F A6 2B		L251F       ldx ICAX2Z
  4178 2521 BD B0 47		L2521       lda L47B0,X
  4179 2524 29 02		            and #$02
  4180 2526 60			            rts
  4181 2527 CE EE CE		L2527       dec LCEEE
  4182 252A EE CA CA		L252A       inc LCACA
  4183 252D E8			            inx
  4184 252E E8			            inx
  4185 252F EE CE CE		L252F       inc LCECE
  4186 2532 EE 8D 7B		L2532       inc L7B8D
  4187 2535 25 24		            and ICBALZ
  4188 2537 64			            .byte $64
  4189 2538 10 04		            bpl L253E
  4190 253A 49 FF		            eor #$FF
  4191 253C 69 00		            adc #$00
  4192 253E 85 63		L253E       sta LOGCOL
  4193 2540 A5 62		            lda PALNTS
  4194 2542 F0 02		            beq L2546
  4195 2544 A9 FE		            lda #$FE
  4196 2546 49 FF		L2546       eor #$FF
  4197 2548 85 61		            sta FKDEF+1
  4198 254A 28			            plp
  4199 254B B0 08		            bcs L2555
  4200 254D A5 7A		            lda KEYDEF+1
  4201 254F A6 79		            ldx KEYDEF
  4202 2551 A4 17		            ldy ICCOMT
  4203 2553 90 06		            bcc L255B
  4204 2555 A5 18		L2555       lda DSKFMS
  4205 2557 A6 17		            ldx ICCOMT
  4206 2559 A4 79		            ldy KEYDEF
  4207 255B 8D 77 25		L255B       sta L2575+2
  4208 255E 8C 83 25		            sty L2582+1
  4209 2561 A9 00		            lda #$00
  4210 2563 2A			            rol
  4211 2564 28			            plp
  4212 2565 2A			            rol
  4213 2566 A8			            tay
  4214 2567 28			            plp
  4215 2568 B0 B5		            bcs L251F
  4216 256A B9 2F 25		            lda L252F,Y
  4217 256D 8D 7E 25		            sta L257E
  4218 2570 A9 80		            lda #$80
  4219 2572 18			            clc
  4220 2573 90 05		            bcc L257A
  4221 2575 BC 00 80		L2575       ldy L8000,X
  4222 2578 30 0F		            bmi L2589
  4223 257A 69 00		L257A       adc #$00
  4224 257C 90 03		            bcc L2581
  4225 257E CE 77 25		L257E       dec L2575+2
  4226 2581 E8			L2581       inx
  4227 2582 E0 00		L2582       cpx #$00
  4228 2584 90 EF		            bcc L2575
  4229 2586 A9 01		            lda #$01
  4230 2588 60			            rts
  4231 2589 A9 00		L2589       lda #$00
  4232 258B 60			            rts
  4233 258C A2 00		L258C       ldx #$00
  4234 258E AC 30 F9		            ldy LF930
  4235 2591 F0 0E		            beq L25A1
  4236 2593 BD 31 F9		L2593       lda LF931,X
  4237 2596 29 7F		            and #$7F
  4238 2598 9D 31 F9		            sta LF931,X
  4239 259B 8A			            txa
  4240 259C CB FC		            .byte $CB,$FC
  4241 259E 88			            dey
  4242 259F D0 F2		            bne L2593
  4243 25A1 60			L25A1       rts
  4244 25A2 A2 00		L25A2       ldx #$00
  4245 25A4 AC 30 F9		            ldy LF930
  4246 25A7 F0 1E		L25A7       beq L25C7
  4247 25A9 A5 3E		L25A9       lda FTYPE
  4248 25AB DD 31 F9		            cmp LF931,X
  4249 25AE D0 11		            bne L25C1
  4250 25B0 BD 32 F9		            lda LF932,X
  4251 25B3 85 2F		            sta ICAX6Z
  4252 25B5 BD 33 F9		            lda LF933,X
  4253 25B8 85 30		            sta L0030
  4254 25BA 84 29		            sty ICBLHZ
  4255 25BC 20 C8 25		            jsr L25C8
  4256 25BF A4 29		            ldy ICBLHZ
  4257 25C1 8A			L25C1       txa
  4258 25C2 CB FC		            .byte $CB,$FC
  4259 25C4 88			            dey
  4260 25C5 D0 E2		            bne L25A9
  4261 25C7 60			L25C7       rts
  4262 25C8 A9 2D		L25C8       lda #$2D
  4263 25CA 0C			            .byte $0C
  4264 25CB A9 2E		L25CB       lda #$2E
  4265 25CD 48			            pha
  4266 25CE A0 00		            ldy #$00
  4267 25D0 B1 2F		            lda (ICAX6Z),Y
  4268 25D2 C9 25		            cmp #$25
  4269 25D4 F0 12		            beq L25E8
  4270 25D6 68			            pla
  4271 25D7 E6 30		            inc L0030
  4272 25D9 91 2F		            sta (ICAX6Z),Y
  4273 25DB A0 03		            ldy #$03
  4274 25DD 91 2F		            sta (ICAX6Z),Y
  4275 25DF E6 30		            inc L0030
  4276 25E1 91 2F		            sta (ICAX6Z),Y
  4277 25E3 A0 00		            ldy #$00
  4278 25E5 91 2F		            sta (ICAX6Z),Y
  4279 25E7 60			            rts
  4280 25E8 68			L25E8       pla
  4281 25E9 C8			            iny
  4282 25EA 91 2F		            sta (ICAX6Z),Y
  4283 25EC C8			            iny
  4284 25ED 91 2F		            sta (ICAX6Z),Y
  4285 25EF E6 30		            inc L0030
  4286 25F1 E6 30		            inc L0030
  4287 25F3 E6 30		            inc L0030
  4288 25F5 91 2F		            sta (ICAX6Z),Y
  4289 25F7 88			            dey
  4290 25F8 91 2F		            sta (ICAX6Z),Y
  4291 25FA 60			            rts
  4292 25FB A2 FC		L25FB       ldx #$FC
  4293 25FD A5 7A		            lda KEYDEF+1
  4294 25FF 87			            .byte $87
  4295 2600 30 A5		            bmi L25A7
  4296 2602 79 87 2F		            adc L2F86+1,Y
  4297 2605 A2 00		            ldx #$00
  4298 2607 AC 30 F9		            ldy LF930
  4299 260A F0 2F		            beq L263B
  4300 260C BD 32 F9		L260C       lda LF932,X
  4301 260F C5 2F		            cmp ICAX6Z
  4302 2611 D0 22		            bne L2635
  4303 2613 BD 33 F9		            lda LF933,X
  4304 2616 C5 30		            cmp L0030
  4305 2618 D0 1B		            bne L2635
  4306 261A A5 E0		L261A       lda L00E0
  4307 261C DD 34 F9		L261C       cmp LF934,X
  4308 261F 90 14		            bcc L2635
  4309 2621 BD 31 F9		L2621       lda LF931,X
  4310 2624 C5 3E		            cmp FTYPE
  4311 2626 D0 0D		            bne L2635
  4312 2628 09 80		            ora #$80
  4313 262A 9D 31 F9		            sta LF931,X
  4314 262D 20 CB 25		            jsr L25CB
  4315 2630 20 68 26		            jsr L2668
  4316 2633 18			            clc
  4317 2634 60			            rts
  4318 2635 8A			L2635       txa
  4319 2636 CB FC		            .byte $CB,$FC
  4320 2638 88			            dey
  4321 2639 D0 D1		            bne L260C
  4322 263B 38			L263B       sec
  4323 263C 60			L263C       rts
  4324 263D A2 FF		L263D       ldx #$FF
  4325 263F E8			L263F       inx
  4326 2640 E4 41		            cpx SOUNDR
  4327 2642 B0 F8		            bcs L263C
  4328 2644 BD 10 02		            lda VTIMR1,X
  4329 2647 2C C5 E1		            bit LE1C5
  4330 264A F0 F3		            beq L263F
  4331 264C 09 40		            ora #$40
  4332 264E 85 2C		            sta ICAX3Z
  4333 2650 29 C0		            and #$C0
  4334 2652 BC 08 02		L2652       ldy VKEYBD,X
  4335 2655 84 2F		            sty ICAX6Z
  4336 2657 BC 00 02		            ldy VDSLST,X
  4337 265A 84 30		            sty L0030
  4338 265C 20 AD 26		            jsr L26AD
  4339 265F BD 10 02		            lda VTIMR1,X
  4340 2662 C5 2C		            cmp ICAX3Z
  4341 2664 D0 EC		            bne L2652
  4342 2666 F0 D7		            beq L263F
  4343 2668 A5 7A		L2668       lda KEYDEF+1
  4344 266A 29 FC		            and #$FC
  4345 266C 85 30		            sta L0030
  4346 266E A5 79		            lda KEYDEF
  4347 2670 29 FC		            and #$FC
  4348 2672 85 2F		            sta ICAX6Z
  4349 2674 A6 41		            ldx SOUNDR
  4350 2676 F0 16		            beq L268E
  4351 2678 CA			            dex
  4352 2679 DD 08 02		L2679       cmp VKEYBD,X
  4353 267C D0 07		            bne L2685
  4354 267E BC 00 02		            ldy VDSLST,X
  4355 2681 C4 30		            cpy L0030
  4356 2683 F0 21		            beq L26A6
  4357 2685 CA			L2685       dex
  4358 2686 10 F1		            bpl L2679
  4359 2688 A6 41		            ldx SOUNDR
  4360 268A E0 07		            cpx #$07
  4361 268C B0 13		            bcs L26A1
  4362 268E E6 41		L268E       inc SOUNDR
  4363 2690 9D 08 02		            sta VKEYBD,X
  4364 2693 45 79		            eor KEYDEF
  4365 2695 A8			            tay
  4366 2696 A5 30		            lda L0030
  4367 2698 9D 00 02		            sta VDSLST,X
  4368 269B B9 A2 26		            lda L26A2,Y
  4369 269E 9D 10 02		            sta VTIMR1,X
  4370 26A1 60			L26A1       rts
  4371 26A2 40			L26A2       rti
  4372 26A3 C0 C0		            cpy #$C0
  4373 26A5 40			            rti
  4374 26A6 BD 10 02		L26A6       lda VTIMR1,X
  4375 26A9 0A			            asl
  4376 26AA 30 F5		            bmi L26A1
  4377 26AC 6A			            ror
  4378 26AD 09 40		L26AD       ora #$40
  4379 26AF 9D 10 02		            sta VTIMR1,X
  4380 26B2 30 15		            bmi L26C9
  4381 26B4 C9 44		            cmp #$44
  4382 26B6 B0 E9		            bcs L26A1
  4383 26B8 29 03		            and #$03
  4384 26BA 65 30		            adc L0030
  4385 26BC 85 30		            sta L0030
  4386 26BE A0 01		            ldy #$01
  4387 26C0 B1 2F		            lda (ICAX6Z),Y
  4388 26C2 29 7F		            and #$7F
  4389 26C4 91 2F		            sta (ICAX6Z),Y
  4390 26C6 C8			            iny
  4391 26C7 10 11		            bpl L26DA
  4392 26C9 C9 C4		L26C9       cmp #$C4
  4393 26CB B0 D4		            bcs L26A1
  4394 26CD E6 30		            inc L0030
  4395 26CF 29 03		            and #$03
  4396 26D1 A8			            tay
  4397 26D2 B1 2F		            lda (ICAX6Z),Y
  4398 26D4 29 7F		            and #$7F
  4399 26D6 91 2F		            sta (ICAX6Z),Y
  4400 26D8 E6 30		            inc L0030
  4401 26DA B1 2F		L26DA       lda (ICAX6Z),Y
  4402 26DC 29 7F		            and #$7F
  4403 26DE 91 2F		            sta (ICAX6Z),Y
  4404 26E0 FE 10 02		            inc VTIMR1,X
  4405 26E3 60			            rts
  4406 26E4 A4 41		L26E4       ldy SOUNDR
  4407 26E6 F0 6A		            beq L2752
  4408 26E8 A2 00		            ldx #$00
  4409 26EA A0 00		            ldy #$00
  4410 26EC 84 2C		L26EC       sty ICAX3Z
  4411 26EE BD 10 02		            lda VTIMR1,X
  4412 26F1 0A			            asl
  4413 26F2 30 3B		            bmi L272F
  4414 26F4 29 0E		            and #$0E
  4415 26F6 F0 53		            beq L274B
  4416 26F8 DE 10 02		            dec VTIMR1,X
  4417 26FB BD 08 02		            lda VKEYBD,X
  4418 26FE 85 2F		            sta ICAX6Z
  4419 2700 BD 10 02		            lda VTIMR1,X
  4420 2703 29 07		            and #$07
  4421 2705 B0 10		            bcs L2717
  4422 2707 7D 00 02		            adc VDSLST,X
  4423 270A 85 30		L270A       sta L0030
  4424 270C A0 01		            ldy #$01
  4425 270E B1 2F		L270E       lda (ICAX6Z),Y
  4426 2710 09 80		            ora #$80
  4427 2712 91 2F		            sta (ICAX6Z),Y
  4428 2714 C8			            iny
  4429 2715 10 10		            bpl L2727
  4430 2717 A8			L2717       tay
  4431 2718 BD 00 02		            lda VDSLST,X
  4432 271B 69 00		L271B       adc #$00
  4433 271D 85 30		L271D       sta L0030
  4434 271F B1 2F		            lda (ICAX6Z),Y
  4435 2721 09 80		            ora #$80
  4436 2723 91 2F		            sta (ICAX6Z),Y
  4437 2725 E6 30		            inc L0030
  4438 2727 B1 2F		L2727       lda (ICAX6Z),Y
  4439 2729 09 80		            ora #$80
  4440 272B 91 2F		            sta (ICAX6Z),Y
  4441 272D A4 2C		            ldy ICAX3Z
  4442 272F BD 10 02		L272F       lda VTIMR1,X
  4443 2732 29 BF		            and #$BF
  4444 2734 9D 10 02		            sta VTIMR1,X
  4445 2737 E4 2C		            cpx ICAX3Z
  4446 2739 F0 0F		            beq L274A
  4447 273B 99 10 02		            sta VTIMR1,Y
  4448 273E BD 00 02		            lda VDSLST,X
  4449 2741 99 00 02		            sta VDSLST,Y
  4450 2744 BD 08 02		            lda VKEYBD,X
  4451 2747 99 08 02		            sta VKEYBD,Y
  4452 274A C8			L274A       iny
  4453 274B E8			L274B       inx
  4454 274C E4 41		            cpx SOUNDR
  4455 274E 90 9C		            bcc L26EC
  4456 2750 84 41		            sty SOUNDR
  4457 2752 60			L2752       rts
  4458 2753 AD F2 E8		L2753       lda LE8F2
  4459 2756 4A			            lsr
  4460 2757 4A			            lsr
  4461 2758 4A			            lsr
  4462 2759 4A			            lsr
  4463 275A 4A			            lsr
  4464 275B 85 29		L275B       sta ICBLHZ
  4465 275D A5 3E		            lda FTYPE
  4466 275F 0A			            asl
  4467 2760 A8			            tay
  4468 2761 BE 24 EA		            ldx LEA24,Y
  4469 2764 B9 25 EA		            lda LEA25,Y
  4470 2767 20 95 E0		            jsr LE095
  4471 276A A9 80		            lda #$80
  4472 276C 20 A2 E0		            jsr LE0A2
  4473 276F F0 05		            beq L2776
  4474 2771 A2 00		            ldx #$00
  4475 2773 20 F9 27		            jsr L27F9
  4476 2776 A9 20		L2776       lda #$20
  4477 2778 20 A2 E0		            jsr LE0A2
  4478 277B 8D F3 E8		            sta LE8F3
  4479 277E A9 08		L277E       lda #$08
  4480 2780 20 A2 E0		            jsr LE0A2
  4481 2783 F0 73		            beq L27F8
  4482 2785 85 2A		            sta ICAX1Z
  4483 2787 C6 29		            dec ICBLHZ
  4484 2789 30 11		            bmi L279C
  4485 278B 20 A0 E0		L278B       jsr LE0A0
  4486 278E 20 A0 E0		            jsr LE0A0
  4487 2791 A9 20		            lda #$20
  4488 2793 20 A2 E0		            jsr LE0A2
  4489 2796 C6 2A		            dec ICAX1Z
  4490 2798 D0 F1		            bne L278B
  4491 279A F0 E2		            beq L277E
  4492 279C 8D D4 02		L279C       sta ZLOADA+1
  4493 279F A9 20		            lda #$20
  4494 27A1 4A			L27A1       lsr
  4495 27A2 C5 2A		            cmp ICAX1Z
  4496 27A4 90 02		            bcc L27A8
  4497 27A6 D0 F9		            bne L27A1
  4498 27A8 8D 25 28		L27A8       sta L2824+1
  4499 27AB A2 01		            ldx #$01
  4500 27AD 20 F9 27		L27AD       jsr L27F9
  4501 27B0 20 A0 E0		            jsr LE0A0
  4502 27B3 9D D4 02		            sta ZLOADA+1,X
  4503 27B6 A9 80		            lda #$80
  4504 27B8 20 A2 E0		            jsr LE0A2
  4505 27BB 9D 20 4C		            sta L4C20,X
  4506 27BE A0 00		L27BE       ldy #$00
  4507 27C0 B1 33		            lda (BUFRHI),Y
  4508 27C2 29 FC		            and #$FC
  4509 27C4 C9 10		            cmp #$10
  4510 27C6 F0 10		            beq L27D8
  4511 27C8 B1 33		            lda (BUFRHI),Y
  4512 27CA 80			            .byte $80
  4513 27CB C8			L27CB       iny
  4514 27CC D9 06 E9		            cmp LE906,Y
  4515 27CF D0 FA		            bne L27CB
  4516 27D1 98			            tya
  4517 27D2 09 10		            ora #$10
  4518 27D4 A0 00		            ldy #$00
  4519 27D6 91 33		            sta (BUFRHI),Y
  4520 27D8 E8			L27D8       inx
  4521 27D9 C6 2A		            dec ICAX1Z
  4522 27DB D0 D0		            bne L27AD
  4523 27DD E0 20		L27DD       cpx #$20
  4524 27DF B0 13		            bcs L27F4
  4525 27E1 A9 FF		            lda #$FF
  4526 27E3 9D 94 02		            sta TXTMSC,X
  4527 27E6 9D 00 4C		            sta L4C00,X
  4528 27E9 9D B4 02		            sta LOGMAP+2,X
  4529 27EC A9 00		            lda #$00
  4530 27EE 9D 20 4C		            sta L4C20,X
  4531 27F1 E8			            inx
  4532 27F2 D0 E9		            bne L27DD
  4533 27F4 20 8F 2A		L27F4       jsr L2A8F
  4534 27F7 18			            clc
  4535 27F8 60			L27F8       rts
  4536 27F9 A9 04		L27F9       lda #$04
  4537 27FB 20 A2 E0		            jsr LE0A2
  4538 27FE 2A			            rol
  4539 27FF 0A			            asl
  4540 2800 9D 94 02		            sta TXTMSC,X
  4541 2803 85 33		            sta BUFRHI
  4542 2805 A9 12		            lda #$12
  4543 2807 20 A2 E0		            jsr LE0A2
  4544 280A 5D 94 02		            eor TXTMSC,X
  4545 280D 9D B4 02		            sta LOGMAP+2,X
  4546 2810 5D 94 02		            eor TXTMSC,X
  4547 2813 2A			            rol
  4548 2814 0A			            asl
  4549 2815 9D 00 4C		            sta L4C00,X
  4550 2818 85 34		            sta BFENLO
  4551 281A 60			            rts
  4552 281B A5 7A		L281B       lda KEYDEF+1
  4553 281D 4A			            lsr
  4554 281E 4A			            lsr
  4555 281F 45 79		            eor KEYDEF
  4556 2821 8D 29 28		            sta L2828+1
  4557 2824 A0 10		L2824       ldy #$10
  4558 2826 84 02		            sty CASINI
  4559 2828 A9 00		L2828       lda #$00
  4560 282A D9 B4 02		            cmp LOGMAP+2,Y
  4561 282D B0 0B		            bcs L283A
  4562 282F 46 02		L282F       lsr CASINI
  4563 2831 B0 1D		            bcs L2850
  4564 2833 38			            sec
  4565 2834 98			            tya
  4566 2835 E5 02		            sbc CASINI
  4567 2837 A8			            tay
  4568 2838 B0 EE		            bcs L2828
  4569 283A F0 0A		L283A       beq L2846
  4570 283C 46 02		L283C       lsr CASINI
  4571 283E B0 10		            bcs L2850
  4572 2840 98			            tya
  4573 2841 65 02		            adc CASINI
  4574 2843 A8			            tay
  4575 2844 90 E2		            bcc L2828
  4576 2846 A5 79		L2846       lda KEYDEF
  4577 2848 D9 94 02		            cmp TXTMSC,Y
  4578 284B 90 E2		            bcc L282F
  4579 284D D0 ED		            bne L283C
  4580 284F 18			            clc
  4581 2850 60			L2850       rts
  4582 2851 B5 E0		L2851       lda L00E0,X
  4583 2853 AA			            tax
  4584 2854 BD 56 E2		            lda LE256,X
  4585 2857 85 6E		            sta BITMSK
  4586 2859 49 FF		            eor #$FF
  4587 285B 69 01		            adc #$01
  4588 285D 85 6C		            sta BUFSTR
  4589 285F 98			            tya
  4590 2860 0A			            asl
  4591 2861 0A			            asl
  4592 2862 0A			            asl
  4593 2863 85 2A		            sta ICAX1Z
  4594 2865 B9 D4 02		            lda ZLOADA+1,Y
  4595 2868 8D 83 28		            sta L2882+1
  4596 286B 20 01 2A		            jsr L2A01
  4597 286E AA			            tax
  4598 286F F0 0D		            beq L287E
  4599 2871 A5 22		            lda ICCOMZ
  4600 2873 29 C0		            and #$C0
  4601 2875 85 29		            sta ICBLHZ
  4602 2877 AD 1B D4		            lda LD419+2
  4603 287A C5 29		            cmp ICBLHZ
  4604 287C 90 6D		            bcc L28EB
  4605 287E A0 02		L287E       ldy #$02
  4606 2880 84 29		            sty ICBLHZ
  4607 2882 A9 00		L2882       lda #$00
  4608 2884 A0 08		            ldy #$08
  4609 2886 88			L2886       dey
  4610 2887 0A			            asl
  4611 2888 90 FC		            bcc L2886
  4612 288A 48			            pha
  4613 288B BE D8 E1		            ldx LE1D8,Y
  4614 288E B5 6C		            lda BUFSTR,X
  4615 2890 A6 29		            ldx ICBLHZ
  4616 2892 95 6F		            sta SHFAMT,X
  4617 2894 BE D6 E1		            ldx LE1D6,Y
  4618 2897 B5 6C		            lda BUFSTR,X
  4619 2899 A6 29		            ldx ICBLHZ
  4620 289B 95 72		            sta COLAC,X
  4621 289D 8C AA 28		            sty L28A9+1
  4622 28A0 98			            tya
  4623 28A1 05 2A		            ora ICAX1Z
  4624 28A3 A8			            tay
  4625 28A4 B9 00 45		            lda L4500,Y
  4626 28A7 95 75		            sta ENDPT+1,X
  4627 28A9 A0 08		L28A9       ldy #$08
  4628 28AB CA			            dex
  4629 28AC 30 0D		            bmi L28BB
  4630 28AE 86 29		            stx ICBLHZ
  4631 28B0 68			            pla
  4632 28B1 D0 D3		            bne L2886
  4633 28B3 95 6F		L28B3       sta SHFAMT,X
  4634 28B5 95 72		            sta COLAC,X
  4635 28B7 CA			            dex
  4636 28B8 10 F9		            bpl L28B3
  4637 28BA 80			            .byte $80
  4638 28BB 68			L28BB       pla
  4639 28BC A0 00		            ldy #$00
  4640 28BE AD 1B D4		            lda LD419+2
  4641 28C1 C9 AA		            cmp #$AA
  4642 28C3 B0 06		            bcs L28CB
  4643 28C5 C8			            iny
  4644 28C6 C9 55		            cmp #$55
  4645 28C8 B0 01		            bcs L28CB
  4646 28CA C8			            iny
  4647 28CB A6 2B		L28CB       ldx ICAX2Z
  4648 28CD B9 6F 00		            lda SHFAMT,Y
  4649 28D0 9D 20 01		            sta L0120,X
  4650 28D3 B9 72 00		            lda COLAC,Y
  4651 28D6 9D 30 01		            sta L0130,X
  4652 28D9 1D 20 01		            ora L0120,X
  4653 28DC F0 07		            beq L28E5
  4654 28DE B9 75 00		            lda ENDPT+1,Y
  4655 28E1 9D E8 53		            sta L53E8,X
  4656 28E4 60			            rts
  4657 28E5 A9 08		L28E5       lda #$08
  4658 28E7 9D A0 01		            sta L01A0,X
  4659 28EA 60			            rts
  4660 28EB 8A			L28EB       txa
  4661 28EC 10 07		            bpl L28F5
  4662 28EE 20 6E 29		            jsr L296E
  4663 28F1 49 04		            eor #$04
  4664 28F3 10 03		            bpl L28F8
  4665 28F5 20 6E 29		L28F5       jsr L296E
  4666 28F8 AA			L28F8       tax
  4667 28F9 AC 83 28		            ldy L2882+1
  4668 28FC AD 1B D4		            lda LD419+2
  4669 28FF C9 E0		            cmp #$E0
  4670 2901 B0 06		            bcs L2909
  4671 2903 98			            tya
  4672 2904 3D 93 CF		            and LCF93,X
  4673 2907 D0 4C		            bne L2955
  4674 2909 98			L2909       tya
  4675 290A 3D 92 CF		            and LCF92,X
  4676 290D D0 38		            bne L2947
  4677 290F 98			            tya
  4678 2910 3D 94 CF		            and LCF94,X
  4679 2913 D0 2F		            bne L2944
  4680 2915 AD 1B D4		            lda LD419+2
  4681 2918 C9 E0		            cmp #$E0
  4682 291A B0 0C		            bcs L2928
  4683 291C 98			            tya
  4684 291D 3D 91 CF		            and LCF91,X
  4685 2920 D0 16		            bne L2938
  4686 2922 98			            tya
  4687 2923 3D 95 CF		            and LCF95,X
  4688 2926 D0 1B		            bne L2943
  4689 2928 A6 2B		L2928       ldx ICAX2Z
  4690 292A A9 08		            lda #$08
  4691 292C 9D A0 01		            sta L01A0,X
  4692 292F A9 00		            lda #$00
  4693 2931 9D 20 01		            sta L0120,X
  4694 2934 9D 30 01		            sta L0130,X
  4695 2937 60			            rts
  4696 2938 98			L2938       tya
  4697 2939 3D 95 CF		            and LCF95,X
  4698 293C F0 15		            beq L2953
  4699 293E AD 1B D4		            lda LD419+2
  4700 2941 10 10		            bpl L2953
  4701 2943 E8			L2943       inx
  4702 2944 E8			L2944       inx
  4703 2945 10 0E		            bpl L2955
  4704 2947 98			L2947       tya
  4705 2948 3D 94 CF		            and LCF94,X
  4706 294B F0 07		            beq L2954
  4707 294D AD 1B D4		            lda LD419+2
  4708 2950 30 F2		            bmi L2944
  4709 2952 80			            .byte $80
  4710 2953 CA			L2953       dex
  4711 2954 CA			L2954       dex
  4712 2955 8A			L2955       txa
  4713 2956 29 07		            and #$07
  4714 2958 A8			            tay
  4715 2959 BE D8 E1		            ldx LE1D8,Y
  4716 295C B5 6C		            lda BUFSTR,X
  4717 295E A6 2B		            ldx ICAX2Z
  4718 2960 9D 20 01		            sta L0120,X
  4719 2963 BE D6 E1		            ldx LE1D6,Y
  4720 2966 B5 6C		            lda BUFSTR,X
  4721 2968 A6 2B		            ldx ICAX2Z
  4722 296A 9D 30 01		            sta L0130,X
  4723 296D 60			            rts
  4724 296E A2 03		L296E       ldx #$03
  4725 2970 38			            sec
  4726 2971 A5 17		            lda ICCOMT
  4727 2973 E5 79		            sbc KEYDEF
  4728 2975 B0 06		            bcs L297D
  4729 2977 A2 01		            ldx #$01
  4730 2979 49 FF		            eor #$FF
  4731 297B 69 01		            adc #$01
  4732 297D 85 31		L297D       sta CHKSUM
  4733 297F 4A			            lsr
  4734 2980 A8			            tay
  4735 2981 38			            sec
  4736 2982 A5 18		            lda DSKFMS
  4737 2984 E5 7A		            sbc KEYDEF+1
  4738 2986 B0 05		            bcs L298D
  4739 2988 CA			            dex
  4740 2989 49 FF		            eor #$FF
  4741 298B 69 01		            adc #$01
  4742 298D 85 32		L298D       sta BUFRLO
  4743 298F 4A			            lsr
  4744 2990 C5 31		            cmp CHKSUM
  4745 2992 90 03		            bcc L2997
  4746 2994 8A			            txa
  4747 2995 CB			            .byte $CB
  4748 2996 F8			            sed
  4749 2997 C4 32		L2997       cpy BUFRLO
  4750 2999 90 03		            bcc L299E
  4751 299B 8A			            txa
  4752 299C CB FC		            .byte $CB,$FC
  4753 299E BD A2 29		L299E       lda L29A2,X
  4754 29A1 60			            rts
  4755 29A2 00			L29A2       .byte $00
  4756 29A3 06 02		            asl CASINI
  4757 29A5 04 07 07 03 03	            .byte $04,$07,$07,$03,$03
  4758 29AA 01 05		            ora (RAMLO+1,X)
  4759 29AC 01 05		            ora (RAMLO+1,X)
  4760 29AE AE D4 02		L29AE       ldx ZLOADA+1
  4761 29B1 BD E3 E1		            lda LE1E3,X
  4762 29B4 85 2A		            sta ICAX1Z
  4763 29B6 AD 1B D4		            lda LD419+2
  4764 29B9 18			L29B9       clc
  4765 29BA E5 2A		            sbc ICAX1Z
  4766 29BC 90 06		            bcc L29C4
  4767 29BE CA			            dex
  4768 29BF D0 F8		            bne L29B9
  4769 29C1 A6 2B		L29C1       ldx ICAX2Z
  4770 29C3 60			            rts
  4771 29C4 20 F9 16		L29C4       jsr L16F9
  4772 29C7 20 30 24		            jsr L2430
  4773 29CA 90 05		            bcc L29D1
  4774 29CC CA			            dex
  4775 29CD D0 F5		            bne L29C4
  4776 29CF F0 F0		            beq L29C1
  4777 29D1 A6 2B		L29D1       ldx ICAX2Z
  4778 29D3 A5 42		            lda CRITIC
  4779 29D5 9D 60 01		            sta L0160,X
  4780 29D8 A5 43		            lda FMSZPG
  4781 29DA 9D 70 01		            sta L0170,X
  4782 29DD A5 44		            lda FMSZPG+1
  4783 29DF 9D 80 01		            sta L0180,X
  4784 29E2 A5 45		            lda FMSZPG+2
  4785 29E4 9D 90 01		            sta L0190,X
  4786 29E7 A9 80		            lda #$80
  4787 29E9 9D B0 47		            sta L47B0,X
  4788 29EC 0A			            asl
  4789 29ED 9D 20 01		            sta L0120,X
  4790 29F0 9D 30 01		            sta L0130,X
  4791 29F3 20 18 15		            jsr L1518
  4792 29F6 AD 1B D4		            lda LD419+2
  4793 29F9 29 0F		            and #$0F
  4794 29FB 69 04		            adc #$04
  4795 29FD 9D A0 01		            sta L01A0,X
  4796 2A00 60			            rts
  4797 2A01 A6 2B		L2A01       ldx ICAX2Z
  4798 2A03 B5 E0		            lda L00E0,X
  4799 2A05 C9 11		            cmp #$11
  4800 2A07 90 04		            bcc L2A0D
  4801 2A09 C9 13		            cmp #$13
  4802 2A0B D0 10		            bne L2A1D
  4803 2A0D BC 10 01		L2A0D       ldy L0110,X
  4804 2A10 30 08		            bmi L2A1A
  4805 2A12 B9 93 CF		            lda LCF93,Y
  4806 2A15 2D 44 E6		            and LE644
  4807 2A18 D0 03		            bne L2A1D
  4808 2A1A A9 00		L2A1A       lda #$00
  4809 2A1C 60			            rts
  4810 2A1D B5 F0		L2A1D       lda L00F0,X
  4811 2A1F 4A			            lsr
  4812 2A20 4A			            lsr
  4813 2A21 4A			            lsr
  4814 2A22 4A			            lsr
  4815 2A23 69 01		            adc #$01
  4816 2A25 85 29		            sta ICBLHZ
  4817 2A27 38			            sec
  4818 2A28 AD 00 01		            lda L0100
  4819 2A2B B4 E0		            ldy L00E0,X
  4820 2A2D F9 26 E2		            sbc LE226,Y
  4821 2A30 90 04		            bcc L2A36
  4822 2A32 C5 29		            cmp ICBLHZ
  4823 2A34 B0 07		            bcs L2A3D
  4824 2A36 C0 0E		L2A36       cpy #$0E
  4825 2A38 A9 00		            lda #$00
  4826 2A3A 69 00		            adc #$00
  4827 2A3C 60			            rts
  4828 2A3D A9 FF		L2A3D       lda #$FF
  4829 2A3F 60			            rts
  4830 2A40 A2 03		L2A40       ldx #$03
  4831 2A42 A9 0F		L2A42       lda #$0F
  4832 2A44 85 32		            sta BUFRLO
  4833 2A46 BD 06 E9		            lda LE906,X
  4834 2A49 0A			            asl
  4835 2A4A 26 32		            rol BUFRLO
  4836 2A4C 0A			            asl
  4837 2A4D 26 32		            rol BUFRLO
  4838 2A4F 0A			            asl
  4839 2A50 26 32		            rol BUFRLO
  4840 2A52 85 31		            sta CHKSUM
  4841 2A54 8A			            txa
  4842 2A55 09 10		            ora #$10
  4843 2A57 0A			            asl
  4844 2A58 0A			            asl
  4845 2A59 0A			            asl
  4846 2A5A 8D 62 2A		            sta L2A61+1
  4847 2A5D A0 07		            ldy #$07
  4848 2A5F B1 31		L2A5F       lda (CHKSUM),Y
  4849 2A61 99 00 78		L2A61       sta L7800,Y
  4850 2A64 88			            dey
  4851 2A65 10 F8		            bpl L2A5F
  4852 2A67 BC 06 E9		            ldy LE906,X
  4853 2A6A B9 00 C1		            lda LC100,Y
  4854 2A6D 9D 10 C1		            sta LC110,X
  4855 2A70 CA			            dex
  4856 2A71 10 CF		            bpl L2A42
  4857 2A73 60			            rts
  4858 2A74 A2 1F		L2A74       ldx #$1F
  4859 2A76 BD C0 77		L2A76       lda L77C0,X
  4860 2A79 9D 80 78		            sta L7880,X
  4861 2A7C CA			            dex
  4862 2A7D 10 F7		            bpl L2A76
  4863 2A7F AD F2 DB		            lda LDBF2
  4864 2A82 29 0F		            and #$0F
  4865 2A84 09 A0		            ora #$A0
  4866 2A86 A2 03		            ldx #$03
  4867 2A88 9D 10 C1		L2A88       sta LC110,X
  4868 2A8B CA			            dex
  4869 2A8C 10 FA		            bpl L2A88
  4870 2A8E 60			L2A8E       rts
  4871 2A8F A2 00		L2A8F       ldx #$00
  4872 2A91 86 2B		            stx ICAX2Z
  4873 2A93 8A			            txa
  4874 2A94 9D 00 45		L2A94       sta L4500,X
  4875 2A97 E8			            inx
  4876 2A98 D0 FA		            bne L2A94
  4877 2A9A EC D4 02		L2A9A       cpx ZLOADA+1
  4878 2A9D B0 EF		            bcs L2A8E
  4879 2A9F E8			            inx
  4880 2AA0 BD D4 02		            lda ZLOADA+1,X
  4881 2AA3 85 2A		            sta ICAX1Z
  4882 2AA5 A9 FF		            lda #$FF
  4883 2AA7 85 29		            sta ICBLHZ
  4884 2AA9 E6 29		L2AA9       inc ICBLHZ
  4885 2AAB 46 2A		            lsr ICAX1Z
  4886 2AAD 90 61		            bcc L2B10
  4887 2AAF 8A			            txa
  4888 2AB0 0A			L2AB0       asl
  4889 2AB1 0A			            asl
  4890 2AB2 0A			            asl
  4891 2AB3 05 29		            ora ICBLHZ
  4892 2AB5 A8			            tay
  4893 2AB6 B9 00 45		            lda L4500,Y
  4894 2AB9 D0 55		            bne L2B10
  4895 2ABB E6 2B		            inc ICAX2Z
  4896 2ABD A5 2B		            lda ICAX2Z
  4897 2ABF 99 00 45		            sta L4500,Y
  4898 2AC2 BD 94 02		            lda TXTMSC,X
  4899 2AC5 85 C4		            sta L00C4
  4900 2AC7 BD 00 4C		            lda L4C00,X
  4901 2ACA 85 C5		            sta L00C5
  4902 2ACC A4 29		            ldy ICBLHZ
  4903 2ACE B9 D8 E1		            lda LE1D8,Y
  4904 2AD1 E9 00		            sbc #$00
  4905 2AD3 0A			            asl
  4906 2AD4 0A			            asl
  4907 2AD5 85 C2		            sta L00C2
  4908 2AD7 38			            sec
  4909 2AD8 B9 D6 E1		            lda LE1D6,Y
  4910 2ADB E9 01		            sbc #$01
  4911 2ADD 0A			            asl
  4912 2ADE 0A			            asl
  4913 2ADF 85 C3		            sta L00C3
  4914 2AE1 18			L2AE1       clc
  4915 2AE2 A5 C4		            lda L00C4
  4916 2AE4 65 C2		            adc L00C2
  4917 2AE6 85 C4		            sta L00C4
  4918 2AE8 18			            clc
  4919 2AE9 A5 C5		            lda L00C5
  4920 2AEB 65 C3		            adc L00C3
  4921 2AED 85 C5		            sta L00C5
  4922 2AEF AC D4 02		            ldy ZLOADA+1
  4923 2AF2 80			            .byte $80
  4924 2AF3 88			L2AF3       dey
  4925 2AF4 F0 EB		            beq L2AE1
  4926 2AF6 A5 C4		            lda L00C4
  4927 2AF8 D9 94 02		            cmp TXTMSC,Y
  4928 2AFB D0 F6		            bne L2AF3
  4929 2AFD A5 C5		            lda L00C5
  4930 2AFF D9 00 4C		            cmp L4C00,Y
  4931 2B02 D0 EF		            bne L2AF3
  4932 2B04 98			            tya
  4933 2B05 2A			            rol
  4934 2B06 0A			            asl
  4935 2B07 0A			            asl
  4936 2B08 45 29		            eor ICBLHZ
  4937 2B0A A8			            tay
  4938 2B0B A5 2B		            lda ICAX2Z
  4939 2B0D 99 00 45		            sta L4500,Y
  4940 2B10 D0 97		L2B10       bne L2AA9
  4941 2B12 F0 86		            beq L2A9A
  4942 2B14 20 60 09		L2B14       jsr L0960
  4943 2B17 A9 00		            lda #$00
  4944 2B19 85 5E		            sta OLDADR
  4945 2B1B 85 11		            sta BRKKEY
  4946 2B1D 85 13		            sta RTCLOK+1
  4947 2B1F 20 15 24		            jsr L2415
  4948 2B22 20 C4 30		            jsr L30C4
  4949 2B25 A9 40		            lda #$40
  4950 2B27 85 A2		            sta L00A2
  4951 2B29 A5 3E		            lda FTYPE
  4952 2B2B 85 3F		            sta FEOF
  4953 2B2D 20 08 2C		            jsr L2C08
  4954 2B30 B0 58		            bcs L2B8A
  4955 2B32 A2 AE		            ldx #$AE
  4956 2B34 20 8C 31		            jsr L318C
  4957 2B37 A9 16		            lda #$16
  4958 2B39 8D FB 02		            sta ATACHR
  4959 2B3C 20 29 09		            jsr L0929
  4960 2B3F 20 71 40		L2B3F       jsr L4071
  4961 2B42 A5 25		            lda ICBAHZ
  4962 2B44 F0 0C		            beq L2B52
  4963 2B46 20 9F 2B		L2B46       jsr L2B9F
  4964 2B49 A4 2A		            ldy ICAX1Z
  4965 2B4B 30 09		            bmi L2B56
  4966 2B4D B9 C0 CF		            lda LCFC0,Y
  4967 2B50 D0 F4		            bne L2B46
  4968 2B52 24 27		L2B52       bit ICPTHZ
  4969 2B54 10 E9		            bpl L2B3F
  4970 2B56 A4 65		L2B56       ldy ADRESS+1
  4971 2B58 A5 3E		            lda FTYPE
  4972 2B5A C5 3F		            cmp FEOF
  4973 2B5C F0 29		            beq L2B87
  4974 2B5E 38			            sec
  4975 2B5F B9 A4 EA		            lda LEAA4,Y
  4976 2B62 E9 22		            sbc #$22
  4977 2B64 0A			            asl
  4978 2B65 38			            sec
  4979 2B66 2A			            rol
  4980 2B67 0A			            asl
  4981 2B68 0A			            asl
  4982 2B69 0A			            asl
  4983 2B6A 85 1D		            sta ABUFPT+1
  4984 2B6C A9 00		            lda #$00
  4985 2B6E 85 1C		            sta ABUFPT
  4986 2B70 2A			            rol
  4987 2B71 85 1E		            sta ABUFPT+2
  4988 2B73 38			            sec
  4989 2B74 B9 84 EA		            lda LEA84,Y
  4990 2B77 E9 05		            sbc #$05
  4991 2B79 38			            sec
  4992 2B7A 2A			            rol
  4993 2B7B 0A			            asl
  4994 2B7C 0A			            asl
  4995 2B7D 26 1C		            rol ABUFPT
  4996 2B7F 0A			            asl
  4997 2B80 26 1C		            rol ABUFPT
  4998 2B82 0A			            asl
  4999 2B83 26 1C		            rol ABUFPT
  5000 2B85 85 1B		            sta DSKUTL+1
  5001 2B87 20 29 09		L2B87       jsr L0929
  5002 2B8A 20 CB 1E		L2B8A       jsr L1ECB
  5003 2B8D 20 D6 0A		            jsr L0AD6
  5004 2B90 A9 C0		            lda #$C0
  5005 2B92 05 40		            ora FREQ
  5006 2B94 8D 9E 1D		            sta L1D9D+1
  5007 2B97 A9 33		            lda #$33
  5008 2B99 8D 2D 1E		            sta L1E2C+1
  5009 2B9C 4C A1 09		            jmp L09A1
  5010 2B9F A2 00		L2B9F       ldx #$00
  5011 2BA1 86 2A		            stx ICAX1Z
  5012 2BA3 18			            clc
  5013 2BA4 65 65		            adc ADRESS+1
  5014 2BA6 A8			            tay
  5015 2BA7 BE E4 EA		            ldx LEAE4,Y
  5016 2BAA 30 5B		            bmi L2C07
  5017 2BAC E4 66		            cpx MLTTMP
  5018 2BAE F0 1B		            beq L2BCB
  5019 2BB0 A5 A1		            lda L00A1
  5020 2BB2 4A			            lsr
  5021 2BB3 90 52		            bcc L2C07
  5022 2BB5 84 65		            sty ADRESS+1
  5023 2BB7 8A			            txa
  5024 2BB8 48			            pha
  5025 2BB9 A9 0E		            lda #$0E
  5026 2BBB 20 40 2C		            jsr L2C40
  5027 2BBE 68			            pla
  5028 2BBF 85 66		            sta MLTTMP
  5029 2BC1 A9 09		            lda #$09
  5030 2BC3 20 40 2C		            jsr L2C40
  5031 2BC6 A4 65		            ldy ADRESS+1
  5032 2BC8 BE E4 EA		            ldx LEAE4,Y
  5033 2BCB 84 65		L2BCB       sty ADRESS+1
  5034 2BCD 8A			            txa
  5035 2BCE A2 00		            ldx #$00
  5036 2BD0 D9 E3 EA		            cmp LEAE3,Y
  5037 2BD3 D0 01		            bne L2BD6
  5038 2BD5 E8			            inx
  5039 2BD6 D9 E5 EA		L2BD6       cmp LEAE5,Y
  5040 2BD9 D0 02		            bne L2BDD
  5041 2BDB E8			            inx
  5042 2BDC E8			            inx
  5043 2BDD 86 2A		L2BDD       stx ICAX1Z
  5044 2BDF A5 2A		            lda ICAX1Z
  5045 2BE1 48			            pha
  5046 2BE2 B9 C4 EA		            lda LEAC4,Y
  5047 2BE5 29 0F		            and #$0F
  5048 2BE7 48			            pha
  5049 2BE8 59 C4 EA		            eor LEAC4,Y
  5050 2BEB 8D F2 E8		            sta LE8F2
  5051 2BEE A9 10		            lda #$10
  5052 2BF0 8D FB 02		            sta ATACHR
  5053 2BF3 20 6A 2C		            jsr L2C6A
  5054 2BF6 68			            pla
  5055 2BF7 85 3E		L2BF7       sta FTYPE
  5056 2BF9 20 6A 2C		            jsr L2C6A
  5057 2BFC A9 10		            lda #$10
  5058 2BFE 8D F4 02		            sta CHBAS
  5059 2C01 68			            pla
  5060 2C02 85 2A		            sta ICAX1Z
  5061 2C04 20 4F 0A		            jsr L0A4F
  5062 2C07 60			L2C07       rts
  5063 2C08 A5 17		L2C08       lda ICCOMT
  5064 2C0A 4A			            lsr
  5065 2C0B 4A			            lsr
  5066 2C0C 85 33		            sta BUFRHI
  5067 2C0E A5 18		            lda DSKFMS
  5068 2C10 4A			            lsr
  5069 2C11 4A			            lsr
  5070 2C12 85 34		            sta BFENLO
  5071 2C14 A0 1F		            ldy #$1F
  5072 2C16 88			L2C16       dey
  5073 2C17 30 25		            bmi L2C3E
  5074 2C19 B9 84 EA		            lda LEA84,Y
  5075 2C1C C5 33		            cmp BUFRHI
  5076 2C1E D0 F6		            bne L2C16
  5077 2C20 B9 A4 EA		            lda LEAA4,Y
  5078 2C23 C5 34		            cmp BFENLO
  5079 2C25 D0 EF		            bne L2C16
  5080 2C27 B9 C4 EA		            lda LEAC4,Y
  5081 2C2A 29 0F		            and #$0F
  5082 2C2C C5 3E		            cmp FTYPE
  5083 2C2E D0 E6		            bne L2C16
  5084 2C30 84 65		            sty ADRESS+1
  5085 2C32 B9 E4 EA		            lda LEAE4,Y
  5086 2C35 85 66		            sta MLTTMP
  5087 2C37 A9 09		            lda #$09
  5088 2C39 20 40 2C		            jsr L2C40
  5089 2C3C 18			            clc
  5090 2C3D 60			            rts
  5091 2C3E 38			L2C3E       sec
  5092 2C3F 60			            rts
  5093 2C40 48			L2C40       pha
  5094 2C41 A4 66		            ldy MLTTMP
  5095 2C43 BE 4C EB		            ldx LEB4C,Y
  5096 2C46 38			            sec
  5097 2C47 BD 7B CF		            lda LCF7B,X
  5098 2C4A 79 44 EB		            adc LEB44,Y
  5099 2C4D 85 33		            sta BUFRHI
  5100 2C4F BD 6A CF		            lda LCF6A,X
  5101 2C52 69 00		            adc #$00
  5102 2C54 85 34		            sta BFENLO
  5103 2C56 BE 54 EB		            ldx LEB54,Y
  5104 2C59 A0 00		            ldy #$00
  5105 2C5B 20 5E 08		L2C5B       jsr L085E
  5106 2C5E 68			            pla
  5107 2C5F 91 35		            sta (BFENHI),Y
  5108 2C61 48			            pha
  5109 2C62 20 FE 3A		            jsr L3AFE
  5110 2C65 CA			            dex
  5111 2C66 D0 F3		            bne L2C5B
  5112 2C68 68			            pla
  5113 2C69 60			            rts
  5114 2C6A A6 3E		L2C6A       ldx FTYPE
  5115 2C6C BC D0 47		            ldy L47D0,X
  5116 2C6F A2 0F		            ldx #$0F
  5117 2C71 A9 00		            lda #$00
  5118 2C73 19 00 C0		L2C73       ora LC000,Y
  5119 2C76 C8			            iny
  5120 2C77 CA			            dex
  5121 2C78 10 F9		            bpl L2C73
  5122 2C7A AC 90 C1		            ldy LC190
  5123 2C7D AA			            tax
  5124 2C7E D0 0B		            bne L2C8B
  5125 2C80 98			            tya
  5126 2C81 A0 0E		            ldy #$0E
  5127 2C83 29 0F		            and #$0F
  5128 2C85 C9 0E		            cmp #$0E
  5129 2C87 D0 02		            bne L2C8B
  5130 2C89 A0 08		            ldy #$08
  5131 2C8B 84 2A		L2C8B       sty ICAX1Z
  5132 2C8D A4 3E		            ldy FTYPE
  5133 2C8F BE 04 EB		            ldx LEB04,Y
  5134 2C92 38			            sec
  5135 2C93 BD 7B CF		            lda LCF7B,X
  5136 2C96 79 14 EB		            adc LEB14,Y
  5137 2C99 85 33		            sta BUFRHI
  5138 2C9B BD 6A CF		            lda LCF6A,X
  5139 2C9E 69 00		            adc #$00
  5140 2CA0 85 34		            sta BFENLO
  5141 2CA2 20 5E 08		            jsr L085E
  5142 2CA5 B9 34 EB		            lda LEB34,Y
  5143 2CA8 85 2C		            sta ICAX3Z
  5144 2CAA BE 24 EB		            ldx LEB24,Y
  5145 2CAD CA			            dex
  5146 2CAE F0 28		            beq L2CD8
  5147 2CB0 20 5E 08		L2CB0       jsr L085E
  5148 2CB3 A0 00		            ldy #$00
  5149 2CB5 B1 33		L2CB5       lda (BUFRHI),Y
  5150 2CB7 10 13		            bpl L2CCC
  5151 2CB9 29 EF		            and #$EF
  5152 2CBB C9 8D		            cmp #$8D
  5153 2CBD B0 0D		            bcs L2CCC
  5154 2CBF 20 F5 2C		            jsr L2CF5
  5155 2CC2 09 70		            ora #$70
  5156 2CC4 69 02		            adc #$02
  5157 2CC6 69 03		L2CC6       adc #$03
  5158 2CC8 90 FC		            bcc L2CC6
  5159 2CCA F0 05		            beq L2CD1
  5160 2CCC C8			L2CCC       iny
  5161 2CCD C4 2C		            cpy ICAX3Z
  5162 2CCF 90 E4		            bcc L2CB5
  5163 2CD1 20 FE 3A		L2CD1       jsr L3AFE
  5164 2CD4 CA			            dex
  5165 2CD5 10 D9		            bpl L2CB0
  5166 2CD7 60			            rts
  5167 2CD8 A0 00		L2CD8       ldy #$00
  5168 2CDA B1 33		L2CDA       lda (BUFRHI),Y
  5169 2CDC 10 11		            bpl L2CEF
  5170 2CDE C9 A0		            cmp #$A0
  5171 2CE0 B0 0D		            bcs L2CEF
  5172 2CE2 29 0F		            and #$0F
  5173 2CE4 C9 03		            cmp #$03
  5174 2CE6 90 04		            bcc L2CEC
  5175 2CE8 C9 0C		            cmp #$0C
  5176 2CEA D0 03		            bne L2CEF
  5177 2CEC 20 F5 2C		L2CEC       jsr L2CF5
  5178 2CEF C8			L2CEF       iny
  5179 2CF0 C4 2C		            cpy ICAX3Z
  5180 2CF2 90 E6		            bcc L2CDA
  5181 2CF4 60			            rts
  5182 2CF5 A5 2A		L2CF5       lda ICAX1Z
  5183 2CF7 91 35		            sta (BFENHI),Y
  5184 2CF9 B1 33		            lda (BUFRHI),Y
  5185 2CFB 49 10		            eor #$10
  5186 2CFD 91 33		            sta (BUFRHI),Y
  5187 2CFF 60			            rts
  5188 2D00 A5 50		L2D00       lda TEMPCHR
  5189 2D02 85 58		            sta SAVMSC
  5190 2D04 20 60 09		            jsr L0960
  5191 2D07 A4 E0		            ldy L00E0
  5192 2D09 A9 00		            lda #$00
  5193 2D0B 85 0D		            sta DOSINI+1
  5194 2D0D 85 16		            sta BUFADR+1
  5195 2D0F 20 22 24		            jsr L2422
  5196 2D12 A9 33		            lda #$33
  5197 2D14 A2 F8		            ldx #$F8
  5198 2D16 20 32 0A		            jsr L0A32
  5199 2D19 C4 52		            cpy LMARGN
  5200 2D1B F0 02		            beq L2D1F
  5201 2D1D A0 FF		            ldy #$FF
  5202 2D1F C8			L2D1F       iny
  5203 2D20 84 52		            sty LMARGN
  5204 2D22 A9 C0		            lda #$C0
  5205 2D24 8D 9E 1D		            sta L1D9D+1
  5206 2D27 A9 16		            lda #$16
  5207 2D29 8D FB 02		            sta ATACHR
  5208 2D2C A9 C0		            lda #$C0
  5209 2D2E 85 20		            sta ICHIDZ
  5210 2D30 20 CB 1E		            jsr L1ECB
  5211 2D33 20 F9 0B		            jsr L0BF9
  5212 2D36 C0 06		            cpy #$06
  5213 2D38 D0 02		            bne L2D3C
  5214 2D3A 66 52		            ror LMARGN
  5215 2D3C 20 74 2A		L2D3C       jsr L2A74
  5216 2D3F E6 50		L2D3F       inc TEMPCHR
  5217 2D41 20 CB 1E		            jsr L1ECB
  5218 2D44 20 71 40		            jsr L4071
  5219 2D47 20 A5 3F		            jsr L3FA5
  5220 2D4A 20 3C 0B		            jsr L0B3C
  5221 2D4D A9 C0		            lda #$C0
  5222 2D4F 85 A3		            sta L00A3
  5223 2D51 A5 27		            lda ICPTHZ
  5224 2D53 29 80		            and #$80
  5225 2D55 05 25		            ora ICBAHZ
  5226 2D57 05 26		            ora ICPTLZ
  5227 2D59 F0 08		            beq L2D63
  5228 2D5B A5 16		            lda BUFADR+1
  5229 2D5D D0 09		            bne L2D68
  5230 2D5F E6 16		            inc BUFADR+1
  5231 2D61 D0 02		            bne L2D65
  5232 2D63 85 16		L2D63       sta BUFADR+1
  5233 2D65 20 7A 2D		L2D65       jsr L2D7A
  5234 2D68 A5 20		L2D68       lda ICHIDZ
  5235 2D6A D0 D3		            bne L2D3F
  5236 2D6C A5 58		            lda SAVMSC
  5237 2D6E 85 50		            sta TEMPCHR
  5238 2D70 A9 C0		            lda #$C0
  5239 2D72 05 40		            ora FREQ
  5240 2D74 8D 9E 1D		            sta L1D9D+1
  5241 2D77 4C 29 09		            jmp L0929
  5242 2D7A A5 20		L2D7A       lda ICHIDZ
  5243 2D7C 0A			            asl
  5244 2D7D 30 26		            bmi L2DA5
  5245 2D7F B0 22		            bcs L2DA3
  5246 2D81 F0 1F		            beq L2DA2
  5247 2D83 C9 0A		            cmp #$0A
  5248 2D85 B0 1B		            bcs L2DA2
  5249 2D87 24 27		            bit ICPTHZ
  5250 2D89 30 0A		            bmi L2D95
  5251 2D8B A8			            tay
  5252 2D8C B9 F3 E8		            lda LE8F3,Y
  5253 2D8F 48			            pha
  5254 2D90 B9 F2 E8		            lda LE8F2,Y
  5255 2D93 48			            pha
  5256 2D94 60			            rts
  5257 2D95 4A			L2D95       lsr
  5258 2D96 09 C0		            ora #$C0
  5259 2D98 85 20		            sta ICHIDZ
  5260 2D9A 20 15 24		            jsr L2415
  5261 2D9D A9 16		            lda #$16
  5262 2D9F 8D F4 02		            sta CHBAS
  5263 2DA2 60			L2DA2       rts
  5264 2DA3 B0 57		L2DA3       bcs L2DFC
  5265 2DA5 6A			L2DA5       ror
  5266 2DA6 29 BF		            and #$BF
  5267 2DA8 85 20		            sta ICHIDZ
  5268 2DAA 20 15 24		            jsr L2415
  5269 2DAD A9 33		            lda #$33
  5270 2DAF A2 F8		            ldx #$F8
  5271 2DB1 20 32 0A		            jsr L0A32
  5272 2DB4 A9 F7		            lda #$F7
  5273 2DB6 20 39 09		            jsr L0939
  5274 2DB9 20 E6 23		            jsr L23E6
  5275 2DBC A5 E0		            lda L00E0
  5276 2DBE 85 0D		            sta DOSINI+1
  5277 2DC0 A2 BA		            ldx #$BA
  5278 2DC2 A0 E1		            ldy #$E1
  5279 2DC4 20 E5 20		            jsr L20E5
  5280 2DC7 A2 02		            ldx #$02
  5281 2DC9 E6 05		L2DC9       inc RAMLO+1
  5282 2DCB BD C4 E1		            lda LE1C4,X
  5283 2DCE 85 06		            sta TRAMSZ
  5284 2DD0 BD C8 E1		            lda LE1C8,X
  5285 2DD3 85 08		            sta WARMST
  5286 2DD5 BD CC E1		            lda LE1CC,X
  5287 2DD8 85 0C		            sta DOSINI
  5288 2DDA 20 F3 20		            jsr L20F3
  5289 2DDD E8			            inx
  5290 2DDE E0 06		L2DDE       cpx #$06
  5291 2DE0 90 E7		            bcc L2DC9
  5292 2DE2 20 3E 2E		            jsr L2E3E
  5293 2DE5 20 32 2E		            jsr L2E32
  5294 2DE8 A9 3E		            lda #$3E
  5295 2DEA 20 24 24		            jsr L2424
  5296 2DED A9 18		            lda #$18
  5297 2DEF 8D 1D D0		            sta GRACTL
  5298 2DF2 A9 4D		            lda #$4D
  5299 2DF4 8D 2D 1E		            sta L1E2C+1
  5300 2DF7 A2 B3		            ldx #$B3
  5301 2DF9 4C 8C 31		            jmp L318C
  5302 2DFC 6A			L2DFC       ror
  5303 2DFD A4 25		            ldy ICBAHZ
  5304 2DFF F0 1A		            beq L2E1B
  5305 2E01 30 08		            bmi L2E0B
  5306 2E03 C9 84		            cmp #$84
  5307 2E05 B0 14		            bcs L2E1B
  5308 2E07 E6 20		            inc ICHIDZ
  5309 2E09 90 06		            bcc L2E11
  5310 2E0B C9 81		L2E0B       cmp #$81
  5311 2E0D 90 0C		            bcc L2E1B
  5312 2E0F C6 20		            dec ICHIDZ
  5313 2E11 A2 FF		L2E11       ldx #$FF
  5314 2E13 20 36 2E		            jsr L2E36
  5315 2E16 A9 15		L2E16       lda #$15
  5316 2E18 8D F4 02		            sta CHBAS
  5317 2E1B 20 32 2E		L2E1B       jsr L2E32
  5318 2E1E A9 00		            lda #$00
  5319 2E20 85 5E		            sta OLDADR
  5320 2E22 24 27		            bit ICPTHZ
  5321 2E24 10 0B		            bpl L2E31
  5322 2E26 A5 20		            lda ICHIDZ
  5323 2E28 29 0F		            and #$0F
  5324 2E2A 85 20		            sta ICHIDZ
  5325 2E2C A9 16		            lda #$16
  5326 2E2E 8D F4 02		            sta CHBAS
  5327 2E31 60			L2E31       rts
  5328 2E32 A2 F1		L2E32       ldx #$F1
  5329 2E34 A5 20		            lda ICHIDZ
  5330 2E36 29 07		L2E36       and #$07
  5331 2E38 A8			            tay
  5332 2E39 8A			            txa
  5333 2E3A 99 57 E6		            sta LE657,Y
  5334 2E3D 60			            rts
  5335 2E3E 20 DC 09		L2E3E       jsr L09DC
  5336 2E41 A2 BC		            ldx #$BC
  5337 2E43 A0 E3		            ldy #$E3
  5338 2E45 20 30 32		            jsr L3230
  5339 2E48 EE 30 02		            inc SDLSTL
  5340 2E4B 38			            sec
  5341 2E4C A5 3D		            lda BPTR
  5342 2E4E E9 01		            sbc #$01
  5343 2E50 29 07		            and #$07
  5344 2E52 69 68		            adc #$68
  5345 2E54 20 56 32		            jsr L3256
  5346 2E57 A5 5C		            lda OLDCOL+1
  5347 2E59 A2 14		            ldx #$14
  5348 2E5B A0 12		            ldy #$12
  5349 2E5D 20 97 2E		            jsr L2E97
  5350 2E60 A2 C6		            ldx #$C6
  5351 2E62 A0 E3		            ldy #$E3
  5352 2E64 20 30 32		            jsr L3230
  5353 2E67 18			            clc
  5354 2E68 A5 3E		            lda FTYPE
  5355 2E6A 69 7A		            adc #$7A
  5356 2E6C 20 56 32		            jsr L3256
  5357 2E6F A9 0F		            lda #$0F
  5358 2E71 AA			            tax
  5359 2E72 B4 E0		L2E72       ldy L00E0,X
  5360 2E74 C0 20		            cpy #$20
  5361 2E76 E9 00		            sbc #$00
  5362 2E78 CA			            dex
  5363 2E79 D0 F7		            bne L2E72
  5364 2E7B 49 0F		            eor #$0F
  5365 2E7D A2 14		            ldx #$14
  5366 2E7F A0 17		            ldy #$17
  5367 2E81 20 97 2E		            jsr L2E97
  5368 2E84 A2 B2		            ldx #$B2
  5369 2E86 A0 E3		            ldy #$E3
  5370 2E88 20 30 32		            jsr L3230
  5371 2E8B A5 22		            lda ICCOMZ
  5372 2E8D 29 C0		            and #$C0
  5373 2E8F 0A			            asl
  5374 2E90 2A			            rol
  5375 2E91 2A			            rol
  5376 2E92 69 D0		            adc #$D0
  5377 2E94 4C 56 32		            jmp L3256
  5378 2E97 C9 01		L2E97       cmp #$01
  5379 2E99 08			            php
  5380 2E9A 86 96		            stx L0096
  5381 2E9C 84 95		            sty L0095
  5382 2E9E 20 0A 0C		            jsr L0C0A
  5383 2EA1 8D 05 E5		            sta LE505
  5384 2EA4 8A			            txa
  5385 2EA5 D0 07		            bne L2EAE
  5386 2EA7 A2 30		            ldx #$30
  5387 2EA9 98			            tya
  5388 2EAA D0 02		            bne L2EAE
  5389 2EAC A0 30		            ldy #$30
  5390 2EAE 8E 03 E5		L2EAE       stx LE503
  5391 2EB1 8C 04 E5		            sty LE504
  5392 2EB4 A2 03		            ldx #$03
  5393 2EB6 A0 E5		            ldy #$E5
  5394 2EB8 20 F9 31		            jsr L31F9
  5395 2EBB A9 0B		            lda #$0B
  5396 2EBD 20 56 32		            jsr L3256
  5397 2EC0 28			            plp
  5398 2EC1 F0 05		            beq L2EC8
  5399 2EC3 A9 1C		            lda #$1C
  5400 2EC5 20 BE 32		            jsr L32BE
  5401 2EC8 60			L2EC8       rts
  5402 2EC9 A5 5E		            lda OLDADR
  5403 2ECB 0A			            asl
  5404 2ECC A8			            tay
  5405 2ECD B9 FD E8		            lda LE8FD,Y
  5406 2ED0 48			            pha
  5407 2ED1 B9 FC E8		            lda LE8FC,Y
  5408 2ED4 48			            pha
  5409 2ED5 60			            rts
  5410 2ED6 20 22 24		            jsr L2422
  5411 2ED9 A9 00		            lda #$00
  5412 2EDB 8D 1D D0		            sta GRACTL
  5413 2EDE 20 2E 0A		            jsr L0A2E
  5414 2EE1 A9 F2		            lda #$F2
  5415 2EE3 20 39 09		            jsr L0939
  5416 2EE6 A2 40		            ldx #$40
  5417 2EE8 A0 D9		            ldy #$D9
  5418 2EEA 86 33		            stx BUFRHI
  5419 2EEC 84 34		            sty BFENLO
  5420 2EEE A2 04		            ldx #$04
  5421 2EF0 A9 F3		            lda #$F3
  5422 2EF2 20 E1 0B		            jsr L0BE1
  5423 2EF5 A9 0C		            lda #$0C
  5424 2EF7 85 4A		            sta ZCHAIN
  5425 2EF9 85 4B		            sta ZCHAIN+1
  5426 2EFB AD 44 E6		            lda LE644
  5427 2EFE F0 0C		            beq L2F0C
  5428 2F00 A5 25		            lda ICBAHZ
  5429 2F02 F0 19		            beq L2F1D
  5430 2F04 20 74 2F		            jsr L2F74
  5431 2F07 A9 00		            lda #$00
  5432 2F09 8D 44 E6		            sta LE644
  5433 2F0C 20 63 23		L2F0C       jsr L2363
  5434 2F0F A9 0D		            lda #$0D
  5435 2F11 8D A1 2F		            sta L2FA0+1
  5436 2F14 20 DC 09		            jsr L09DC
  5437 2F17 20 12 24		            jsr L2412
  5438 2F1A 20 CB 1E		            jsr L1ECB
  5439 2F1D A2 E0		L2F1D       ldx #$E0
  5440 2F1F A0 51		            ldy #$51
  5441 2F21 86 33		            stx BUFRHI
  5442 2F23 84 34		            sty BFENLO
  5443 2F25 A2 0D		            ldx #$0D
  5444 2F27 A9 30		            lda #$30
  5445 2F29 20 E1 0B		            jsr L0BE1
  5446 2F2C A5 4B		            lda ZCHAIN+1
  5447 2F2E 85 95		            sta L0095
  5448 2F30 A5 4A		            lda ZCHAIN
  5449 2F32 85 96		            sta L0096
  5450 2F34 20 92 2F		            jsr L2F92
  5451 2F37 60			            rts
  5452 2F38 A5 25		            lda ICBAHZ
  5453 2F3A D0 14		            bne L2F50
  5454 2F3C A5 26		            lda ICPTLZ
  5455 2F3E F0 07		            beq L2F47
  5456 2F40 A9 15		            lda #$15
  5457 2F42 8D F4 02		            sta CHBAS
  5458 2F45 C6 5E		            dec OLDADR
  5459 2F47 60			L2F47       rts
  5460 2F48 A5 26		            lda ICPTLZ
  5461 2F4A D0 0E		            bne L2F5A
  5462 2F4C A5 25		            lda ICBAHZ
  5463 2F4E F0 23		            beq L2F73
  5464 2F50 20 74 2F		L2F50       jsr L2F74
  5465 2F53 A9 00		            lda #$00
  5466 2F55 8D 44 E6		            sta LE644
  5467 2F58 F0 15		            beq L2F6F
  5468 2F5A A9 15		L2F5A       lda #$15
  5469 2F5C 8D F4 02		            sta CHBAS
  5470 2F5F 8D 9F E1		            sta LE19F
  5471 2F62 20 63 23		            jsr L2363
  5472 2F65 A9 00		            lda #$00
  5473 2F67 8D 9F E1		            sta LE19F
  5474 2F6A A9 0D		            lda #$0D
  5475 2F6C 8D A1 2F		            sta L2FA0+1
  5476 2F6F A9 01		L2F6F       lda #$01
  5477 2F71 85 5E		            sta OLDADR
  5478 2F73 60			L2F73       rts
  5479 2F74 18			L2F74       clc
  5480 2F75 30 0D		            bmi L2F84
  5481 2F77 18			            clc
  5482 2F78 65 0D		            adc DOSINI+1
  5483 2F7A C5 E0		            cmp L00E0
  5484 2F7C F0 0C		            beq L2F8A
  5485 2F7E 90 0A		            bcc L2F8A
  5486 2F80 A9 00		            lda #$00
  5487 2F82 F0 06		            beq L2F8A
  5488 2F84 65 0D		L2F84       adc DOSINI+1
  5489 2F86 10 02		L2F86       bpl L2F8A
  5490 2F88 A5 E0		            lda L00E0
  5491 2F8A 85 0D		L2F8A       sta DOSINI+1
  5492 2F8C A9 15		            lda #$15
  5493 2F8E 8D F4 02		            sta CHBAS
  5494 2F91 60			            rts
  5495 2F92 A9 09		L2F92       lda #$09
  5496 2F94 85 96		            sta L0096
  5497 2F96 EE 30 02		            inc SDLSTL
  5498 2F99 AD A1 2F		            lda L2FA0+1
  5499 2F9C C9 17		            cmp #$17
  5500 2F9E F0 36		            beq L2FD6
  5501 2FA0 A9 0D		L2FA0       lda #$0D
  5502 2FA2 20 56 32		            jsr L3256
  5503 2FA5 A6 96		            ldx L0096
  5504 2FA7 E0 11		            cpx #$11
  5505 2FA9 B0 03		            bcs L2FAE
  5506 2FAB 20 BC 32		            jsr L32BC
  5507 2FAE A9 18		L2FAE       lda #$18
  5508 2FB0 20 56 32		            jsr L3256
  5509 2FB3 C6 96		            dec L0096
  5510 2FB5 20 2C 31		            jsr L312C
  5511 2FB8 EE A1 2F		            inc L2FA0+1
  5512 2FBB AD A1 2F		            lda L2FA0+1
  5513 2FBE C9 17		            cmp #$17
  5514 2FC0 B0 0F		            bcs L2FD1
  5515 2FC2 A9 10		            lda #$10
  5516 2FC4 8D F2 2F		            sta L2FF1+1
  5517 2FC7 A5 95		            lda L0095
  5518 2FC9 69 02		            adc #$02
  5519 2FCB 85 95		            sta L0095
  5520 2FCD C9 18		            cmp #$18
  5521 2FCF 90 C1		            bcc L2F92
  5522 2FD1 A9 03		L2FD1       lda #$03
  5523 2FD3 85 5E		            sta OLDADR
  5524 2FD5 60			            rts
  5525 2FD6 AC F2 2F		L2FD6       ldy L2FF1+1
  5526 2FD9 C0 10		            cpy #$10
  5527 2FDB D0 0B		            bne L2FE8
  5528 2FDD 20 56 32		            jsr L3256
  5529 2FE0 A9 18		            lda #$18
  5530 2FE2 20 56 32		            jsr L3256
  5531 2FE5 4C F1 2F		            jmp L2FF1
  5532 2FE8 A9 0B		L2FE8       lda #$0B
  5533 2FEA 85 96		            sta L0096
  5534 2FEC A9 00		            lda #$00
  5535 2FEE 8D 30 02		            sta SDLSTL
  5536 2FF1 A0 10		L2FF1       ldy #$10
  5537 2FF3 B1 5F		            lda (OLDADR+1),Y
  5538 2FF5 C9 FE		            cmp #$FE
  5539 2FF7 F0 13		            beq L300C
  5540 2FF9 B0 07		            bcs L3002
  5541 2FFB 20 56 32		            jsr L3256
  5542 2FFE 30 14		            bmi L3014
  5543 3000 10 CF		            bpl L2FD1
  5544 3002 A9 26		L3002       lda #$26
  5545 3004 20 BE 32		            jsr L32BE
  5546 3007 A9 04		L3007       lda #$04
  5547 3009 85 5E		L3009       sta OLDADR
  5548 300B 60			            rts
  5549 300C A9 26		L300C       lda #$26
  5550 300E 20 BE 32		L300E       jsr L32BE
  5551 3011 EE 30 02		L3011       inc SDLSTL
  5552 3014 EE F2 2F		L3014       inc L2FF1+1
  5553 3017 D0 D8		L3017       bne L2FF1
  5554 3019 00			L3019       .byte $00
  5555 301A A5 5E		L301A       lda OLDADR
  5556 301C F0 10		L301C       beq L302E
  5557 301E A5 26		            lda ICPTLZ
  5558 3020 F0 0B		            beq L302D
  5559 3022 18			L3022       clc
  5560 3023 6D 19 30		            adc L3019
  5561 3026 C9 1A		L3026       cmp #$1A
  5562 3028 B0 03		            bcs L302D
  5563 302A 48			            pha
  5564 302B 90 23		            bcc L3050
  5565 302D 60			L302D       rts
  5566 302E 20 22 24		L302E       jsr L2422
  5567 3031 A2 33		            ldx #$33
  5568 3033 8E 2D 1E		            stx L1E2C+1
  5569 3036 AE 5C 02		            ldx L025C
  5570 3039 86 90		            stx L0090
  5571 303B AE E8 DB		            ldx LDBE7+1
  5572 303E 86 90		            stx L0090
  5573 3040 A9 00		            lda #$00
  5574 3042 A2 27		            ldx #$27
  5575 3044 9D 40 51		L3044       sta L5140,X
  5576 3047 CA			            dex
  5577 3048 10 FA		            bpl L3044
  5578 304A 20 FC 0B		            jsr L0BFC
  5579 304D A9 03		            lda #$03
  5580 304F 48			            pha
  5581 3050 A5 3E		L3050       lda FTYPE
  5582 3052 20 00 E0		L3052       jsr LE000
  5583 3055 A5 17		            lda ICCOMT
  5584 3057 85 33		            sta BUFRHI
  5585 3059 A5 18		            lda DSKFMS
  5586 305B 4B 3F		            .byte $4B,$3F
  5587 305D 4A			            lsr
  5588 305E 4A			            lsr
  5589 305F 66 33		            ror BUFRHI
  5590 3061 4A			            lsr
  5591 3062 66 33		            ror BUFRHI
  5592 3064 09 4C		            ora #$4C
  5593 3066 85 34		            sta BFENLO
  5594 3068 A0 00		            ldy #$00
  5595 306A A9 2C		            lda #$2C
  5596 306C 91 33		            sta (BUFRHI),Y
  5597 306E 68			            pla
  5598 306F 8D 19 30		            sta L3019
  5599 3072 85 31		            sta CHKSUM
  5600 3074 A9 4C		            lda #$4C
  5601 3076 85 32		            sta BUFRLO
  5602 3078 AD 2C C1		            lda LC12C
  5603 307B 48			            pha
  5604 307C A9 01		            lda #$01
  5605 307E 8D 2C C1		            sta LC12C
  5606 3081 A2 68		            ldx #$68
  5607 3083 A0 51		            ldy #$51
  5608 3085 86 33		            stx BUFRHI
  5609 3087 84 34		            sty BFENLO
  5610 3089 20 5E 08		            jsr L085E
  5611 308C A9 0F		            lda #$0F
  5612 308E 85 5E		            sta OLDADR
  5613 3090 A5 53		L3090       lda RMARGN
  5614 3092 D0 FC		            bne L3090
  5615 3094 A0 27		L3094       ldy #$27
  5616 3096 B3			L3096       .byte $B3
  5617 3097 31 91		            and (L0091),Y
  5618 3099 33			            .byte $33
  5619 309A BD 00 C1		            lda LC100,X
  5620 309D 91 35		            sta (BFENHI),Y
  5621 309F 88			            dey
  5622 30A0 10 F4		            bpl L3096
  5623 30A2 A9 40		            lda #$40
  5624 30A4 18			            clc
  5625 30A5 65 31		            adc CHKSUM
  5626 30A7 85 31		            sta CHKSUM
  5627 30A9 90 02		            bcc L30AD
  5628 30AB E6 32		            inc BUFRLO
  5629 30AD 20 FE 3A		L30AD       jsr L3AFE
  5630 30B0 20 5E 08		            jsr L085E
  5631 30B3 C6 5E		            dec OLDADR
  5632 30B5 10 DD		            bpl L3094
  5633 30B7 68			            pla
  5634 30B8 8D 2C C1		            sta LC12C
  5635 30BB 20 C3 0A		            jsr L0AC3
  5636 30BE A2 4F		            ldx #$4F
  5637 30C0 8E 2D 1E		            stx L1E2C+1
  5638 30C3 60			            rts
  5639 30C4 A5 5E		L30C4       lda OLDADR
  5640 30C6 D0 30		            bne L30F8
  5641 30C8 20 22 24		            jsr L2422
  5642 30CB A9 33		            lda #$33
  5643 30CD 8D 2D 1E		            sta L1E2C+1
  5644 30D0 A9 FE		            lda #$FE
  5645 30D2 85 90		            sta L0090
  5646 30D4 A9 F1		            lda #$F1
  5647 30D6 8D 22 D0		            sta LD021+1
  5648 30D9 A9 F0		            lda #$F0
  5649 30DB 8D 23 D0		            sta LD021+2
  5650 30DE A9 D0		            lda #$D0
  5651 30E0 8D 9E 1D		            sta L1D9D+1
  5652 30E3 20 FC 0B		            jsr L0BFC
  5653 30E6 A9 11		            lda #$11
  5654 30E8 20 00 E0		            jsr LE000
  5655 30EB 20 F9 30		L30EB       jsr L30F9
  5656 30EE 20 6A 2C		            jsr L2C6A
  5657 30F1 A9 4F		L30F1       lda #$4F
  5658 30F3 8D 2D 1E		            sta L1E2C+1
  5659 30F6 E6 5E		            inc OLDADR
  5660 30F8 60			L30F8       rts
  5661 30F9 A2 40		L30F9       ldx #$40
  5662 30FB A0 51		            ldy #$51
  5663 30FD 86 31		            stx CHKSUM
  5664 30FF 84 32		L30FF       sty BUFRLO
  5665 3101 A0 D9		            ldy #$D9
  5666 3103 86 35		            stx BFENHI
  5667 3105 84 36		            sty LTEMP
  5668 3107 A9 11		            lda #$11
  5669 3109 85 29		            sta ICBLHZ
  5670 310B A0 27		L310B       ldy #$27
  5671 310D B1 31		L310D       lda (CHKSUM),Y
  5672 310F AA			            tax
  5673 3110 BD 00 C1		            lda LC100,X
  5674 3113 91 35		            sta (BFENHI),Y
  5675 3115 88			            dey
  5676 3116 10 F5		            bpl L310D
  5677 3118 A9 28		            lda #$28
  5678 311A 18			            clc
  5679 311B 65 31		            adc CHKSUM
  5680 311D 85 31		            sta CHKSUM
  5681 311F 85 35		            sta BFENHI
  5682 3121 90 04		L3121       bcc L3127
  5683 3123 E6 32		            inc BUFRLO
  5684 3125 E6 36		            inc LTEMP
  5685 3127 C6 29		L3127       dec ICBLHZ
  5686 3129 D0 E0		            bne L310B
  5687 312B 60			            rts
  5688 312C AD A1 2F		L312C       lda L2FA0+1
  5689 312F 38			            sec
  5690 3130 E9 07		            sbc #$07
  5691 3132 A8			            tay
  5692 3133 C0 06		            cpy #$06
  5693 3135 F0 12		            beq L3149
  5694 3137 C0 07		            cpy #$07
  5695 3139 F0 22		            beq L315D
  5696 313B C0 08		            cpy #$08
  5697 313D F0 26		            beq L3165
  5698 313F C0 09		            cpy #$09
  5699 3141 F0 34		            beq L3177
  5700 3143 B1 5F		            lda (OLDADR+1),Y
  5701 3145 20 56 32		            jsr L3256
  5702 3148 60			            rts
  5703 3149 20 BC 32		L3149       jsr L32BC
  5704 314C A5 0D		            lda DOSINI+1
  5705 314E 18			            clc
  5706 314F 69 01		            adc #$01
  5707 3151 20 0A 0C		            jsr L0C0A
  5708 3154 48			            pha
  5709 3155 98			            tya
  5710 3156 20 BE 32		            jsr L32BE
  5711 3159 68			            pla
  5712 315A 4C BE 32		            jmp L32BE
  5713 315D A6 0D		L315D       ldx DOSINI+1
  5714 315F BD 26 E2		            lda LE226,X
  5715 3162 4C 56 32		            jmp L3256
  5716 3165 B1 5F		L3165       lda (OLDADR+1),Y
  5717 3167 20 0A 0C		            jsr L0C0A
  5718 316A 8C F7 E4		            sty LE4F7
  5719 316D 8D F8 E4		            sta LE4F8
  5720 3170 A2 F5		            ldx #$F5
  5721 3172 A0 E4		            ldy #$E4
  5722 3174 4C F9 31		            jmp L31F9
  5723 3177 B1 5F		L3177       lda (OLDADR+1),Y
  5724 3179 20 0A 0C		            jsr L0C0A
  5725 317C 8E FC E4		            stx LE4FC
  5726 317F 8C FD E4		            sty LE4FD
  5727 3182 8D FE E4		            sta LE4FE
  5728 3185 A2 FC		            ldx #$FC
  5729 3187 A0 E4		            ldy #$E4
  5730 3189 4C F9 31		            jmp L31F9
  5731 318C A0 00		L318C       ldy #$00
  5732 318E BD E6 E2		L318E       lda LE2E6,X
  5733 3191 10 05		            bpl L3198
  5734 3193 C0 0D		            cpy #$0D
  5735 3195 90 02		            bcc L3199
  5736 3197 60			            rts
  5737 3198 E8			L3198       inx
  5738 3199 99 52 50		L3199       sta L5052,Y
  5739 319C 09 80		            ora #$80
  5740 319E 99 7A 50		            sta L507A,Y
  5741 31A1 C8			            iny
  5742 31A2 C9 BA		            cmp #$BA
  5743 31A4 90 E8		            bcc L318E
  5744 31A6 C9 DA		            cmp #$DA
  5745 31A8 B0 E4		            bcs L318E
  5746 31AA 69 A0		            adc #$A0
  5747 31AC B0 EB		            bcs L3199
  5748 31AE 86 31		L31AE       stx CHKSUM
  5749 31B0 84 32		            sty BUFRLO
  5750 31B2 A9 00		            lda #$00
  5751 31B4 85 7B		            sta SWPFLG
  5752 31B6 A9 09		            lda #$09
  5753 31B8 85 96		            sta L0096
  5754 31BA 85 4A		            sta ZCHAIN
  5755 31BC A9 0C		            lda #$0C
  5756 31BE 85 95		            sta L0095
  5757 31C0 85 4B		            sta ZCHAIN+1
  5758 31C2 A9 01		L31C2       lda #$01
  5759 31C4 8D 30 02		            sta SDLSTL
  5760 31C7 A4 7B		L31C7       ldy SWPFLG
  5761 31C9 E6 7B		            inc SWPFLG
  5762 31CB B1 31		            lda (CHKSUM),Y
  5763 31CD C9 FE		            cmp #$FE
  5764 31CF B0 0B		            bcs L31DC
  5765 31D1 48			            pha
  5766 31D2 20 56 32		            jsr L3256
  5767 31D5 68			            pla
  5768 31D6 C9 64		            cmp #$64
  5769 31D8 D0 ED		            bne L31C7
  5770 31DA F0 E6		            beq L31C2
  5771 31DC D0 1A		L31DC       bne L31F8
  5772 31DE A9 26		            lda #$26
  5773 31E0 20 BE 32		            jsr L32BE
  5774 31E3 4C C2 31		            jmp L31C2
  5775 31E6 A9 96		L31E6       lda #$96
  5776 31E8 85 7B		L31E8       sta SWPFLG
  5777 31EA 20 29 09		            jsr L0929
  5778 31ED 20 71 40		L31ED       jsr L4071
  5779 31F0 24 27		            bit ICPTHZ
  5780 31F2 30 04		            bmi L31F8
  5781 31F4 C6 7B		            dec SWPFLG
  5782 31F6 D0 F5		            bne L31ED
  5783 31F8 60			L31F8       rts
  5784 31F9 86 98		L31F9       stx L0098
  5785 31FB 84 99		            sty L0099
  5786 31FD 20 BC 32		            jsr L32BC
  5787 3200 A0 00		            ldy #$00
  5788 3202 A6 96		            ldx L0096
  5789 3204 B1 98		            lda (L0098),Y
  5790 3206 29 7F		            and #$7F
  5791 3208 10 04		            bpl L320E
  5792 320A B1 98		L320A       lda (L0098),Y
  5793 320C 30 0D		            bmi L321B
  5794 320E C9 3A		L320E       cmp #$3A
  5795 3210 90 05		            bcc L3217
  5796 3212 C9 5A		            cmp #$5A
  5797 3214 B0 01		            bcs L3217
  5798 3216 E8			            inx
  5799 3217 E8			L3217       inx
  5800 3218 C8			L3218       iny
  5801 3219 10 EF		            bpl L320A
  5802 321B A0 00		L321B       ldy #$00
  5803 321D E0 27		            cpx #$27
  5804 321F 90 20		            bcc L3241
  5805 3221 A5 4A		            lda ZCHAIN
  5806 3223 85 96		            sta L0096
  5807 3225 A5 95		            lda L0095
  5808 3227 69 01		            adc #$01
  5809 3229 85 95		            sta L0095
  5810 322B C9 18		            cmp #$18
  5811 322D 90 12		            bcc L3241
  5812 322F 60			            rts
  5813 3230 86 98		L3230       stx L0098
  5814 3232 84 99		            sty L0099
  5815 3234 A0 00		            ldy #$00
  5816 3236 B1 98		            lda (L0098),Y
  5817 3238 85 95		            sta L0095
  5818 323A C8			            iny
  5819 323B B1 98		            lda (L0098),Y
  5820 323D 85 96		            sta L0096
  5821 323F C8			            iny
  5822 3240 0C			            .byte $0C
  5823 3241 A0 00		L3241       ldy #$00
  5824 3243 B1 98		            lda (L0098),Y
  5825 3245 29 7F		            and #$7F
  5826 3247 84 9A		L3247       sty L009A
  5827 3249 20 BE 32		            jsr L32BE
  5828 324C A4 9A		            ldy L009A
  5829 324E C8			            iny
  5830 324F 30 FE		L324F       bmi L324F
  5831 3251 B1 98		            lda (L0098),Y
  5832 3253 10 F2		            bpl L3247
  5833 3255 60			            rts
  5834 3256 A8			L3256       tay
  5835 3257 A2 C4		            ldx #$C4
  5836 3259 8E 61 32		            stx L325F+2
  5837 325C A2 00		            ldx #$00
  5838 325E C8			            iny
  5839 325F BD 00 FF		L325F       lda LFF00,X
  5840 3262 30 08		            bmi L326C
  5841 3264 E8			L3264       inx
  5842 3265 D0 F8		            bne L325F
  5843 3267 EE 61 32		            inc L325F+2
  5844 326A D0 F3		            bne L325F
  5845 326C 88			L326C       dey
  5846 326D D0 F5		            bne L3264
  5847 326F AD 61 32		            lda L325F+2
  5848 3272 86 98		            stx L0098
  5849 3274 85 99		            sta L0099
  5850 3276 B1 98		            lda (L0098),Y
  5851 3278 8D B7 32		            sta L32B6+1
  5852 327B AE 30 02		            ldx SDLSTL
  5853 327E F0 29		            beq L32A9
  5854 3280 29 7F		            and #$7F
  5855 3282 C9 54		            cmp #$54
  5856 3284 F0 17		            beq L329D
  5857 3286 C9 42		            cmp #$42
  5858 3288 F0 16		            beq L32A0
  5859 328A C9 12		            cmp #$12
  5860 328C F0 15		            beq L32A3
  5861 328E C9 16		            cmp #$16
  5862 3290 F0 17		            beq L32A9
  5863 3292 C9 0A		            cmp #$0A
  5864 3294 90 13		            bcc L32A9
  5865 3296 C9 24		            cmp #$24
  5866 3298 B0 0F		            bcs L32A9
  5867 329A 69 30		            adc #$30
  5868 329C 0C			            .byte $0C
  5869 329D A9 50		L329D       lda #$50
  5870 329F 0C			            .byte $0C
  5871 32A0 A9 46		L32A0       lda #$46
  5872 32A2 0C			            .byte $0C
  5873 32A3 A9 16		L32A3       lda #$16
  5874 32A5 09 80		            ora #$80
  5875 32A7 91 98		            sta (L0098),Y
  5876 32A9 8C 30 02		L32A9       sty SDLSTL
  5877 32AC A6 98		            ldx L0098
  5878 32AE A4 99		            ldy L0099
  5879 32B0 20 F9 31		            jsr L31F9
  5880 32B3 08			            php
  5881 32B4 A0 00		            ldy #$00
  5882 32B6 A9 00		L32B6       lda #$00
  5883 32B8 91 98		            sta (L0098),Y
  5884 32BA 28			            plp
  5885 32BB 60			            rts
  5886 32BC A9 30		L32BC       lda #$30
  5887 32BE 85 97		L32BE       sta L0097
  5888 32C0 A4 95		            ldy L0095
  5889 32C2 18			            clc
  5890 32C3 B9 71 CF		            lda LCF71,Y
  5891 32C6 65 96		            adc L0096
  5892 32C8 85 9B		            sta L009B
  5893 32CA B9 60 CF		            lda LCF60,Y
  5894 32CD 69 00		            adc #$00
  5895 32CF 85 9C		            sta L009C
  5896 32D1 A5 97		            lda L0097
  5897 32D3 A0 00		            ldy #$00
  5898 32D5 91 9B		            sta (L009B),Y
  5899 32D7 09 80		            ora #$80
  5900 32D9 A0 28		            ldy #$28
  5901 32DB 91 9B		            sta (L009B),Y
  5902 32DD E6 96		            inc L0096
  5903 32DF C9 BA		            cmp #$BA
  5904 32E1 90 12		            bcc L32F5
  5905 32E3 C9 DA		            cmp #$DA
  5906 32E5 B0 0E		            bcs L32F5
  5907 32E7 A0 01		            ldy #$01
  5908 32E9 69 A0		            adc #$A0
  5909 32EB 91 9B		            sta (L009B),Y
  5910 32ED 09 80		            ora #$80
  5911 32EF A0 29		            ldy #$29
  5912 32F1 91 9B		            sta (L009B),Y
  5913 32F3 E6 96		            inc L0096
  5914 32F5 60			L32F5       rts
  5915 32F6 20 60 09		L32F6       jsr L0960
  5916 32F9 A2 6A		            ldx #$6A
  5917 32FB 20 8C 31		            jsr L318C
  5918 32FE 20 14 39		            jsr L3914
  5919 3301 20 29 09		            jsr L0929
  5920 3304 A5 A1		            lda L00A1
  5921 3306 29 08		            and #$08
  5922 3308 D0 4D		            bne L3357
  5923 330A A9 09		L330A       lda #$09
  5924 330C 8D FB 02		            sta ATACHR
  5925 330F 20 D5 33		            jsr L33D5
  5926 3312 A9 1B		            lda #$1B
  5927 3314 8D F4 02		            sta CHBAS
  5928 3317 20 73 38		            jsr L3873
  5929 331A A5 8E		            lda L008E
  5930 331C C9 F8		            cmp #$F8
  5931 331E D0 17		            bne L3337
  5932 3320 A2 89		            ldx #$89
  5933 3322 20 8C 31		            jsr L318C
  5934 3325 A9 0E		            lda #$0E
  5935 3327 8D F4 02		            sta CHBAS
  5936 332A A9 40		            lda #$40
  5937 332C 85 7B		            sta SWPFLG
  5938 332E 20 08 3B		L332E       jsr L3B08
  5939 3331 C6 7B		            dec SWPFLG
  5940 3333 D0 F9		            bne L332E
  5941 3335 F0 D3		            beq L330A
  5942 3337 C5 89		L3337       cmp L0089
  5943 3339 F0 1C		            beq L3357
  5944 333B A6 E0		            ldx L00E0
  5945 333D F0 39		            beq L3378
  5946 333F AC 00 01		            ldy L0100
  5947 3342 B9 D4 E2		            lda LE2D4,Y
  5948 3345 20 35 41		            jsr L4135
  5949 3348 A9 00		            lda #$00
  5950 334A 85 E0		            sta L00E0
  5951 334C 8D 20 02		            sta CDTMV5
  5952 334F 85 0D		            sta DOSINI+1
  5953 3351 A2 9B		L3351       ldx #$9B
  5954 3353 A9 0C		            lda #$0C
  5955 3355 D0 2B		            bne L3382
  5956 3357 A6 21		L3357       ldx ICDNOZ
  5957 3359 B4 F0		            ldy L00F0,X
  5958 335B 84 F0		            sty L00F0
  5959 335D B4 E0		            ldy L00E0,X
  5960 335F 84 0D		            sty DOSINI+1
  5961 3361 84 E0		            sty L00E0
  5962 3363 8C 20 02		            sty CDTMV5
  5963 3366 BE 26 E2		            ldx LE226,Y
  5964 3369 BD CA E2		            lda LE2CA,X
  5965 336C 20 05 41		            jsr L4105
  5966 336F 20 74 41		            jsr L4174
  5967 3372 A2 92		            ldx #$92
  5968 3374 A9 0B		            lda #$0B
  5969 3376 D0 0A		            bne L3382
  5970 3378 86 F0		L3378       stx L00F0
  5971 337A E8			            inx
  5972 337B 8E 5A 02		            stx L025A
  5973 337E A2 A4		            ldx #$A4
  5974 3380 A9 0D		            lda #$0D
  5975 3382 8D F4 02		L3382       sta CHBAS
  5976 3385 20 8C 31		            jsr L318C
  5977 3388 A9 28		            lda #$28
  5978 338A 85 7B		            sta SWPFLG
  5979 338C A9 01		            lda #$01
  5980 338E 20 24 24		            jsr L2424
  5981 3391 20 F7 38		            jsr L38F7
  5982 3394 A5 A1		            lda L00A1
  5983 3396 29 08		            and #$08
  5984 3398 D0 07		            bne L33A1
  5985 339A 20 08 3B		L339A       jsr L3B08
  5986 339D C6 7B		            dec SWPFLG
  5987 339F D0 F9		            bne L339A
  5988 33A1 20 CB 1E		L33A1       jsr L1ECB
  5989 33A4 20 A1 09		            jsr L09A1
  5990 33A7 A6 21		            ldx ICDNOZ
  5991 33A9 BC 10 01		            ldy L0110,X
  5992 33AC A9 00		            lda #$00
  5993 33AE 85 21		            sta ICDNOZ
  5994 33B0 85 1F		            sta ABUFPT+3
  5995 33B2 95 F0		            sta L00F0,X
  5996 33B4 A9 FF		            lda #$FF
  5997 33B6 9D 10 01		            sta L0110,X
  5998 33B9 95 E0		            sta L00E0,X
  5999 33BB 20 47 23		            jsr L2347
  6000 33BE 20 08 12		            jsr L1208
  6001 33C1 20 45 18		            jsr L1845
  6002 33C4 20 60 09		            jsr L0960
  6003 33C7 A2 02		            ldx #$02
  6004 33C9 86 90		            stx L0090
  6005 33CB CA			            dex
  6006 33CC 8E 27 D0		            stx LD026+1
  6007 33CF 8E DF 3B		            stx L3BDF
  6008 33D2 4C 22 24		            jmp L2422
  6009 33D5 20 22 24		L33D5       jsr L2422
  6010 33D8 A9 33		            lda #$33
  6011 33DA 8D 2D 1E		            sta L1E2C+1
  6012 33DD A9 D0		            lda #$D0
  6013 33DF 8D 9E 1D		            sta L1D9D+1
  6014 33E2 A9 F2		            lda #$F2
  6015 33E4 85 90		            sta L0090
  6016 33E6 A9 F0		            lda #$F0
  6017 33E8 8D 23 D0		            sta LD021+2
  6018 33EB 20 FC 0B		            jsr L0BFC
  6019 33EE 20 C3 0A		            jsr L0AC3
  6020 33F1 20 E6 23		            jsr L23E6
  6021 33F4 A2 0A		            ldx #$0A
  6022 33F6 A0 E9		            ldy #$E9
  6023 33F8 20 18 E0		            jsr LE018
  6024 33FB A2 68		            ldx #$68
  6025 33FD A0 D9		            ldy #$D9
  6026 33FF 86 33		            stx BUFRHI
  6027 3401 84 34		            sty BFENLO
  6028 3403 A9 F8		            lda #$F8
  6029 3405 A2 10		            ldx #$10
  6030 3407 20 E1 0B		            jsr L0BE1
  6031 340A A9 FF		            lda #$FF
  6032 340C 85 7E		            sta COUNTR
  6033 340E A9 FC		            lda #$FC
  6034 3410 85 84		            sta L0084
  6035 3412 A2 68		            ldx #$68
  6036 3414 A0 D9		            ldy #$D9
  6037 3416 86 33		            stx BUFRHI
  6038 3418 84 34		            sty BFENLO
  6039 341A A2 10		            ldx #$10
  6040 341C 8A			L341C       txa
  6041 341D 4A			            lsr
  6042 341E A5 7E		            lda COUNTR
  6043 3420 A0 03		            ldy #$03
  6044 3422 91 33		            sta (BUFRHI),Y
  6045 3424 A0 12		            ldy #$12
  6046 3426 91 33		            sta (BUFRHI),Y
  6047 3428 A5 84		            lda L0084
  6048 342A A0 15		            ldy #$15
  6049 342C 91 33		            sta (BUFRHI),Y
  6050 342E A0 24		            ldy #$24
  6051 3430 91 33		            sta (BUFRHI),Y
  6052 3432 90 02		            bcc L3436
  6053 3434 A5 7E		            lda COUNTR
  6054 3436 A0 13		L3436       ldy #$13
  6055 3438 91 33		            sta (BUFRHI),Y
  6056 343A C8			            iny
  6057 343B 91 33		            sta (BUFRHI),Y
  6058 343D 20 FE 3A		            jsr L3AFE
  6059 3440 CA			            dex
  6060 3441 D0 D9		            bne L341C
  6061 3443 A2 EA		            ldx #$EA
  6062 3445 A0 51		            ldy #$51
  6063 3447 86 33		            stx BUFRHI
  6064 3449 84 34		            sty BFENLO
  6065 344B A9 F6		            lda #$F6
  6066 344D 85 7D		            sta INSDAT
  6067 344F A9 F7		            lda #$F7
  6068 3451 85 83		            sta L0083
  6069 3453 A9 F4		            lda #$F4
  6070 3455 85 7C		            sta HOLDCH
  6071 3457 A9 F5		            lda #$F5
  6072 3459 85 82		            sta L0082
  6073 345B A9 01		            lda #$01
  6074 345D 85 88		            sta L0088
  6075 345F A9 0C		            lda #$0C
  6076 3461 85 2A		            sta ICAX1Z
  6077 3463 20 5E 08		L3463       jsr L085E
  6078 3466 A0 00		            ldy #$00
  6079 3468 20 75 35		            jsr L3575
  6080 346B A0 04		            ldy #$04
  6081 346D 20 75 35		            jsr L3575
  6082 3470 20 EE 37		            jsr L37EE
  6083 3473 A0 13		            ldy #$13
  6084 3475 20 75 35		            jsr L3575
  6085 3478 A0 0F		            ldy #$0F
  6086 347A 20 75 35		            jsr L3575
  6087 347D 20 EE 37		            jsr L37EE
  6088 3480 20 FE 3A		            jsr L3AFE
  6089 3483 C6 2A		            dec ICAX1Z
  6090 3485 D0 DC		            bne L3463
  6091 3487 20 CB 1E		            jsr L1ECB
  6092 348A A9 05		            lda #$05
  6093 348C 85 81		            sta LOMEM+1
  6094 348E A9 22		            lda #$22
  6095 3490 85 87		            sta L0087
  6096 3492 A9 00		            lda #$00
  6097 3494 85 05		            sta RAMLO+1
  6098 3496 20 AD 20		            jsr L20AD
  6099 3499 A9 50		            lda #$50
  6100 349B A2 58		            ldx #$58
  6101 349D A0 F1		            ldy #$F1
  6102 349F 20 5F 35		            jsr L355F
  6103 34A2 A6 21		            ldx ICDNOZ
  6104 34A4 BD 10 01		            lda L0110,X
  6105 34A7 85 05		            sta RAMLO+1
  6106 34A9 20 AD 20		            jsr L20AD
  6107 34AC A6 21		            ldx ICDNOZ
  6108 34AE 18			            clc
  6109 34AF A9 50		            lda #$50
  6110 34B1 7D 10 01		            adc L0110,X
  6111 34B4 A2 FF		            ldx #$FF
  6112 34B6 A0 00		            ldy #$00
  6113 34B8 20 5F 35		            jsr L355F
  6114 34BB A9 99		            lda #$99
  6115 34BD 85 8D		            sta L008D
  6116 34BF A9 00		            lda #$00
  6117 34C1 85 7F		            sta COUNTR+1
  6118 34C3 85 85		            sta L0085
  6119 34C5 85 8F		            sta L008F
  6120 34C7 18			            clc
  6121 34C8 AD 00 01		            lda L0100
  6122 34CB 69 03		            adc #$03
  6123 34CD 85 8B		            sta L008B
  6124 34CF A4 21		            ldy ICDNOZ
  6125 34D1 B6 E0		            ldx L00E0,Y
  6126 34D3 B9 F0 00		            lda L00F0,Y
  6127 34D6 4A			            lsr
  6128 34D7 4A			            lsr
  6129 34D8 4A			            lsr
  6130 34D9 4A			            lsr
  6131 34DA C9 03		            cmp #$03
  6132 34DC 90 02		            bcc L34E0
  6133 34DE A9 02		            lda #$02
  6134 34E0 69 01		L34E0       adc #$01
  6135 34E2 7D 26 E2		            adc LE226,X
  6136 34E5 85 8A		            sta L008A
  6137 34E7 A5 7E		            lda COUNTR
  6138 34E9 85 89		            sta L0089
  6139 34EB A9 58		            lda #$58
  6140 34ED 85 7B		            sta SWPFLG
  6141 34EF A9 40		            lda #$40
  6142 34F1 85 A3		            sta L00A3
  6143 34F3 20 27 24		            jsr L2427
  6144 34F6 A9 4F		            lda #$4F
  6145 34F8 8D 2D 1E		            sta L1E2C+1
  6146 34FB A6 89		L34FB       ldx L0089
  6147 34FD A5 26		            lda ICPTLZ
  6148 34FF F0 14		            beq L3515
  6149 3501 30 06		            bmi L3509
  6150 3503 A9 FF		            lda #$FF
  6151 3505 A6 84		            ldx L0084
  6152 3507 D0 04		            bne L350D
  6153 3509 A9 58		L3509       lda #$58
  6154 350B A6 7E		            ldx COUNTR
  6155 350D 85 7B		L350D       sta SWPFLG
  6156 350F 86 89		            stx L0089
  6157 3511 A9 40		            lda #$40
  6158 3513 85 A3		            sta L00A3
  6159 3515 8E A3 D9		L3515       stx LD9A1+2
  6160 3518 8E A4 D9		            stx LD9A4
  6161 351B 8E CB D9		            stx LD9CB
  6162 351E 8E CC D9		            stx LD9CB+1
  6163 3521 86 8E		            stx L008E
  6164 3523 20 80 3A		            jsr L3A80
  6165 3526 24 27		            bit ICPTHZ
  6166 3528 10 04		            bpl L352E
  6167 352A A9 01		            lda #$01
  6168 352C 85 8D		            sta L008D
  6169 352E A2 73		L352E       ldx #$73
  6170 3530 20 04 38		            jsr L3804
  6171 3533 A9 00		            lda #$00
  6172 3535 85 05		            sta RAMLO+1
  6173 3537 20 AD 20		            jsr L20AD
  6174 353A A5 7B		            lda SWPFLG
  6175 353C 85 06		            sta TRAMSZ
  6176 353E 20 F3 20		            jsr L20F3
  6177 3541 A6 21		            ldx ICDNOZ
  6178 3543 BD 10 01		            lda L0110,X
  6179 3546 85 05		            sta RAMLO+1
  6180 3548 20 AD 20		            jsr L20AD
  6181 354B A5 7B		            lda SWPFLG
  6182 354D 49 A7		            eor #$A7
  6183 354F 85 06		            sta TRAMSZ
  6184 3551 20 F3 20		            jsr L20F3
  6185 3554 20 C5 1E		            jsr L1EC5
  6186 3557 20 71 40		            jsr L4071
  6187 355A A5 8D		            lda L008D
  6188 355C D0 9D		            bne L34FB
  6189 355E 60			            rts
  6190 355F 85 0C		L355F       sta DOSINI
  6191 3561 86 06		            stx TRAMSZ
  6192 3563 84 0B		            sty DOSVEC+1
  6193 3565 A2 00		            ldx #$00
  6194 3567 86 0A		            stx DOSVEC
  6195 3569 86 07		            stx CMCMD
  6196 356B E8			            inx
  6197 356C 86 09		            stx BOOT
  6198 356E A9 7A		            lda #$7A
  6199 3570 85 08		            sta WARMST
  6200 3572 4C F3 20		            jmp L20F3
  6201 3575 B1 33		L3575       lda (BUFRHI),Y
  6202 3577 F0 20		            beq L3599
  6203 3579 4A			            lsr
  6204 357A C9 7A		            cmp #$7A
  6205 357C D0 2D		            bne L35AB
  6206 357E AD 1B D4		            lda LD419+2
  6207 3581 29 1E		            and #$1E
  6208 3583 C9 0A		            cmp #$0A
  6209 3585 90 02		            bcc L3589
  6210 3587 A9 0A		            lda #$0A
  6211 3589 AA			L3589       tax
  6212 358A BD AC 35		            lda L35AC,X
  6213 358D 8D 97 35		            sta L3596+1
  6214 3590 BD AD 35		            lda L35AC+1,X
  6215 3593 8D 98 35		            sta L3596+2
  6216 3596 4C AB 35		L3596       jmp L35AB
  6217 3599 A5 2A		L3599       lda ICAX1Z
  6218 359B C9 03		            cmp #$03
  6219 359D 90 09		            bcc L35A8
  6220 359F AD 1B D4		            lda LD419+2
  6221 35A2 29 1E		            and #$1E
  6222 35A4 C9 06		            cmp #$06
  6223 35A6 F0 E1		            beq L3589
  6224 35A8 20 01 3A		L35A8       jsr L3A01
  6225 35AB 60			L35AB       rts
  6226 35AC 5D 39 66		L35AC       eor L6639,X
  6227 35AF 39 75 39		            and L3975,Y
  6228 35B2 85 39		            sta RECVDN
  6229 35B4 B8			            clv
  6230 35B5 39 D6 3A		            and L3AD6,Y
  6231 35B8 A5 80		L35B8       lda LOMEM
  6232 35BA F0 6C		            beq L3628
  6233 35BC A4 7F		            ldy COUNTR+1
  6234 35BE 20 89 37		            jsr L3789
  6235 35C1 A5 25		            lda ICBAHZ
  6236 35C3 20 29 36		            jsr L3629
  6237 35C6 A4 7F		            ldy COUNTR+1
  6238 35C8 A5 25		            lda ICBAHZ
  6239 35CA F0 14		            beq L35E0
  6240 35CC 30 09		            bmi L35D7
  6241 35CE C8			            iny
  6242 35CF C0 0D		            cpy #$0D
  6243 35D1 90 0B		            bcc L35DE
  6244 35D3 A0 01		            ldy #$01
  6245 35D5 D0 07		            bne L35DE
  6246 35D7 88			L35D7       dey
  6247 35D8 30 02		            bmi L35DC
  6248 35DA D0 02		            bne L35DE
  6249 35DC A0 0C		L35DC       ldy #$0C
  6250 35DE 84 7F		L35DE       sty COUNTR+1
  6251 35E0 20 89 37		L35E0       jsr L3789
  6252 35E3 20 34 36		            jsr L3634
  6253 35E6 24 27		            bit ICPTHZ
  6254 35E8 10 3E		            bpl L3628
  6255 35EA 20 DD 3A		            jsr L3ADD
  6256 35ED B1 33		            lda (BUFRHI),Y
  6257 35EF C5 7C		            cmp HOLDCH
  6258 35F1 D0 35		            bne L3628
  6259 35F3 20 5E 08		            jsr L085E
  6260 35F6 20 34 36		            jsr L3634
  6261 35F9 20 F1 3A		            jsr L3AF1
  6262 35FC 20 5E 08		            jsr L085E
  6263 35FF 20 29 36		            jsr L3629
  6264 3602 38			            sec
  6265 3603 A9 0D		            lda #$0D
  6266 3605 E5 7F		            sbc COUNTR+1
  6267 3607 A8			            tay
  6268 3608 A9 B0		            lda #$B0
  6269 360A 91 31		            sta (CHKSUM),Y
  6270 360C A9 00		            lda #$00
  6271 360E 85 7F		            sta COUNTR+1
  6272 3610 C6 80		            dec LOMEM
  6273 3612 A4 80		            ldy LOMEM
  6274 3614 20 89 37		            jsr L3789
  6275 3617 20 E8 3A		            jsr L3AE8
  6276 361A 20 5E 08		            jsr L085E
  6277 361D A9 F2		            lda #$F2
  6278 361F A4 81		            ldy LOMEM+1
  6279 3621 91 35		            sta (BFENHI),Y
  6280 3623 A9 0A		            lda #$0A
  6281 3625 8D F4 02		            sta CHBAS
  6282 3628 60			L3628       rts
  6283 3629 A4 81		L3629       ldy LOMEM+1
  6284 362B A5 7C		L362B       lda HOLDCH
  6285 362D 91 33		            sta (BUFRHI),Y
  6286 362F A9 F8		            lda #$F8
  6287 3631 91 35		            sta (BFENHI),Y
  6288 3633 60			            rts
  6289 3634 A4 81		L3634       ldy LOMEM+1
  6290 3636 A5 7D		            lda INSDAT
  6291 3638 91 33		            sta (BUFRHI),Y
  6292 363A A5 7E		            lda COUNTR
  6293 363C 91 35		            sta (BFENHI),Y
  6294 363E 60			            rts
  6295 363F A2 00		L363F       ldx #$00
  6296 3641 A0 10		            ldy #$10
  6297 3643 A9 06		            lda #$06
  6298 3645 20 71 36		            jsr L3671
  6299 3648 A2 10		            ldx #$10
  6300 364A A0 20		            ldy #$20
  6301 364C A9 0A		            lda #$0A
  6302 364E 20 71 36		            jsr L3671
  6303 3651 A2 20		            ldx #$20
  6304 3653 A0 30		            ldy #$30
  6305 3655 A9 0E		            lda #$0E
  6306 3657 D0 18		            bne L3671
  6307 3659 A2 70		L3659       ldx #$70
  6308 365B A0 60		            ldy #$60
  6309 365D A9 21		            lda #$21
  6310 365F 20 71 36		            jsr L3671
  6311 3662 A2 60		            ldx #$60
  6312 3664 A0 50		            ldy #$50
  6313 3666 A9 1D		            lda #$1D
  6314 3668 20 71 36		            jsr L3671
  6315 366B A2 50		            ldx #$50
  6316 366D A0 40		            ldy #$40
  6317 366F A9 19		            lda #$19
  6318 3671 85 2C		L3671       sta ICAX3Z
  6319 3673 A9 4C		            lda #$4C
  6320 3675 86 31		            stx CHKSUM
  6321 3677 85 32		            sta BUFRLO
  6322 3679 84 2F		            sty ICAX6Z
  6323 367B 85 30		            sta L0030
  6324 367D A2 E0		            ldx #$E0
  6325 367F A0 51		            ldy #$51
  6326 3681 86 33		            stx BUFRHI
  6327 3683 84 34		            sty BFENLO
  6328 3685 A0 0C		            ldy #$0C
  6329 3687 84 2A		L3687       sty ICAX1Z
  6330 3689 A5 33		            lda BUFRHI
  6331 368B 85 2D		            sta ICAX4Z
  6332 368D A5 34		            lda BFENLO
  6333 368F 85 2E		            sta ICAX5Z
  6334 3691 B1 31		            lda (CHKSUM),Y
  6335 3693 F0 39		            beq L36CE
  6336 3695 30 3F		            bmi L36D6
  6337 3697 A4 2C		            ldy ICAX3Z
  6338 3699 B1 33		            lda (BUFRHI),Y
  6339 369B C5 7D		            cmp INSDAT
  6340 369D F0 53		            beq L36F2
  6341 369F A4 2A		            ldy ICAX1Z
  6342 36A1 38			            sec
  6343 36A2 B1 31		            lda (CHKSUM),Y
  6344 36A4 E9 01		            sbc #$01
  6345 36A6 91 31		            sta (CHKSUM),Y
  6346 36A8 A4 2C		            ldy ICAX3Z
  6347 36AA B1 33		            lda (BUFRHI),Y
  6348 36AC C5 83		            cmp L0083
  6349 36AE F0 4E		            beq L36FE
  6350 36B0 C9 FD		            cmp #$FD
  6351 36B2 F0 52		            beq L3706
  6352 36B4 C9 FE		            cmp #$FE
  6353 36B6 D0 03		            bne L36BB
  6354 36B8 4C 28 37		            jmp L3728
  6355 36BB C9 FF		L36BB       cmp #$FF
  6356 36BD F0 06		            beq L36C5
  6357 36BF 20 5E 37		            jsr L375E
  6358 36C2 20 50 37		            jsr L3750
  6359 36C5 20 FE 3A		L36C5       jsr L3AFE
  6360 36C8 A4 2A		            ldy ICAX1Z
  6361 36CA 88			            dey
  6362 36CB D0 BA		            bne L3687
  6363 36CD 60			            rts
  6364 36CE A4 2C		L36CE       ldy ICAX3Z
  6365 36D0 20 57 37		            jsr L3757
  6366 36D3 4C C5 36		            jmp L36C5
  6367 36D6 A4 2C		L36D6       ldy ICAX3Z
  6368 36D8 20 5E 37		            jsr L375E
  6369 36DB 20 50 37		            jsr L3750
  6370 36DE 18			            clc
  6371 36DF B1 31		            lda (CHKSUM),Y
  6372 36E1 69 01		            adc #$01
  6373 36E3 91 31		            sta (CHKSUM),Y
  6374 36E5 D0 DE		            bne L36C5
  6375 36E7 A4 2C		            ldy ICAX3Z
  6376 36E9 20 5E 08		            jsr L085E
  6377 36EC 20 2B 36		            jsr L362B
  6378 36EF 4C C5 36		            jmp L36C5
  6379 36F2 20 5E 37		L36F2       jsr L375E
  6380 36F5 20 50 37		            jsr L3750
  6381 36F8 A9 10		            lda #$10
  6382 36FA 91 31		            sta (CHKSUM),Y
  6383 36FC D0 C7		            bne L36C5
  6384 36FE A4 2A		L36FE       ldy ICAX1Z
  6385 3700 A9 00		L3700       lda #$00
  6386 3702 91 31		            sta (CHKSUM),Y
  6387 3704 F0 BF		            beq L36C5
  6388 3706 A4 2A		L3706       ldy ICAX1Z
  6389 3708 88			            dey
  6390 3709 88			            dey
  6391 370A B1 31		            lda (CHKSUM),Y
  6392 370C F0 B7		            beq L36C5
  6393 370E C8			            iny
  6394 370F A9 01		            lda #$01
  6395 3711 91 31		            sta (CHKSUM),Y
  6396 3713 20 52 37		            jsr L3752
  6397 3716 20 FE 3A		            jsr L3AFE
  6398 3719 A4 2C		            ldy ICAX3Z
  6399 371B 20 5E 37		L371B       jsr L375E
  6400 371E A6 2D		            ldx ICAX4Z
  6401 3720 A4 2E		            ldy ICAX5Z
  6402 3722 86 33		            stx BUFRHI
  6403 3724 84 34		            sty BFENLO
  6404 3726 D0 9D		            bne L36C5
  6405 3728 A4 2A		L3728       ldy ICAX1Z
  6406 372A 88			            dey
  6407 372B B1 31		            lda (CHKSUM),Y
  6408 372D D0 D1		            bne L3700
  6409 372F 20 52 37		            jsr L3752
  6410 3732 A9 01		            lda #$01
  6411 3734 91 31		            sta (CHKSUM),Y
  6412 3736 C8			            iny
  6413 3737 C8			            iny
  6414 3738 20 52 37		            jsr L3752
  6415 373B 20 FE 3A		            jsr L3AFE
  6416 373E A4 2C		            ldy ICAX3Z
  6417 3740 20 5E 37		            jsr L375E
  6418 3743 A5 33		            lda BUFRHI
  6419 3745 38			            sec
  6420 3746 E9 50		            sbc #$50
  6421 3748 85 33		            sta BUFRHI
  6422 374A B0 CF		            bcs L371B
  6423 374C C6 34		            dec BFENLO
  6424 374E D0 CB		            bne L371B
  6425 3750 A4 2A		L3750       ldy ICAX1Z
  6426 3752 A9 01		L3752       lda #$01
  6427 3754 91 2F		            sta (ICAX6Z),Y
  6428 3756 60			            rts
  6429 3757 20 5E 08		L3757       jsr L085E
  6430 375A A9 F8		            lda #$F8
  6431 375C D0 07		            bne L3765
  6432 375E 20 5E 08		L375E       jsr L085E
  6433 3761 B1 35		            lda (BFENHI),Y
  6434 3763 09 F0		            ora #$F0
  6435 3765 85 0B		L3765       sta DOSVEC+1
  6436 3767 A2 03		            ldx #$03
  6437 3769 20 DD 3A		L3769       jsr L3ADD
  6438 376C 20 5E 08		            jsr L085E
  6439 376F A5 0B		            lda DOSVEC+1
  6440 3771 91 35		            sta (BFENHI),Y
  6441 3773 CA			            dex
  6442 3774 D0 F3		            bne L3769
  6443 3776 20 DD 3A		            jsr L3ADD
  6444 3779 20 5E 08		            jsr L085E
  6445 377C B1 33		            lda (BUFRHI),Y
  6446 377E C5 7C		            cmp HOLDCH
  6447 3780 D0 04		            bne L3786
  6448 3782 A5 0B		            lda DOSVEC+1
  6449 3784 91 35		            sta (BFENHI),Y
  6450 3786 4C E8 3A		L3786       jmp L3AE8
  6451 3789 B9 6B CF		L3789       lda LCF6B,Y
  6452 378C 85 34		            sta BFENLO
  6453 378E B9 7C CF		            lda LCF7C,Y
  6454 3791 85 33		            sta BUFRHI
  6455 3793 4C 5E 08		            jmp L085E
  6456 3796 84 2C		L3796       sty ICAX3Z
  6457 3798 A2 E0		            ldx #$E0
  6458 379A A0 51		            ldy #$51
  6459 379C 86 33		            stx BUFRHI
  6460 379E 84 34		            sty BFENLO
  6461 37A0 A9 0C		            lda #$0C
  6462 37A2 85 2A		            sta ICAX1Z
  6463 37A4 A2 00		            ldx #$00
  6464 37A6 20 5E 08		L37A6       jsr L085E
  6465 37A9 A4 2A		            ldy ICAX1Z
  6466 37AB B1 31		            lda (CHKSUM),Y
  6467 37AD 48			            pha
  6468 37AE A9 00		            lda #$00
  6469 37B0 91 31		            sta (CHKSUM),Y
  6470 37B2 68			            pla
  6471 37B3 F0 0B		            beq L37C0
  6472 37B5 A4 2C		            ldy ICAX3Z
  6473 37B7 B1 35		            lda (BFENHI),Y
  6474 37B9 A0 13		            ldy #$13
  6475 37BB 91 35		            sta (BFENHI),Y
  6476 37BD C8			            iny
  6477 37BE 91 35		            sta (BFENHI),Y
  6478 37C0 A0 13		L37C0       ldy #$13
  6479 37C2 B1 35		            lda (BFENHI),Y
  6480 37C4 09 F0		            ora #$F0
  6481 37C6 C5 7E		            cmp COUNTR
  6482 37C8 D0 01		            bne L37CB
  6483 37CA E8			            inx
  6484 37CB 20 FE 3A		L37CB       jsr L3AFE
  6485 37CE C6 2A		            dec ICAX1Z
  6486 37D0 D0 D4		            bne L37A6
  6487 37D2 E0 06		            cpx #$06
  6488 37D4 F0 05		            beq L37DB
  6489 37D6 90 06		            bcc L37DE
  6490 37D8 A5 7E		            lda COUNTR
  6491 37DA 0C			            .byte $0C
  6492 37DB A9 F8		L37DB       lda #$F8
  6493 37DD 0C			            .byte $0C
  6494 37DE A5 84		L37DE       lda L0084
  6495 37E0 8D A3 D9		            sta LD9A1+2
  6496 37E3 8D A4 D9		            sta LD9A4
  6497 37E6 8D CB D9		            sta LD9CB
  6498 37E9 8D CC D9		            sta LD9CB+1
  6499 37EC 85 8E		            sta L008E
  6500 37EE A2 05		L37EE       ldx #$05
  6501 37F0 B5 7C		L37F0       lda HOLDCH,X
  6502 37F2 A8			            tay
  6503 37F3 B5 82		            lda L0082,X
  6504 37F5 95 7C		            sta HOLDCH,X
  6505 37F7 98			            tya
  6506 37F8 95 82		            sta L0082,X
  6507 37FA CA			            dex
  6508 37FB 10 F3		            bpl L37F0
  6509 37FD A5 88		            lda L0088
  6510 37FF 49 FE		            eor #$FE
  6511 3801 85 88		            sta L0088
  6512 3803 60			L3803       rts
  6513 3804 18			L3804       clc
  6514 3805 A5 8D		            lda L008D
  6515 3807 F0 FA		            beq L3803
  6516 3809 F8			            sed
  6517 380A E9 00		            sbc #$00
  6518 380C D8			            cld
  6519 380D 85 8D		L380D       sta L008D
  6520 380F 4A			            lsr
  6521 3810 4A			            lsr
  6522 3811 4A			            lsr
  6523 3812 4A			            lsr
  6524 3813 9D EE E2		            sta LE2EE,X
  6525 3816 A5 8D		            lda L008D
  6526 3818 29 0F		            and #$0F
  6527 381A 9D EF E2		            sta LE2EF,X
  6528 381D 4C 8C 31		            jmp L318C
  6529 3820 A5 7E		L3820       lda COUNTR
  6530 3822 C5 89		            cmp L0089
  6531 3824 F0 44		            beq L386A
  6532 3826 A5 50		            lda TEMPCHR
  6533 3828 4A			            lsr
  6534 3829 B0 0E		            bcs L3839
  6535 382B A5 8F		            lda L008F
  6536 382D C5 7F		            cmp COUNTR+1
  6537 382F F0 1D		            beq L384E
  6538 3831 B0 11		            bcs L3844
  6539 3833 A9 FF		L3833       lda #$FF
  6540 3835 0C			            .byte $0C
  6541 3836 A9 01		L3836       lda #$01
  6542 3838 0C			            .byte $0C
  6543 3839 A9 00		L3839       lda #$00
  6544 383B 85 25		            sta ICBAHZ
  6545 383D A5 27		            lda ICPTHZ
  6546 383F 29 0F		            and #$0F
  6547 3841 85 27		            sta ICPTHZ
  6548 3843 60			            rts
  6549 3844 A6 7F		L3844       ldx COUNTR+1
  6550 3846 D0 EE		            bne L3836
  6551 3848 C9 07		            cmp #$07
  6552 384A 90 EA		            bcc L3836
  6553 384C B0 E5		            bcs L3833
  6554 384E A5 27		L384E       lda ICPTHZ
  6555 3850 29 0F		            and #$0F
  6556 3852 09 90		            ora #$90
  6557 3854 85 27		            sta ICPTHZ
  6558 3856 A9 00		            lda #$00
  6559 3858 85 25		            sta ICBAHZ
  6560 385A AD 1B D4		            lda LD419+2
  6561 385D 29 0F		            and #$0F
  6562 385F 69 00		            adc #$00
  6563 3861 C9 0D		            cmp #$0D
  6564 3863 90 02		            bcc L3867
  6565 3865 E9 08		            sbc #$08
  6566 3867 85 8F		L3867       sta L008F
  6567 3869 60			            rts
  6568 386A A5 27		L386A       lda ICPTHZ
  6569 386C 29 EF		            and #$EF
  6570 386E 85 27		            sta ICPTHZ
  6571 3870 4C 5C 0B		            jmp L0B5C
  6572 3873 A9 55		L3873       lda #$55
  6573 3875 85 8C		            sta L008C
  6574 3877 A9 99		            lda #$99
  6575 3879 85 8D		            sta L008D
  6576 387B E6 50		L387B       inc TEMPCHR
  6577 387D A5 50		            lda TEMPCHR
  6578 387F 4A			            lsr
  6579 3880 A5 53		L3880       lda RMARGN
  6580 3882 F0 FC		            beq L3880
  6581 3884 69 FD		            adc #$FD
  6582 3886 85 51		            sta HOLD1
  6583 3888 20 20 38		            jsr L3820
  6584 388B A2 00		            ldx #$00
  6585 388D A0 4C		            ldy #$4C
  6586 388F 86 31		            stx CHKSUM
  6587 3891 84 32		            sty BUFRLO
  6588 3893 20 B8 35		            jsr L35B8
  6589 3896 20 3F 36		            jsr L363F
  6590 3899 A2 30		            ldx #$30
  6591 389B A0 4C		            ldy #$4C
  6592 389D 86 31		            stx CHKSUM
  6593 389F 84 32		            sty BUFRLO
  6594 38A1 A0 0E		            ldy #$0E
  6595 38A3 20 96 37		            jsr L3796
  6596 38A6 A5 8C		            lda L008C
  6597 38A8 4A			            lsr
  6598 38A9 D0 05		            bne L38B0
  6599 38AB AD 1B D4		            lda LD419+2
  6600 38AE 30 3A		            bmi L38EA
  6601 38B0 24 51		L38B0       bit HOLD1
  6602 38B2 30 FC		            bmi L38B0
  6603 38B4 20 20 38		            jsr L3820
  6604 38B7 A2 70		            ldx #$70
  6605 38B9 A0 4C		            ldy #$4C
  6606 38BB 86 31		            stx CHKSUM
  6607 38BD 84 32		            sty BUFRLO
  6608 38BF 20 B8 35		            jsr L35B8
  6609 38C2 20 59 36		            jsr L3659
  6610 38C5 A2 40		            ldx #$40
  6611 38C7 A0 4C		            ldy #$4C
  6612 38C9 86 31		            stx CHKSUM
  6613 38CB 84 32		            sty BUFRLO
  6614 38CD A0 19		            ldy #$19
  6615 38CF 20 96 37		            jsr L3796
  6616 38D2 A5 50		            lda TEMPCHR
  6617 38D4 4A			            lsr
  6618 38D5 B0 10		            bcs L38E7
  6619 38D7 A2 7E		            ldx #$7E
  6620 38D9 20 04 38		            jsr L3804
  6621 38DC A5 8D		            lda L008D
  6622 38DE D0 07		            bne L38E7
  6623 38E0 90 05		            bcc L38E7
  6624 38E2 A9 1B		            lda #$1B
  6625 38E4 8D FB 02		            sta ATACHR
  6626 38E7 20 11 3B		L38E7       jsr L3B11
  6627 38EA A5 8D		L38EA       lda L008D
  6628 38EC D0 8D		            bne L387B
  6629 38EE 85 80		            sta LOMEM
  6630 38F0 85 86		            sta L0086
  6631 38F2 C6 8C		            dec L008C
  6632 38F4 D0 85		            bne L387B
  6633 38F6 60			            rts
  6634 38F7 A9 00		L38F7       lda #$00
  6635 38F9 85 05		            sta RAMLO+1
  6636 38FB 20 61 21		            jsr L2161
  6637 38FE A9 40		            lda #$40
  6638 3900 85 0F		            sta APPMHI+1
  6639 3902 A6 E0		            ldx L00E0
  6640 3904 BD 6E E2		            lda LE26E,X
  6641 3907 29 7F		            and #$7F
  6642 3909 85 0E		            sta APPMHI
  6643 390B BD 26 E2		            lda LE226,X
  6644 390E 8D 00 01		            sta L0100
  6645 3911 4C 07 0D		            jmp L0D07
  6646 3914 20 22 24		L3914       jsr L2422
  6647 3917 A5 E0		            lda L00E0
  6648 3919 A2 F5		            ldx #$F5
  6649 391B A0 0B		            ldy #$0B
  6650 391D 20 47 39		            jsr L3947
  6651 3920 A2 1C		            ldx #$1C
  6652 3922 A0 E5		            ldy #$E5
  6653 3924 20 39 39		            jsr L3939
  6654 3927 20 22 24		            jsr L2422
  6655 392A A6 21		            ldx ICDNOZ
  6656 392C B5 E0		            lda L00E0,X
  6657 392E A2 F6		            ldx #$F6
  6658 3930 A0 0C		            ldy #$0C
  6659 3932 20 47 39		            jsr L3947
  6660 3935 A2 26		            ldx #$26
  6661 3937 A0 E5		            ldy #$E5
  6662 3939 20 AE 31		L3939       jsr L31AE
  6663 393C 20 1F 24		            jsr L241F
  6664 393F A9 4D		            lda #$4D
  6665 3941 8D 2D 1E		            sta L1E2C+1
  6666 3944 4C E6 31		            jmp L31E6
  6667 3947 48			L3947       pha
  6668 3948 8A			            txa
  6669 3949 48			            pha
  6670 394A 8C F4 02		            sty CHBAS
  6671 394D 20 2B 0A		            jsr L0A2B
  6672 3950 68			            pla
  6673 3951 20 39 09		            jsr L0939
  6674 3954 68			            pla
  6675 3955 85 0D		            sta DOSINI+1
  6676 3957 20 DC 09		            jsr L09DC
  6677 395A 4C 63 23		            jmp L2363
  6678 395D A5 7D		            lda INSDAT
  6679 395F 91 33		L395F       sta (BUFRHI),Y
  6680 3961 A5 7E		            lda COUNTR
  6681 3963 91 35		            sta (BFENHI),Y
  6682 3965 60			L3965       rts
  6683 3966 98			            tya
  6684 3967 F0 FC		            beq L3965
  6685 3969 C0 13		            cpy #$13
  6686 396B F0 F8		            beq L3965
  6687 396D A5 83		            lda L0083
  6688 396F 20 5F 39		            jsr L395F
  6689 3972 4C 01 3A		            jmp L3A01
  6690 3975 98			L3975       tya
  6691 3976 F0 0C		            beq L3984
  6692 3978 C0 13		            cpy #$13
  6693 397A F0 08		            beq L3984
  6694 397C A9 FC		            lda #$FC
  6695 397E 91 33		            sta (BUFRHI),Y
  6696 3980 A5 84		            lda L0084
  6697 3982 91 35		            sta (BFENHI),Y
  6698 3984 60			L3984       rts
  6699 3985 20 E8 39		            jsr L39E8
  6700 3988 90 55		            bcc L39DF
  6701 398A C5 7C		            cmp HOLDCH
  6702 398C D0 51		            bne L39DF
  6703 398E 20 EE 3A		            jsr L3AEE
  6704 3991 B1 33		            lda (BUFRHI),Y
  6705 3993 F0 09		            beq L399E
  6706 3995 20 EB 3A		            jsr L3AEB
  6707 3998 B1 33		            lda (BUFRHI),Y
  6708 399A C9 FD		            cmp #$FD
  6709 399C B0 41		            bcs L39DF
  6710 399E 20 DF 39		L399E       jsr L39DF
  6711 39A1 A4 2C		            ldy ICAX3Z
  6712 39A3 20 63 3A		            jsr L3A63
  6713 39A6 20 33 3A		            jsr L3A33
  6714 39A9 20 FE 3A		            jsr L3AFE
  6715 39AC 20 01 3A		            jsr L3A01
  6716 39AF 20 FE 3A		            jsr L3AFE
  6717 39B2 20 33 3A		            jsr L3A33
  6718 39B5 4C DF 39		            jmp L39DF
  6719 39B8 20 E8 39		            jsr L39E8
  6720 39BB 90 22		            bcc L39DF
  6721 39BD F0 09		            beq L39C8
  6722 39BF 20 D7 3A		            jsr L3AD7
  6723 39C2 B1 33		            lda (BUFRHI),Y
  6724 39C4 C9 FD		            cmp #$FD
  6725 39C6 B0 17		            bcs L39DF
  6726 39C8 20 DF 39		L39C8       jsr L39DF
  6727 39CB A4 2C		            ldy ICAX3Z
  6728 39CD 20 63 3A		            jsr L3A63
  6729 39D0 20 01 3A		            jsr L3A01
  6730 39D3 20 FE 3A		            jsr L3AFE
  6731 39D6 20 33 3A		            jsr L3A33
  6732 39D9 20 FE 3A		            jsr L3AFE
  6733 39DC 20 01 3A		            jsr L3A01
  6734 39DF A6 2D		L39DF       ldx ICAX4Z
  6735 39E1 A4 2E		            ldy ICAX5Z
  6736 39E3 86 33		            stx BUFRHI
  6737 39E5 84 34		            sty BFENLO
  6738 39E7 60			            rts
  6739 39E8 84 2C		L39E8       sty ICAX3Z
  6740 39EA A6 33		            ldx BUFRHI
  6741 39EC A4 34		            ldy BFENLO
  6742 39EE 86 2D		            stx ICAX4Z
  6743 39F0 84 2E		            sty ICAX5Z
  6744 39F2 A5 2A		            lda ICAX1Z
  6745 39F4 C9 03		            cmp #$03
  6746 39F6 90 08		            bcc L3A00
  6747 39F8 A4 2C		            ldy ICAX3Z
  6748 39FA 20 DD 3A		            jsr L3ADD
  6749 39FD B1 33		            lda (BUFRHI),Y
  6750 39FF 38			            sec
  6751 3A00 60			L3A00       rts
  6752 3A01 20 26 3A		L3A01       jsr L3A26
  6753 3A04 A2 03		            ldx #$03
  6754 3A06 20 DD 3A		L3A06       jsr L3ADD
  6755 3A09 A9 00		            lda #$00
  6756 3A0B 91 33		            sta (BUFRHI),Y
  6757 3A0D CA			            dex
  6758 3A0E D0 F6		            bne L3A06
  6759 3A10 20 DD 3A		            jsr L3ADD
  6760 3A13 B1 33		            lda (BUFRHI),Y
  6761 3A15 45 7C		            eor HOLDCH
  6762 3A17 D0 02		            bne L3A1B
  6763 3A19 91 33		            sta (BUFRHI),Y
  6764 3A1B A6 31		L3A1B       ldx CHKSUM
  6765 3A1D A4 32		            ldy BUFRLO
  6766 3A1F 86 33		            stx BUFRHI
  6767 3A21 84 34		            sty BFENLO
  6768 3A23 A4 2C		            ldy ICAX3Z
  6769 3A25 60			            rts
  6770 3A26 84 2C		L3A26       sty ICAX3Z
  6771 3A28 A6 33		            ldx BUFRHI
  6772 3A2A A4 34		            ldy BFENLO
  6773 3A2C 86 31		            stx CHKSUM
  6774 3A2E 84 32		            sty BUFRLO
  6775 3A30 A4 2C		            ldy ICAX3Z
  6776 3A32 60			            rts
  6777 3A33 20 26 3A		L3A33       jsr L3A26
  6778 3A36 A2 03		            ldx #$03
  6779 3A38 20 F1 3A		L3A38       jsr L3AF1
  6780 3A3B A9 00		            lda #$00
  6781 3A3D 91 33		            sta (BUFRHI),Y
  6782 3A3F CA			            dex
  6783 3A40 D0 F6		            bne L3A38
  6784 3A42 20 F1 3A		            jsr L3AF1
  6785 3A45 B1 33		            lda (BUFRHI),Y
  6786 3A47 F0 D2		            beq L3A1B
  6787 3A49 C9 FD		            cmp #$FD
  6788 3A4B B0 CE		            bcs L3A1B
  6789 3A4D A5 83		            lda L0083
  6790 3A4F 91 33		            sta (BUFRHI),Y
  6791 3A51 A5 33		            lda BUFRHI
  6792 3A53 85 2F		            sta ICAX6Z
  6793 3A55 A5 34		            lda BFENLO
  6794 3A57 29 03		            and #$03
  6795 3A59 09 D8		            ora #$D8
  6796 3A5B 85 30		            sta L0030
  6797 3A5D A5 7E		            lda COUNTR
  6798 3A5F 91 2F		            sta (ICAX6Z),Y
  6799 3A61 D0 B8		            bne L3A1B
  6800 3A63 A2 FE		L3A63       ldx #$FE
  6801 3A65 20 73 3A		            jsr L3A73
  6802 3A68 A2 FF		            ldx #$FF
  6803 3A6A 20 73 3A		            jsr L3A73
  6804 3A6D A4 2C		            ldy ICAX3Z
  6805 3A6F A9 FD		            lda #$FD
  6806 3A71 D0 06		            bne L3A79
  6807 3A73 98			L3A73       tya
  6808 3A74 18			            clc
  6809 3A75 69 28		            adc #$28
  6810 3A77 A8			            tay
  6811 3A78 8A			            txa
  6812 3A79 91 33		L3A79       sta (BUFRHI),Y
  6813 3A7B A5 7E		L3A7B       lda COUNTR
  6814 3A7D 91 35		            sta (BFENHI),Y
  6815 3A7F 60			            rts
  6816 3A80 A6 8B		L3A80       ldx L008B
  6817 3A82 A4 8A		            ldy L008A
  6818 3A84 86 80		            stx LOMEM
  6819 3A86 84 86		            sty L0086
  6820 3A88 A5 89		            lda L0089
  6821 3A8A C5 7E		            cmp COUNTR
  6822 3A8C F0 04		            beq L3A92
  6823 3A8E 86 86		            stx L0086
  6824 3A90 84 80		            sty LOMEM
  6825 3A92 A0 01		L3A92       ldy #$01
  6826 3A94 20 89 37		            jsr L3789
  6827 3A97 20 5E 08		            jsr L085E
  6828 3A9A A9 0C		            lda #$0C
  6829 3A9C 85 2A		            sta ICAX1Z
  6830 3A9E 38			            sec
  6831 3A9F A9 0D		            lda #$0D
  6832 3AA1 E5 80		            sbc LOMEM
  6833 3AA3 85 29		            sta ICBLHZ
  6834 3AA5 A9 0D		            lda #$0D
  6835 3AA7 E5 86		            sbc L0086
  6836 3AA9 85 2B		            sta ICAX2Z
  6837 3AAB A0 01		L3AAB       ldy #$01
  6838 3AAD A5 29		            lda ICBLHZ
  6839 3AAF C5 2A		            cmp ICAX1Z
  6840 3AB1 A5 7E		            lda COUNTR
  6841 3AB3 90 02		            bcc L3AB7
  6842 3AB5 A9 F2		            lda #$F2
  6843 3AB7 91 35		L3AB7       sta (BFENHI),Y
  6844 3AB9 A0 26		            ldy #$26
  6845 3ABB A5 2B		            lda ICAX2Z
  6846 3ABD C5 2A		            cmp ICAX1Z
  6847 3ABF A5 84		            lda L0084
  6848 3AC1 90 02		            bcc L3AC5
  6849 3AC3 A9 F2		            lda #$F2
  6850 3AC5 91 35		L3AC5       sta (BFENHI),Y
  6851 3AC7 18			            clc
  6852 3AC8 A5 35		            lda BFENHI
  6853 3ACA 69 28		            adc #$28
  6854 3ACC 85 35		            sta BFENHI
  6855 3ACE 90 02		            bcc L3AD2
  6856 3AD0 E6 36		            inc LTEMP
  6857 3AD2 C6 2A		L3AD2       dec ICAX1Z
  6858 3AD4 D0 D5		            bne L3AAB
  6859 3AD6 60			L3AD6       rts
  6860 3AD7 20 DD 3A		L3AD7       jsr L3ADD
  6861 3ADA 20 DD 3A		            jsr L3ADD
  6862 3ADD 24 88		L3ADD       bit L0088
  6863 3ADF 30 14		            bmi L3AF5
  6864 3AE1 E6 33		L3AE1       inc BUFRHI
  6865 3AE3 D0 02		            bne L3AE7
  6866 3AE5 E6 34		L3AE5       inc BFENLO
  6867 3AE7 60			L3AE7       rts
  6868 3AE8 20 F1 3A		L3AE8       jsr L3AF1
  6869 3AEB 20 F1 3A		L3AEB       jsr L3AF1
  6870 3AEE 20 F1 3A		L3AEE       jsr L3AF1
  6871 3AF1 24 88		L3AF1       bit L0088
  6872 3AF3 30 EC		            bmi L3AE1
  6873 3AF5 A5 33		L3AF5       lda BUFRHI
  6874 3AF7 D0 02		            bne L3AFB
  6875 3AF9 C6 34		            dec BFENLO
  6876 3AFB C6 33		L3AFB       dec BUFRHI
  6877 3AFD 60			            rts
  6878 3AFE 18			L3AFE       clc
  6879 3AFF A5 33		            lda BUFRHI
  6880 3B01 69 28		            adc #$28
  6881 3B03 85 33		            sta BUFRHI
  6882 3B05 B0 DE		            bcs L3AE5
  6883 3B07 60			            rts
  6884 3B08 20 71 40		L3B08       jsr L4071
  6885 3B0B 20 71 40		            jsr L4071
  6886 3B0E 20 71 40		            jsr L4071
  6887 3B11 A2 00		L3B11       ldx #$00
  6888 3B13 E8			            inx
  6889 3B14 8A			            txa
  6890 3B15 29 07		            and #$07
  6891 3B17 8D 12 3B		            sta L3B11+1
  6892 3B1A 4A			            lsr
  6893 3B1B A0 00		L3B1B       ldy #$00
  6894 3B1D B0 02		            bcs L3B21
  6895 3B1F A0 08		            ldy #$08
  6896 3B21 BD 24 E6		L3B21       lda LE624,X
  6897 3B24 99 A3 7F		            sta L7FA3,Y
  6898 3B27 BD 26 E6		            lda LE626,X
  6899 3B2A 99 A4 7F		            sta L7FA4,Y
  6900 3B2D 60			            rts
  6901 3B2E A2 FE		L3B2E       ldx #$FE
  6902 3B30 8E 00 DC		            stx LDBFF+1
  6903 3B33 AD 01 DC		            lda LDC01
  6904 3B36 29 78		            and #$78
  6905 3B38 85 28		            sta ICBLLZ
  6906 3B3A CA			            dex
  6907 3B3B 8E 00 DC		            stx LDBFF+1
  6908 3B3E AD 01 DC		            lda LDC01
  6909 3B41 0A			            asl
  6910 3B42 A2 BF		            ldx #$BF
  6911 3B44 8E 00 DC		            stx LDBFF+1
  6912 3B47 AD 01 DC		            lda LDC01
  6913 3B4A 29 10		            and #$10
  6914 3B4C 69 EF		            adc #$EF
  6915 3B4E 66 28		            ror ICBLLZ
  6916 3B50 A2 7F		            ldx #$7F
  6917 3B52 8E 00 DC		            stx LDBFF+1
  6918 3B55 AD 01 DC		            lda LDC01
  6919 3B58 0A			            asl
  6920 3B59 66 28		            ror ICBLLZ
  6921 3B5B A2 FF		            ldx #$FF
  6922 3B5D 8E 02 DC		            stx LDC01+1
  6923 3B60 8E 00 DC		            stx LDBFF+1
  6924 3B63 60			            rts
  6925 3B64 A5 50		L3B64       lda TEMPCHR
  6926 3B66 29 03		            and #$03
  6927 3B68 D0 58		            bne L3BC2
  6928 3B6A A5 28		            lda ICBLLZ
  6929 3B6C 29 50		            and #$50
  6930 3B6E 0A			            asl
  6931 3B6F 0A			            asl
  6932 3B70 D0 2D		            bne L3B9F
  6933 3B72 A4 4C		            ldy DSTAT
  6934 3B74 90 05		            bcc L3B7B
  6935 3B76 C0 0F		            cpy #$0F
  6936 3B78 90 04		            bcc L3B7E
  6937 3B7A C8			            iny
  6938 3B7B 88			L3B7B       dey
  6939 3B7C 10 01		            bpl L3B7F
  6940 3B7E C8			L3B7E       iny
  6941 3B7F 84 4C		L3B7F       sty DSTAT
  6942 3B81 98			            tya
  6943 3B82 C9 0A		            cmp #$0A
  6944 3B84 90 05		            bcc L3B8B
  6945 3B86 E9 0A		            sbc #$0A
  6946 3B88 A0 01		            ldy #$01
  6947 3B8A 0C			            .byte $0C
  6948 3B8B A0 30		L3B8B       ldy #$30
  6949 3B8D 8C 2F E3		            sty LE32F
  6950 3B90 8D 30 E3		            sta LE330
  6951 3B93 A9 80		            lda #$80
  6952 3B95 05 4C		            ora DSTAT
  6953 3B97 8D 18 D4		            sta LD416+2
  6954 3B9A A2 42		            ldx #$42
  6955 3B9C 20 8C 31		            jsr L318C
  6956 3B9F A5 28		L3B9F       lda ICBLLZ
  6957 3BA1 29 42		            and #$42
  6958 3BA3 0A			            asl
  6959 3BA4 0A			            asl
  6960 3BA5 D0 1B		            bne L3BC2
  6961 3BA7 AC 0B CA		            ldy LCA0B
  6962 3BAA 90 06		            bcc L3BB2
  6963 3BAC CC 3C 03		            cpy HATABS+34
  6964 3BAF 90 04		            bcc L3BB5
  6965 3BB1 C8			            iny
  6966 3BB2 88			L3BB2       dey
  6967 3BB3 10 01		            bpl L3BB6
  6968 3BB5 C8			L3BB5       iny
  6969 3BB6 8C 0B CA		L3BB6       sty LCA0B
  6970 3BB9 C8			            iny
  6971 3BBA 8C 37 E3		            sty LE337
  6972 3BBD A2 4C		            ldx #$4C
  6973 3BBF 20 8C 31		            jsr L318C
  6974 3BC2 A5 28		L3BC2       lda ICBLLZ
  6975 3BC4 29 44		            and #$44
  6976 3BC6 0A			            asl
  6977 3BC7 0A			            asl
  6978 3BC8 D0 14		            bne L3BDE
  6979 3BCA 90 09		            bcc L3BD5
  6980 3BCC A2 32		            ldx #$32
  6981 3BCE 20 8C 31		            jsr L318C
  6982 3BD1 A9 00		            lda #$00
  6983 3BD3 F0 07		            beq L3BDC
  6984 3BD5 A2 39		L3BD5       ldx #$39
  6985 3BD7 20 8C 31		            jsr L318C
  6986 3BDA A9 FF		            lda #$FF
  6987 3BDC 85 4D		L3BDC       sta ATRACT
  6988 3BDE 60			L3BDE       rts
  6989 3BDF 00			L3BDF       .byte $00
  6990 3BE0 4E DF 3B		L3BE0       lsr L3BDF
  6991 3BE3 B0 04		            bcs L3BE9
  6992 3BE5 24 28		            bit ICBLLZ
  6993 3BE7 10 01		            bpl L3BEA
  6994 3BE9 60			L3BE9       rts
  6995 3BEA A2 1C		L3BEA       ldx #$1C
  6996 3BEC 20 8C 31		            jsr L318C
  6997 3BEF A9 00		            lda #$00
  6998 3BF1 85 A4		            sta L00A4
  6999 3BF3 85 57		            sta DINDEX
  7000 3BF5 A5 50		            lda TEMPCHR
  7001 3BF7 85 58		            sta SAVMSC
  7002 3BF9 20 5D 3C		            jsr L3C5D
  7003 3BFC 20 CB 1E		L3BFC       jsr L1ECB
  7004 3BFF 24 28		L3BFF       bit ICBLLZ
  7005 3C01 10 42		            bpl L3C45
  7006 3C03 24 27		            bit ICPTHZ
  7007 3C05 30 3E		            bmi L3C45
  7008 3C07 A9 BF		            lda #$BF
  7009 3C09 20 50 0B		            jsr L0B50
  7010 3C0C 29 08		            and #$08
  7011 3C0E F0 32		            beq L3C42
  7012 3C10 24 57		            bit DINDEX
  7013 3C12 70 1E		            bvs L3C32
  7014 3C14 E6 50		            inc TEMPCHR
  7015 3C16 20 74 40		            jsr L4074
  7016 3C19 20 C2 3B		            jsr L3BC2
  7017 3C1C 20 6A 3C		            jsr L3C6A
  7018 3C1F 20 35 F9		L3C1F       jsr LF935
  7019 3C22 B0 21		L3C22       bcs L3C45
  7020 3C24 A5 28		            lda ICBLLZ
  7021 3C26 29 42		            and #$42
  7022 3C28 C9 40		            cmp #$40
  7023 3C2A D0 D0		            bne L3BFC
  7024 3C2C 85 57		            sta DINDEX
  7025 3C2E A2 22		            ldx #$22
  7026 3C30 D0 0A		            bne L3C3C
  7027 3C32 A5 28		L3C32       lda ICBLLZ
  7028 3C34 29 42		            and #$42
  7029 3C36 D0 C4		            bne L3BFC
  7030 3C38 85 57		            sta DINDEX
  7031 3C3A A2 1C		            ldx #$1C
  7032 3C3C 20 8C 31		L3C3C       jsr L318C
  7033 3C3F 4C FC 3B		            jmp L3BFC
  7034 3C42 4C 71 03		L3C42       jmp IOCB3+ICDNO
  7035 3C45 A2 29		L3C45       ldx #$29
  7036 3C47 20 8C 31		            jsr L318C
  7037 3C4A 20 5D 3C		L3C4A       jsr L3C5D
  7038 3C4D 24 27		            bit ICPTHZ
  7039 3C4F 30 F9		            bmi L3C4A
  7040 3C51 20 C1 08		            jsr L08C1
  7041 3C54 A5 58		            lda SAVMSC
  7042 3C56 85 50		            sta TEMPCHR
  7043 3C58 A9 12		            lda #$12
  7044 3C5A 85 A4		            sta L00A4
  7045 3C5C 60			            rts
  7046 3C5D E6 50		L3C5D       inc TEMPCHR
  7047 3C5F 20 71 40		            jsr L4071
  7048 3C62 20 6A 3C		            jsr L3C6A
  7049 3C65 24 28		            bit ICBLLZ
  7050 3C67 10 F4		            bpl L3C5D
  7051 3C69 60			            rts
  7052 3C6A 20 AA 3F		L3C6A       jsr L3FAA
  7053 3C6D 20 E9 21		            jsr L21E9
  7054 3C70 4C 71 40		            jmp L4071
  7055 3C73 20 22 24		L3C73       jsr L2422
  7056 3C76 20 2B 0A		            jsr L0A2B
  7057 3C79 A9 F2		            lda #$F2
  7058 3C7B 20 39 09		            jsr L0939
  7059 3C7E 20 DC 09		            jsr L09DC
  7060 3C81 20 63 23		            jsr L2363
  7061 3C84 18			            clc
  7062 3C85 A5 3D		            lda BPTR
  7063 3C87 69 68		            adc #$68
  7064 3C89 8D 14 E5		            sta LE514
  7065 3C8C A2 07		            ldx #$07
  7066 3C8E A0 E5		            ldy #$E5
  7067 3C90 20 AE 31		            jsr L31AE
  7068 3C93 20 1F 24		            jsr L241F
  7069 3C96 A9 4D		            lda #$4D
  7070 3C98 8D 2D 1E		            sta L1E2C+1
  7071 3C9B 4C 74 40		            jmp L4074
  7072 3C9E A9 0B		L3C9E       lda #$0B
  7073 3CA0 8D F4 02		            sta CHBAS
  7074 3CA3 20 4D 42		            jsr L424D
  7075 3CA6 AD 6B 02		            lda CHSALT
  7076 3CA9 0D 6C 02		            ora VSFLAG
  7077 3CAC 0D 6D 02		            ora KEYDIS
  7078 3CAF 05 93		            ora L0093
  7079 3CB1 08			            php
  7080 3CB2 D0 05		            bne L3CB9
  7081 3CB4 AA			            tax
  7082 3CB5 A9 25		            lda #$25
  7083 3CB7 D0 15		            bne L3CCE
  7084 3CB9 AE 6F 02		L3CB9       ldx GPRIOR
  7085 3CBC D0 14		            bne L3CD2
  7086 3CBE AD 70 02		            lda PADDL0
  7087 3CC1 4A			            lsr
  7088 3CC2 90 02		            bcc L3CC6
  7089 3CC4 A2 50		            ldx #$50
  7090 3CC6 2C 96 CF		L3CC6       bit LCF96
  7091 3CC9 F0 03		            beq L3CCE
  7092 3CCB 38			            sec
  7093 3CCC E9 03		            sbc #$03
  7094 3CCE 8E 70 02		L3CCE       stx PADDL0
  7095 3CD1 0C			            .byte $0C
  7096 3CD2 A9 75		L3CD2       lda #$75
  7097 3CD4 8D 6F 02		            sta GPRIOR
  7098 3CD7 2C 12 D0		L3CD7       bit TRIG2
  7099 3CDA 10 FB		            bpl L3CD7
  7100 3CDC 78			            sei
  7101 3CDD A2 03		            ldx #$03
  7102 3CDF 18			            clc
  7103 3CE0 F8			            sed
  7104 3CE1 BD 6D 02		L3CE1       lda KEYDIS,X
  7105 3CE4 75 37		L3CE4       adc LTEMP+1,X
  7106 3CE6 95 37		            sta LTEMP+1,X
  7107 3CE8 CA			            dex
  7108 3CE9 30 05		            bmi L3CF0
  7109 3CEB D0 F4		            bne L3CE1
  7110 3CED 8A			            txa
  7111 3CEE F0 F4		            beq L3CE4
  7112 3CF0 D8			L3CF0       cld
  7113 3CF1 24 22		            bit ICCOMZ
  7114 3CF3 10 1A		            bpl L3D0F
  7115 3CF5 70 06		            bvs L3CFD
  7116 3CF7 A2 05		            ldx #$05
  7117 3CF9 A9 02		            lda #$02
  7118 3CFB D0 04		            bne L3D01
  7119 3CFD A2 15		L3CFD       ldx #$15
  7120 3CFF A9 06		            lda #$06
  7121 3D01 8E 72 02		L3D01       stx PADDL2
  7122 3D04 85 29		            sta ICBLHZ
  7123 3D06 A9 FA		L3D06       lda #$FA
  7124 3D08 20 05 41		            jsr L4105
  7125 3D0B C6 29		            dec ICBLHZ
  7126 3D0D D0 F7		            bne L3D06
  7127 3D0F 58			L3D0F       cli
  7128 3D10 A5 3B		            lda CHKSNT
  7129 3D12 05 3C		            ora NOCKSM
  7130 3D14 D0 04		            bne L3D1A
  7131 3D16 E6 3B		            inc CHKSNT
  7132 3D18 E6 3C		            inc NOCKSM
  7133 3D1A 20 71 40		L3D1A       jsr L4071
  7134 3D1D 20 22 24		            jsr L2422
  7135 3D20 20 2B 0A		            jsr L0A2B
  7136 3D23 A9 F5		            lda #$F5
  7137 3D25 20 39 09		            jsr L0939
  7138 3D28 A5 E0		            lda L00E0
  7139 3D2A 85 0D		            sta DOSINI+1
  7140 3D2C 20 DC 09		            jsr L09DC
  7141 3D2F 20 63 23		L3D2F       jsr L2363
  7142 3D32 28			            plp
  7143 3D33 D0 06		            bne L3D3B
  7144 3D35 A2 D2		            ldx #$D2
  7145 3D37 A0 E4		            ldy #$E4
  7146 3D39 D0 04		            bne L3D3F
  7147 3D3B A2 BF		L3D3B       ldx #$BF
  7148 3D3D A0 E4		            ldy #$E4
  7149 3D3F 20 30 32		L3D3F       jsr L3230
  7150 3D42 A2 0F		            ldx #$0F
  7151 3D44 20 1A 42		            jsr L421A
  7152 3D47 24 22		            bit ICCOMZ
  7153 3D49 10 0C		            bpl L3D57
  7154 3D4B A2 E5		            ldx #$E5
  7155 3D4D A0 E4		            ldy #$E4
  7156 3D4F 20 30 32		            jsr L3230
  7157 3D52 A2 12		            ldx #$12
  7158 3D54 20 1A 42		            jsr L421A
  7159 3D57 A2 35		L3D57       ldx #$35
  7160 3D59 A0 E5		            ldy #$E5
  7161 3D5B 20 AE 31		            jsr L31AE
  7162 3D5E 20 1F 24		            jsr L241F
  7163 3D61 A9 4D		            lda #$4D
  7164 3D63 8D 2D 1E		            sta L1E2C+1
  7165 3D66 4C E6 31		            jmp L31E6
  7166 3D69 A2 12		L3D69       ldx #$12
  7167 3D6B 20 8C 31		            jsr L318C
  7168 3D6E A9 00		            lda #$00
  7169 3D70 85 11		            sta BRKKEY
  7170 3D72 85 13		            sta RTCLOK+1
  7171 3D74 20 17 24		            jsr L2417
  7172 3D77 A9 06		            lda #$06
  7173 3D79 85 7B		            sta SWPFLG
  7174 3D7B A9 13		            lda #$13
  7175 3D7D 8D F4 02		            sta CHBAS
  7176 3D80 A2 AA		            ldx #$AA
  7177 3D82 A0 E1		            ldy #$E1
  7178 3D84 20 E5 20		            jsr L20E5
  7179 3D87 A5 7B		L3D87       lda SWPFLG
  7180 3D89 30 2C		            bmi L3DB7
  7181 3D8B A9 07		            lda #$07
  7182 3D8D 85 05		            sta RAMLO+1
  7183 3D8F 20 AD 20		            jsr L20AD
  7184 3D92 A5 7B		            lda SWPFLG
  7185 3D94 85 05		            sta RAMLO+1
  7186 3D96 AD 1B D4		            lda LD419+2
  7187 3D99 29 07		            and #$07
  7188 3D9B 38			            sec
  7189 3D9C E9 04		            sbc #$04
  7190 3D9E 18			            clc
  7191 3D9F 65 06		            adc TRAMSZ
  7192 3DA1 85 06		            sta TRAMSZ
  7193 3DA3 A9 9D		            lda #$9D
  7194 3DA5 85 0C		            sta DOSINI
  7195 3DA7 AD 1B D4		            lda LD419+2
  7196 3DAA 29 07		            and #$07
  7197 3DAC 38			            sec
  7198 3DAD E9 04		            sbc #$04
  7199 3DAF 18			            clc
  7200 3DB0 65 08		            adc WARMST
  7201 3DB2 85 08		            sta WARMST
  7202 3DB4 20 F3 20		            jsr L20F3
  7203 3DB7 20 58 07		L3DB7       jsr L0758
  7204 3DBA A9 07		            lda #$07
  7205 3DBC 85 05		            sta RAMLO+1
  7206 3DBE 20 AD 20		L3DBE       jsr L20AD
  7207 3DC1 E6 0C		            inc DOSINI
  7208 3DC3 A5 0C		            lda DOSINI
  7209 3DC5 C9 A8		            cmp #$A8
  7210 3DC7 90 04		            bcc L3DCD
  7211 3DC9 A9 00		            lda #$00
  7212 3DCB 85 09		            sta BOOT
  7213 3DCD 20 F3 20		L3DCD       jsr L20F3
  7214 3DD0 C6 05		            dec RAMLO+1
  7215 3DD2 10 EA		            bpl L3DBE
  7216 3DD4 20 58 07		            jsr L0758
  7217 3DD7 C6 7B		            dec SWPFLG
  7218 3DD9 A5 7B		            lda SWPFLG
  7219 3DDB C9 F0		            cmp #$F0
  7220 3DDD D0 A8		            bne L3D87
  7221 3DDF A9 80		            lda #$80
  7222 3DE1 8D F4 3D		            sta L3DF2+2
  7223 3DE4 A0 21		            ldy #$21
  7224 3DE6 A2 00		L3DE6       ldx #$00
  7225 3DE8 AD 1B D4		L3DE8       lda LD419+2
  7226 3DEB 4D 06 DD		            eor LDD06
  7227 3DEE 29 03		            and #$03
  7228 3DF0 09 EC		            ora #$EC
  7229 3DF2 9D 00 80		L3DF2       sta L8000,X
  7230 3DF5 24 BF		            bit L00BF
  7231 3DF7 E8			            inx
  7232 3DF8 E0 A7		            cpx #$A7
  7233 3DFA D0 EC		            bne L3DE8
  7234 3DFC EE F4 3D		            inc L3DF2+2
  7235 3DFF 88			            dey
  7236 3E00 D0 E4		            bne L3DE6
  7237 3E02 A2 03		            ldx #$03
  7238 3E04 98			            tya
  7239 3E05 9D EC C1		L3E05       sta LC1EC,X
  7240 3E08 CA			            dex
  7241 3E09 10 FA		            bpl L3E05
  7242 3E0B A9 40		            lda #$40
  7243 3E0D 85 50		            sta TEMPCHR
  7244 3E0F A9 0F		            lda #$0F
  7245 3E11 8D F4 02		            sta CHBAS
  7246 3E14 20 71 40		L3E14       jsr L4071
  7247 3E17 AD 1B D4		            lda LD419+2
  7248 3E1A A2 07		            ldx #$07
  7249 3E1C 87 4F		            .byte $87,$4F
  7250 3E1E 4A			            lsr
  7251 3E1F 4A			            lsr
  7252 3E20 4A			            lsr
  7253 3E21 87			            .byte $87
  7254 3E22 4E AD 1B		            lsr L1BAD
  7255 3E25 D4			            .byte $D4
  7256 3E26 85 1B		            sta DSKUTL+1
  7257 3E28 A9 03		            lda #$03
  7258 3E2A 2D 1B D4		            and LD419+2
  7259 3E2D 85 1C		            sta ABUFPT
  7260 3E2F A9 00		            lda #$00
  7261 3E31 85 1E		            sta ABUFPT+2
  7262 3E33 AD 1B D4		            lda LD419+2
  7263 3E36 4A			            lsr
  7264 3E37 85 1D		            sta ABUFPT+1
  7265 3E39 2C 12 D0		L3E39       bit TRIG2
  7266 3E3C 10 FB		            bpl L3E39
  7267 3E3E A9 F1		            lda #$F1
  7268 3E40 85 90		L3E40       sta L0090
  7269 3E42 20 D6 1E		            jsr L1ED6
  7270 3E45 AD 12 D0		            lda TRIG2
  7271 3E48 C9 76		            cmp #$76
  7272 3E4A B0 1E		            bcs L3E6A
  7273 3E4C A2 07		            ldx #$07
  7274 3E4E BC 78 7F		L3E4E       ldy L7F78,X
  7275 3E51 BD 70 7F		            lda L7F70,X
  7276 3E54 9D 78 7F		            sta L7F78,X
  7277 3E57 BD 68 7F		            lda L7F68,X
  7278 3E5A 9D 70 7F		            sta L7F70,X
  7279 3E5D BD 60 7F		            lda L7F60,X
  7280 3E60 9D 68 7F		            sta L7F68,X
  7281 3E63 98			            tya
  7282 3E64 9D 60 7F		            sta L7F60,X
  7283 3E67 CA			            dex
  7284 3E68 10 E4		            bpl L3E4E
  7285 3E6A E6 50		L3E6A       inc TEMPCHR
  7286 3E6C 10 A6		            bpl L3E14
  7287 3E6E 20 71 40		            jsr L4071
  7288 3E71 20 2B 0A		            jsr L0A2B
  7289 3E74 A9 F3		            lda #$F3
  7290 3E76 20 39 09		            jsr L0939
  7291 3E79 A9 17		L3E79       lda #$17
  7292 3E7B 85 0D		            sta DOSINI+1
  7293 3E7D A2 A0		            ldx #$A0
  7294 3E7F 20 65 23		            jsr L2365
  7295 3E82 A2 D0		            ldx #$D0
  7296 3E84 A0 E3		            ldy #$E3
  7297 3E86 20 30 32		            jsr L3230
  7298 3E89 A2 DF		            ldx #$DF
  7299 3E8B A0 E3		            ldy #$E3
  7300 3E8D 20 30 32		            jsr L3230
  7301 3E90 20 1F 24		            jsr L241F
  7302 3E93 A9 4D		            lda #$4D
  7303 3E95 8D 2D 1E		            sta L1E2C+1
  7304 3E98 A9 05		            lda #$05
  7305 3E9A 8D F4 02		            sta CHBAS
  7306 3E9D A9 64		            lda #$64
  7307 3E9F 85 7B		            sta SWPFLG
  7308 3EA1 20 71 40		L3EA1       jsr L4071
  7309 3EA4 A5 7B		            lda SWPFLG
  7310 3EA6 F0 02		            beq L3EAA
  7311 3EA8 C6 7B		            dec SWPFLG
  7312 3EAA 05 3B		L3EAA       ora CHKSNT
  7313 3EAC 05 3C		            ora NOCKSM
  7314 3EAE D0 F1		            bne L3EA1
  7315 3EB0 A4 3D		            ldy BPTR
  7316 3EB2 88			            dey
  7317 3EB3 CC 3C 03		            cpy HATABS+34
  7318 3EB6 90 08		            bcc L3EC0
  7319 3EB8 F0 06		            beq L3EC0
  7320 3EBA 8C 3C 03		            sty HATABS+34
  7321 3EBD EE 02 03		            inc DCOMND
  7322 3EC0 A0 04		L3EC0       ldy #$04
  7323 3EC2 20 15 3F		            jsr L3F15
  7324 3EC5 B0 0E		            bcs L3ED5
  7325 3EC7 A0 00		            ldy #$00
  7326 3EC9 20 15 3F		            jsr L3F15
  7327 3ECC 90 3C		            bcc L3F0A
  7328 3ECE A2 06		            ldx #$06
  7329 3ED0 A0 E4		            ldy #$E4
  7330 3ED2 18			            clc
  7331 3ED3 90 07		            bcc L3EDC
  7332 3ED5 EE 02 03		L3ED5       inc DCOMND
  7333 3ED8 A2 EC		            ldx #$EC
  7334 3EDA A0 E3		            ldy #$E3
  7335 3EDC 08			L3EDC       php
  7336 3EDD 20 30 32		            jsr L3230
  7337 3EE0 A2 15		            ldx #$15
  7338 3EE2 A0 E4		            ldy #$E4
  7339 3EE4 20 30 32		            jsr L3230
  7340 3EE7 20 28 3F		            jsr L3F28
  7341 3EEA 28			            plp
  7342 3EEB 90 08		            bcc L3EF5
  7343 3EED A2 00		            ldx #$00
  7344 3EEF 20 8A 3F		            jsr L3F8A
  7345 3EF2 A0 07		            ldy #$07
  7346 3EF4 0C			            .byte $0C
  7347 3EF5 A0 03		L3EF5       ldy #$03
  7348 3EF7 A2 03		            ldx #$03
  7349 3EF9 B5 37		L3EF9       lda LTEMP+1,X
  7350 3EFB 99 34 03		            sta HATABS+26,Y
  7351 3EFE 88			            dey
  7352 3EFF CA			            dex
  7353 3F00 10 F7		            bpl L3EF9
  7354 3F02 98			            tya
  7355 3F03 10 F0		            bpl L3EF5
  7356 3F05 A2 10		            ldx #$10
  7357 3F07 20 8A 3F		            jsr L3F8A
  7358 3F0A AD 02 03		L3F0A       lda DCOMND
  7359 3F0D F0 18		            beq L3F27
  7360 3F0F 78			            sei
  7361 3F10 C6 01		L3F10       dec NGFLAG
  7362 3F12 4C 75 D0		            jmp LD075
  7363 3F15 A2 00		L3F15       ldx #$00
  7364 3F17 B5 37		L3F17       lda LTEMP+1,X
  7365 3F19 D9 34 03		            cmp HATABS+26,Y
  7366 3F1C 90 09		            bcc L3F27
  7367 3F1E D0 07		            bne L3F27
  7368 3F20 C8			            iny
  7369 3F21 E8			            inx
  7370 3F22 E0 04		            cpx #$04
  7371 3F24 90 F1		            bcc L3F17
  7372 3F26 18			            clc
  7373 3F27 60			L3F27       rts
  7374 3F28 A2 03		L3F28       ldx #$03
  7375 3F2A BD 35 E4		L3F2A       lda LE435,X
  7376 3F2D 9D FF 4B		            sta L4BFF,X
  7377 3F30 A9 26		            lda #$26
  7378 3F32 9D 35 E4		            sta LE435,X
  7379 3F35 CA			            dex
  7380 3F36 D0 F2		            bne L3F2A
  7381 3F38 86 2B		            stx ICAX2Z
  7382 3F3A 20 40 3F		            jsr L3F40
  7383 3F3D 20 40 3F		            jsr L3F40
  7384 3F40 A6 2B		L3F40       ldx ICAX2Z
  7385 3F42 BD 00 4C		            lda L4C00,X
  7386 3F45 A0 00		            ldy #$00
  7387 3F47 D9 40 E5		L3F47       cmp LE540,Y
  7388 3F4A F0 05		            beq L3F51
  7389 3F4C C8			            iny
  7390 3F4D C0 1A		            cpy #$1A
  7391 3F4F 90 F6		            bcc L3F47
  7392 3F51 84 2C		L3F51       sty ICAX3Z
  7393 3F53 20 C5 1E		L3F53       jsr L1EC5
  7394 3F56 A5 25		            lda ICBAHZ
  7395 3F58 D0 05		            bne L3F5F
  7396 3F5A 20 C5 1E		            jsr L1EC5
  7397 3F5D A5 25		            lda ICBAHZ
  7398 3F5F 05 26		L3F5F       ora ICPTLZ
  7399 3F61 18			            clc
  7400 3F62 65 2C		            adc ICAX3Z
  7401 3F64 30 07		            bmi L3F6D
  7402 3F66 C9 1B		            cmp #$1B
  7403 3F68 90 05		            bcc L3F6F
  7404 3F6A A9 00		            lda #$00
  7405 3F6C 0C			            .byte $0C
  7406 3F6D A9 1A		L3F6D       lda #$1A
  7407 3F6F 85 2C		L3F6F       sta ICAX3Z
  7408 3F71 A8			            tay
  7409 3F72 B9 40 E5		            lda LE540,Y
  7410 3F75 A6 2B		            ldx ICAX2Z
  7411 3F77 9D 36 E4		            sta LE436,X
  7412 3F7A A2 34		            ldx #$34
  7413 3F7C A0 E4		            ldy #$E4
  7414 3F7E 20 30 32		            jsr L3230
  7415 3F81 24 27		            bit ICPTHZ
  7416 3F83 10 CE		            bpl L3F53
  7417 3F85 E6 2B		            inc ICAX2Z
  7418 3F87 4C 29 09		            jmp L0929
  7419 3F8A A0 00		L3F8A       ldy #$00
  7420 3F8C B9 36 E4		L3F8C       lda LE436,Y
  7421 3F8F 9D 4A 03		            sta IOCB0+ICAX1,X
  7422 3F92 E8			            inx
  7423 3F93 C8			            iny
  7424 3F94 C0 03		            cpy #$03
  7425 3F96 90 F4		            bcc L3F8C
  7426 3F98 B9 6B 50		L3F98       lda L506B,Y
  7427 3F9B 9D 3C 03		            sta HATABS+34,X
  7428 3F9E E8			            inx
  7429 3F9F C8			            iny
  7430 3FA0 C0 0B		            cpy #$0B
  7431 3FA2 D0 F4		            bne L3F98
  7432 3FA4 60			            rts
  7433 3FA5 A2 01		L3FA5       ldx #$01
  7434 3FA7 20 AC 3F		            jsr L3FAC
  7435 3FAA A2 00		L3FAA       ldx #$00
  7436 3FAC DE EB E5		L3FAC       dec LE5EB,X
  7437 3FAF 10 67		            bpl L4018
  7438 3FB1 BD ED E5		            lda LE5ED,X
  7439 3FB4 9D EB E5		            sta LE5EB,X
  7440 3FB7 BD EF E5		            lda LE5EF,X
  7441 3FBA 69 08		            adc #$08
  7442 3FBC 29 18		            and #$18
  7443 3FBE 9D EF E5		            sta LE5EF,X
  7444 3FC1 1D 1E E2		            ora LE21E,X
  7445 3FC4 A8			            tay
  7446 3FC5 C0 30		            cpy #$30
  7447 3FC7 90 02		            bcc L3FCB
  7448 3FC9 A0 28		            ldy #$28
  7449 3FCB BD F1 E5		L3FCB       lda LE5F1,X
  7450 3FCE 8D DD 3F		            sta L3FDC+1
  7451 3FD1 BD F3 E5		            lda LE5F3,X
  7452 3FD4 8D DE 3F		L3FD4       sta L3FDC+2
  7453 3FD7 A2 07		            ldx #$07
  7454 3FD9 B9 F5 E5		L3FD9       lda LE5F5,Y
  7455 3FDC 9D 00 78		L3FDC       sta L7800,X
  7456 3FDF C8			            iny
  7457 3FE0 CA			            dex
  7458 3FE1 10 F6		            bpl L3FD9
  7459 3FE3 2C 10 C1		            bit LC110
  7460 3FE6 30 30		            bmi L4018
  7461 3FE8 AD A0 78		            lda L78A0
  7462 3FEB 8D 88 78		            sta L7888
  7463 3FEE AD A1 78		            lda L78A1
  7464 3FF1 8D 89 78		            sta L7889
  7465 3FF4 AD A2 78		            lda L78A2
  7466 3FF7 8D 8A 78		            sta L788A
  7467 3FFA AD A3 78		            lda L78A3
  7468 3FFD 8D 8B 78		            sta L788B
  7469 4000 AD A4 78		            lda L78A4
  7470 4003 8D 8C 78		            sta L788C
  7471 4006 AD A5 78		            lda L78A5
  7472 4009 8D 8D 78		            sta L788D
  7473 400C AD A6 78		            lda L78A6
  7474 400F 8D 8E 78		            sta L788E
  7475 4012 AD A7 78		            lda L78A7
  7476 4015 8D 8F 78		            sta L788F
  7477 4018 60			L4018       rts
  7478 4019 A5 50		L4019       lda TEMPCHR
  7479 401B 4A			            lsr
  7480 401C B0 52		            bcs L4070
  7481 401E A5 19		            lda DSKFMS+1
  7482 4020 C9 14		            cmp #$14
  7483 4022 F0 04		            beq L4028
  7484 4024 C9 11		            cmp #$11
  7485 4026 D0 48		            bne L4070
  7486 4028 A5 17		L4028       lda ICCOMT
  7487 402A A4 18		            ldy DSKFMS
  7488 402C A2 FC		L402C       ldx #$FC
  7489 402E 87 2F		            .byte $87,$2F
  7490 4030 98			            tya
  7491 4031 87			            .byte $87
  7492 4032 30 A0		            bmi L3FD4
  7493 4034 01 B1		            ora (L00B1,X)
  7494 4036 2F			            .byte $2F
  7495 4037 29 03		            and #$03
  7496 4039 AA			            tax
  7497 403A BD 8A CF		            lda LCF8A,X
  7498 403D 91 2F		            sta (ICAX6Z),Y
  7499 403F C8			            iny
  7500 4040 BD 8B CF		            lda LCF8B,X
  7501 4043 91 2F		            sta (ICAX6Z),Y
  7502 4045 C8			            iny
  7503 4046 E6 30		            inc L0030
  7504 4048 BD 8C CF		            lda LCF8C,X
  7505 404B 91 2F		            sta (ICAX6Z),Y
  7506 404D A0 00		            ldy #$00
  7507 404F BD 8D CF		            lda LCF8D,X
  7508 4052 91 2F		            sta (ICAX6Z),Y
  7509 4054 E6 30		            inc L0030
  7510 4056 BD 8C CF		            lda LCF8C,X
  7511 4059 91 2F		            sta (ICAX6Z),Y
  7512 405B A0 03		            ldy #$03
  7513 405D BD 8D CF		            lda LCF8D,X
  7514 4060 91 2F		            sta (ICAX6Z),Y
  7515 4062 E6 30		            inc L0030
  7516 4064 88			            dey
  7517 4065 BD 8A CF		            lda LCF8A,X
  7518 4068 91 2F		            sta (ICAX6Z),Y
  7519 406A 88			            dey
  7520 406B BD 8B CF		            lda LCF8B,X
  7521 406E 91 2F		            sta (ICAX6Z),Y
  7522 4070 60			L4070       rts
  7523 4071 20 CB 1E		L4071       jsr L1ECB
  7524 4074 A0 00		L4074       ldy #$00
  7525 4076 A5 3B		            lda CHKSNT
  7526 4078 F0 2B		            beq L40A5
  7527 407A A6 3C		            ldx NOCKSM
  7528 407C F0 0B		            beq L4089
  7529 407E 38			            sec
  7530 407F E5 3C		            sbc NOCKSM
  7531 4081 F0 3B		            beq L40BE
  7532 4083 90 18		            bcc L409D
  7533 4085 85 3B		            sta CHKSNT
  7534 4087 84 3C		            sty NOCKSM
  7535 4089 C6 3B		L4089       dec CHKSNT
  7536 408B F8			            sed
  7537 408C 38			            sec
  7538 408D A2 03		            ldx #$03
  7539 408F 98			L408F       tya
  7540 4090 75 37		            adc LTEMP+1,X
  7541 4092 95 37		            sta LTEMP+1,X
  7542 4094 CA			            dex
  7543 4095 10 F8		            bpl L408F
  7544 4097 90 29		            bcc L40C2
  7545 4099 A9 99		            lda #$99
  7546 409B D0 1E		            bne L40BB
  7547 409D 49 FF		L409D       eor #$FF
  7548 409F 85 3C		            sta NOCKSM
  7549 40A1 84 3B		            sty CHKSNT
  7550 40A3 90 06		            bcc L40AB
  7551 40A5 A5 3C		L40A5       lda NOCKSM
  7552 40A7 F0 4E		            beq L40F7
  7553 40A9 C6 3C		            dec NOCKSM
  7554 40AB F8			L40AB       sed
  7555 40AC 18			            clc
  7556 40AD A2 03		            ldx #$03
  7557 40AF B5 37		L40AF       lda LTEMP+1,X
  7558 40B1 E9 00		            sbc #$00
  7559 40B3 95 37		            sta LTEMP+1,X
  7560 40B5 CA			            dex
  7561 40B6 10 F7		            bpl L40AF
  7562 40B8 B0 08		            bcs L40C2
  7563 40BA 98			            tya
  7564 40BB 20 2C 41		L40BB       jsr L412C
  7565 40BE 84 3B		L40BE       sty CHKSNT
  7566 40C0 84 3C		            sty NOCKSM
  7567 40C2 D8			L40C2       cld
  7568 40C3 A9 30		            lda #$30
  7569 40C5 85 29		            sta ICBLHZ
  7570 40C7 A2 00		            ldx #$00
  7571 40C9 86 2B		            stx ICAX2Z
  7572 40CB B5 37		L40CB       lda LTEMP+1,X
  7573 40CD 4A			            lsr
  7574 40CE 4A			            lsr
  7575 40CF 4A			            lsr
  7576 40D0 4A			            lsr
  7577 40D1 F0 05		            beq L40D8
  7578 40D3 A0 00		            ldy #$00
  7579 40D5 84 29		            sty ICBLHZ
  7580 40D7 0C			            .byte $0C
  7581 40D8 A5 29		L40D8       lda ICBLHZ
  7582 40DA 20 F8 40		            jsr L40F8
  7583 40DD B5 37		            lda LTEMP+1,X
  7584 40DF 29 0F		            and #$0F
  7585 40E1 F0 06		            beq L40E9
  7586 40E3 A0 00		            ldy #$00
  7587 40E5 84 29		            sty ICBLHZ
  7588 40E7 F0 06		            beq L40EF
  7589 40E9 E0 03		L40E9       cpx #$03
  7590 40EB F0 02		            beq L40EF
  7591 40ED A5 29		            lda ICBLHZ
  7592 40EF 20 F8 40		L40EF       jsr L40F8
  7593 40F2 E8			            inx
  7594 40F3 E0 04		            cpx #$04
  7595 40F5 D0 D4		            bne L40CB
  7596 40F7 60			L40F7       rts
  7597 40F8 A4 2B		L40F8       ldy ICAX2Z
  7598 40FA 99 6E 50		            sta L506E,Y
  7599 40FD 09 80		            ora #$80
  7600 40FF 99 96 50		            sta L5096,Y
  7601 4102 E6 2B		            inc ICAX2Z
  7602 4104 60			            rts
  7603 4105 18			L4105       clc
  7604 4106 65 3B		            adc CHKSNT
  7605 4108 85 3B		            sta CHKSNT
  7606 410A 90 28		            bcc L4134
  7607 410C F8			            sed
  7608 410D A5 3A		            lda XMTDON
  7609 410F 69 54		            adc #$54
  7610 4111 85 3A		            sta XMTDON
  7611 4113 A5 39		            lda RECVDN
  7612 4115 69 02		            adc #$02
  7613 4117 85 39		            sta RECVDN
  7614 4119 A5 38		            lda BUFRFL
  7615 411B 69 00		            adc #$00
  7616 411D 85 38		            sta BUFRFL
  7617 411F A5 37		            lda LTEMP+1
  7618 4121 69 00		            adc #$00
  7619 4123 85 37		            sta LTEMP+1
  7620 4125 D8			            cld
  7621 4126 E6 3B		            inc CHKSNT
  7622 4128 A9 99		            lda #$99
  7623 412A 90 08		            bcc L4134
  7624 412C 85 37		L412C       sta LTEMP+1
  7625 412E 85 38		            sta BUFRFL
  7626 4130 85 39		            sta RECVDN
  7627 4132 85 3A		            sta XMTDON
  7628 4134 60			L4134       rts
  7629 4135 18			L4135       clc
  7630 4136 65 3C		            adc NOCKSM
  7631 4138 85 3C		            sta NOCKSM
  7632 413A 90 20		            bcc L415C
  7633 413C F8			            sed
  7634 413D A5 3A		            lda XMTDON
  7635 413F E9 55		            sbc #$55
  7636 4141 85 3A		            sta XMTDON
  7637 4143 A5 39		            lda RECVDN
  7638 4145 E9 02		            sbc #$02
  7639 4147 85 39		            sta RECVDN
  7640 4149 A5 38		            lda BUFRFL
  7641 414B E9 00		            sbc #$00
  7642 414D 85 38		            sta BUFRFL
  7643 414F A5 37		            lda LTEMP+1
  7644 4151 E9 00		            sbc #$00
  7645 4153 85 37		            sta LTEMP+1
  7646 4155 D8			            cld
  7647 4156 E6 3C		            inc NOCKSM
  7648 4158 A9 00		            lda #$00
  7649 415A 90 D0		            bcc L412C
  7650 415C 60			L415C       rts
  7651 415D A2 14		L415D       ldx #$14
  7652 415F A9 00		            lda #$00
  7653 4161 9D 5F 02		L4161       sta L025F,X
  7654 4164 CA			            dex
  7655 4165 10 FA		            bpl L4161
  7656 4167 60			            rts
  7657 4168 86 02		L4168       stx CASINI
  7658 416A A2 0F		            ldx #$0F
  7659 416C 10 1C		            bpl L418A
  7660 416E 86 02		L416E       stx CASINI
  7661 4170 A2 00		            ldx #$00
  7662 4172 10 16		            bpl L418A
  7663 4174 86 02		L4174       stx CASINI
  7664 4176 A2 03		            ldx #$03
  7665 4178 10 10		            bpl L418A
  7666 417A 86 02		L417A       stx CASINI
  7667 417C A2 06		            ldx #$06
  7668 417E 10 0A		            bpl L418A
  7669 4180 86 02		L4180       stx CASINI
  7670 4182 A2 09		            ldx #$09
  7671 4184 10 04		            bpl L418A
  7672 4186 86 02		L4186       stx CASINI
  7673 4188 A2 0C		            ldx #$0C
  7674 418A 18			L418A       clc
  7675 418B F8			            sed
  7676 418C A9 01		            lda #$01
  7677 418E 7D 61 02		            adc L0261,X
  7678 4191 9D 61 02		            sta L0261,X
  7679 4194 A9 00		            lda #$00
  7680 4196 7D 60 02		            adc L0260,X
  7681 4199 9D 60 02		            sta L0260,X
  7682 419C A9 00		            lda #$00
  7683 419E 7D 5F 02		            adc L025F,X
  7684 41A1 9D 5F 02		            sta L025F,X
  7685 41A4 D8			            cld
  7686 41A5 A6 02		            ldx CASINI
  7687 41A7 60			            rts
  7688 41A8 A5 5E		L41A8       lda OLDADR
  7689 41AA D0 6D		            bne L4219
  7690 41AC 20 22 24		            jsr L2422
  7691 41AF A9 33		            lda #$33
  7692 41B1 A2 F6		            ldx #$F6
  7693 41B3 20 32 0A		            jsr L0A32
  7694 41B6 A9 FE		            lda #$FE
  7695 41B8 20 39 09		            jsr L0939
  7696 41BB A2 3D		            ldx #$3D
  7697 41BD A0 E4		            ldy #$E4
  7698 41BF 20 30 32		            jsr L3230
  7699 41C2 A2 4F		            ldx #$4F
  7700 41C4 A0 E4		            ldy #$E4
  7701 41C6 20 30 32		            jsr L3230
  7702 41C9 A2 00		            ldx #$00
  7703 41CB 20 1A 42		            jsr L421A
  7704 41CE A2 61		            ldx #$61
  7705 41D0 A0 E4		            ldy #$E4
  7706 41D2 20 30 32		            jsr L3230
  7707 41D5 A2 0C		            ldx #$0C
  7708 41D7 20 1A 42		            jsr L421A
  7709 41DA A2 71		            ldx #$71
  7710 41DC A0 E4		            ldy #$E4
  7711 41DE 20 30 32		            jsr L3230
  7712 41E1 A2 09		            ldx #$09
  7713 41E3 20 1A 42		            jsr L421A
  7714 41E6 A2 80		            ldx #$80
  7715 41E8 A0 E4		            ldy #$E4
  7716 41EA 20 30 32		            jsr L3230
  7717 41ED 20 4D 42		            jsr L424D
  7718 41F0 A2 0F		            ldx #$0F
  7719 41F2 20 1A 42		            jsr L421A
  7720 41F5 A9 7F		            lda #$7F
  7721 41F7 20 BE 32		            jsr L32BE
  7722 41FA A2 91		            ldx #$91
  7723 41FC A0 E4		            ldy #$E4
  7724 41FE 20 30 32		            jsr L3230
  7725 4201 A2 03		            ldx #$03
  7726 4203 20 1A 42		            jsr L421A
  7727 4206 A2 AA		            ldx #$AA
  7728 4208 A0 E4		            ldy #$E4
  7729 420A 20 30 32		L420A       jsr L3230
  7730 420D A2 06		L420D       ldx #$06
  7731 420F 20 1A 42		            jsr L421A
  7732 4212 A9 4D		L4212       lda #$4D
  7733 4214 8D 2D 1E		L4214       sta L1E2C+1
  7734 4217 E6 5E		L4217       inc OLDADR
  7735 4219 60			L4219       rts
  7736 421A A9 05		L421A       lda #$05
  7737 421C 85 4A		            sta ZCHAIN
  7738 421E A9 00		            lda #$00
  7739 4220 85 4B		            sta ZCHAIN+1
  7740 4222 BD 5F 02		L4222       lda L025F,X
  7741 4225 4A			            lsr
  7742 4226 4A			            lsr
  7743 4227 4A			            lsr
  7744 4228 4A			            lsr
  7745 4229 20 40 42		            jsr L4240
  7746 422C C6 4A		            dec ZCHAIN
  7747 422E D0 02		            bne L4232
  7748 4230 E6 4B		            inc ZCHAIN+1
  7749 4232 BD 5F 02		L4232       lda L025F,X
  7750 4235 29 0F		            and #$0F
  7751 4237 20 40 42		            jsr L4240
  7752 423A E8			            inx
  7753 423B C6 4A		            dec ZCHAIN
  7754 423D 10 E3		            bpl L4222
  7755 423F 60			            rts
  7756 4240 D0 05		L4240       bne L4247
  7757 4242 A4 4B		L4242       ldy ZCHAIN+1
  7758 4244 F0 06		            beq L424C
  7759 4246 0C			            .byte $0C
  7760 4247 85 4B		L4247       sta ZCHAIN+1
  7761 4249 20 BE 32		            jsr L32BE
  7762 424C 60			L424C       rts
  7763 424D A2 02		L424D       ldx #$02
  7764 424F BD 68 02		L424F       lda L0268,X
  7765 4252 9D A1 42		            sta L42A1,X
  7766 4255 A9 00		            lda #$00
  7767 4257 9D 6E 02		            sta FINE,X
  7768 425A CA			            dex
  7769 425B 10 F2		            bpl L424F
  7770 425D 8D A4 42		            sta L42A4
  7771 4260 AD 68 02		            lda L0268
  7772 4263 0D 69 02		            ora L0269
  7773 4266 0D 6A 02		            ora L026A
  7774 4269 D0 13		            bne L427E
  7775 426B 60			            rts
  7776 426C 8D A1 42		L426C       sta L42A1
  7777 426F 68			            pla
  7778 4270 8D A2 42		            sta L42A2
  7779 4273 68			            pla
  7780 4274 8D A3 42		            sta L42A3
  7781 4277 68			            pla
  7782 4278 8D A4 42		            sta L42A4
  7783 427B 20 68 41		            jsr L4168
  7784 427E F8			L427E       sed
  7785 427F 38			            sec
  7786 4280 AD A4 42		            lda L42A4
  7787 4283 ED 6D 02		            sbc KEYDIS
  7788 4286 48			            pha
  7789 4287 AD A3 42		            lda L42A3
  7790 428A ED 6C 02		            sbc VSFLAG
  7791 428D 48			            pha
  7792 428E AD A2 42		            lda L42A2
  7793 4291 ED 6B 02		            sbc CHSALT
  7794 4294 48			            pha
  7795 4295 AD A1 42		            lda L42A1
  7796 4298 E9 00		            sbc #$00
  7797 429A B0 D0		            bcs L426C
  7798 429C 68			            pla
  7799 429D 68			            pla
  7800 429E 68			            pla
  7801 429F D8			            cld
  7802 42A0 60			            rts
  7803 42A1 00			L42A1       .byte $00
  7804 42A2 00			L42A2       .byte $00
  7805 42A3 00			L42A3       .byte $00
  7806 42A4 00			L42A4       .byte $00
  7807 42A5 20 CD 42		L42A5       jsr L42CD
  7808 42A8 A9 80		            lda #$80
  7809 42AA 05 4C		            ora DSTAT
  7810 42AC 8D 18 D4		            sta LD416+2
  7811 42AF 60			            rts
  7812 42B0 A2 18		L42B0       ldx #$18
  7813 42B2 9D 00 D4		L42B2       sta DMACLT,X
  7814 42B5 CA			            dex
  7815 42B6 10 FA		            bpl L42B2
  7816 42B8 85 A5		            sta L00A5
  7817 42BA 60			            rts
  7818 42BB A5 A4		L42BB       lda L00A4
  7819 42BD F0 F1		            beq L42B0
  7820 42BF C9 02		            cmp #$02
  7821 42C1 F0 7A		            beq L433D
  7822 42C3 90 3D		            bcc L4302
  7823 42C5 C9 11		            cmp #$11
  7824 42C7 F0 DC		            beq L42A5
  7825 42C9 C9 12		            cmp #$12
  7826 42CB D0 34		            bne L4301
  7827 42CD A2 0F		L42CD       ldx #$0F
  7828 42CF 87			            .byte $87
  7829 42D0 A4 A9		            ldy L00A9
  7830 42D2 00			            .byte $00
  7831 42D3 A2 0D		            ldx #$0D
  7832 42D5 95 A6		L42D5       sta L00A6,X
  7833 42D7 95 B4		            sta L00B4,X
  7834 42D9 9D 00 D4		            sta DMACLT,X
  7835 42DC CA			            dex
  7836 42DD 10 F6		            bpl L42D5
  7837 42DF 8D F5 02		            sta NEWROW
  7838 42E2 8D FC 02		            sta CH
  7839 42E5 8D F4 02		            sta CHBAS
  7840 42E8 8D FB 02		            sta ATACHR
  7841 42EB A9 8F		            lda #$8F
  7842 42ED 8D 18 D4		            sta LD416+2
  7843 42F0 8E 0E D4		            stx NMIEN
  7844 42F3 8E 0F D4		            stx NMIRES
  7845 42F6 8E 13 D4		            stx LD413
  7846 42F9 8E 14 D4		            stx LD413+1
  7847 42FC A9 81		            lda #$81
  7848 42FE 8D 12 D4		L42FE       sta LD412
  7849 4301 60			L4301       rts
  7850 4302 C6 A5		L4302       dec L00A5
  7851 4304 A5 A5		            lda L00A5
  7852 4306 0A			            asl
  7853 4307 D0 19		            bne L4322
  7854 4309 A9 1D		            lda #$1D
  7855 430B AE 1B D4		            ldx LD419+2
  7856 430E E0 55		            cpx #$55
  7857 4310 69 00		            adc #$00
  7858 4312 E0 AA		            cpx #$AA
  7859 4314 69 00		            adc #$00
  7860 4316 8D F4 02		            sta CHBAS
  7861 4319 90 22		            bcc L433D
  7862 431B A9 10		L431B       lda #$10
  7863 431D 8D FB 02		            sta ATACHR
  7864 4320 D0 1B		            bne L433D
  7865 4322 0A			L4322       asl
  7866 4323 C9 88		            cmp #$88
  7867 4325 F0 F4		            beq L431B
  7868 4327 C9 C0		            cmp #$C0
  7869 4329 F0 F0		            beq L431B
  7870 432B 29 3C		            and #$3C
  7871 432D C9 20		            cmp #$20
  7872 432F D0 0C		            bne L433D
  7873 4331 AD 1B D4		            lda LD419+2
  7874 4334 29 1F		            and #$1F
  7875 4336 69 EF		            adc #$EF
  7876 4338 18			            clc
  7877 4339 65 A9		            adc L00A9
  7878 433B 85 A9		            sta L00A9
  7879 433D A2 07		L433D       ldx #$07
  7880 433F BD F4 02		L433F       lda CHBAS,X
  7881 4342 F0 18		            beq L435C
  7882 4344 BC F5 02		            ldy NEWROW,X
  7883 4347 30 0E		            bmi L4357
  7884 4349 9D F5 02		            sta NEWROW,X
  7885 434C 20 E8 43		            jsr L43E8
  7886 434F A9 00		            lda #$00
  7887 4351 9D F4 02		            sta CHBAS,X
  7888 4354 4C DF 43		            jmp L43DF
  7889 4357 A9 00		L4357       lda #$00
  7890 4359 9D F4 02		            sta CHBAS,X
  7891 435C B5 AC		L435C       lda L00AC,X
  7892 435E F0 7C		            beq L43DC
  7893 4360 18			            clc
  7894 4361 B5 A6		            lda L00A6,X
  7895 4363 75 A8		            adc L00A8,X
  7896 4365 95 A6		            sta L00A6,X
  7897 4367 9D 00 D4		            sta DMACLT,X
  7898 436A B5 A7		            lda L00A7,X
  7899 436C 75 A9		            adc L00A9,X
  7900 436E 95 A7		            sta L00A7,X
  7901 4370 9D 01 D4		            sta CHACTL,X
  7902 4373 B4 B9		            ldy L00B9,X
  7903 4375 B9 9F CB		            lda LCB9F,Y
  7904 4378 0A			            asl
  7905 4379 10 12		            bpl L438D
  7906 437B B5 B4		            lda L00B4,X
  7907 437D 75 B6		            adc L00B6,X
  7908 437F 95 B4		            sta L00B4,X
  7909 4381 9D 02 D4		            sta DLISTL,X
  7910 4384 B5 B5		            lda L00B5,X
  7911 4386 75 B7		            adc L00B7,X
  7912 4388 95 B5		            sta L00B5,X
  7913 438A 9D 03 D4		            sta DLISTH,X
  7914 438D 5E F6 02		L438D       lsr NEWCOL,X
  7915 4390 90 14		            bcc L43A6
  7916 4392 B9 AB CB		            lda LCBAB,Y
  7917 4395 9D 05 D4		            sta VSCROL,X
  7918 4398 B9 9F CB		            lda LCB9F,Y
  7919 439B 09 01		            ora #$01
  7920 439D 9D 04 D4		            sta HSCROL,X
  7921 43A0 B9 B7 CB		            lda LCBB7,Y
  7922 43A3 9D 06 D4		            sta LD406,X
  7923 43A6 B5 BA		L43A6       lda L00BA,X
  7924 43A8 F0 0A		            beq L43B4
  7925 43AA D6 BA		            dec L00BA,X
  7926 43AC D0 06		            bne L43B4
  7927 43AE B9 9F CB		            lda LCB9F,Y
  7928 43B1 9D 04 D4		            sta HSCROL,X
  7929 43B4 D6 AA		L43B4       dec L00AA,X
  7930 43B6 D0 27		            bne L43DF
  7931 43B8 B5 AB		            lda L00AB,X
  7932 43BA 95 AA		            sta L00AA,X
  7933 43BC B5 B8		            lda L00B8,X
  7934 43BE F0 08		            beq L43C8
  7935 43C0 95 A7		            sta L00A7,X
  7936 43C2 A9 00		            lda #$00
  7937 43C4 95 A6		            sta L00A6,X
  7938 43C6 F0 0B		            beq L43D3
  7939 43C8 38			L43C8       sec
  7940 43C9 F5 A8		            sbc L00A8,X
  7941 43CB 95 A8		            sta L00A8,X
  7942 43CD A9 00		            lda #$00
  7943 43CF F5 A9		            sbc L00A9,X
  7944 43D1 95 A9		            sta L00A9,X
  7945 43D3 D6 AC		L43D3       dec L00AC,X
  7946 43D5 D0 08		            bne L43DF
  7947 43D7 A9 00		            lda #$00
  7948 43D9 9D 04 D4		            sta HSCROL,X
  7949 43DC 9D F5 02		L43DC       sta NEWROW,X
  7950 43DF CA			L43DF       dex
  7951 43E0 30 05		            bmi L43E7
  7952 43E2 A2 00		            ldx #$00
  7953 43E4 4C 3F 43		            jmp L433F
  7954 43E7 60			L43E7       rts
  7955 43E8 29 1F		L43E8       and #$1F
  7956 43EA A8			            tay
  7957 43EB 0A			            asl
  7958 43EC 0A			            asl
  7959 43ED 8D F2 43		            sta L43F1+1
  7960 43F0 0A			            asl
  7961 43F1 69 00		L43F1       adc #$00
  7962 43F3 8D 21 44		            sta L4420+1
  7963 43F6 8D 2C 44		            sta L442B+1
  7964 43F9 A9 00		            lda #$00
  7965 43FB 69 CA		            adc #$CA
  7966 43FD 8D 22 44		            sta L4420+2
  7967 4400 8D 2D 44		            sta L442B+2
  7968 4403 B9 7F CB		            lda LCB7F,Y
  7969 4406 95 B9		            sta L00B9,X
  7970 4408 A8			            tay
  7971 4409 A9 00		            lda #$00
  7972 440B 9D 05 D4		            sta VSCROL,X
  7973 440E 9D 06 D4		            sta LD406,X
  7974 4411 9D 04 D4		            sta HSCROL,X
  7975 4414 B9 C3 CB		            lda LCBC3,Y
  7976 4417 95 BA		            sta L00BA,X
  7977 4419 A9 01		            lda #$01
  7978 441B 9D F6 02		            sta NEWCOL,X
  7979 441E A0 00		            ldy #$00
  7980 4420 B9 34 12		L4420       lda L1234,Y
  7981 4423 95 A6		            sta L00A6,X
  7982 4425 C8			            iny
  7983 4426 E8			            inx
  7984 4427 C0 07		            cpy #$07
  7985 4429 90 F5		            bcc L4420
  7986 442B B9 34 12		L442B       lda L1234,Y
  7987 442E 95 AD		            sta L00AD,X
  7988 4430 C8			            iny
  7989 4431 E8			            inx
  7990 4432 C0 0C		            cpy #$0C
  7991 4434 90 F5		            bcc L442B
  7992 4436 8A			            txa
  7993 4437 CB 0C		            .byte $CB,$0C
  7994 4439 60			            rts
  7995 443A A9 BF		L443A       lda #$BF
  7996 443C 85 03		            sta CASINI+1
  7997 443E AD 0B CA		            lda LCA0B
  7998 4441 85 04		            sta RAMLO
  7999 4443 60			            rts
  8000 4444 A5 03		L4444       lda CASINI+1
  8001 4446 0A			            asl
  8002 4447 26 04		            rol RAMLO
  8003 4449 90 05		            bcc L4450
  8004 444B 49 D7		            eor #$D7
  8005 444D 85 03		            sta CASINI+1
  8006 444F 60			            rts
  8007 4450 49 00		L4450       eor #$00
  8008 4452 85 03		            sta CASINI+1
  8009 4454 60			            rts
  8010 4455 FF FF FF FF FF FF +             .byte $FF,$FF,$FF,$FF,$FF,$FF,$FF,$FF,$FF,$FF,$FF,$FF,$FF,$FF,$FF,$FF
  8011 4465 FF FF FF FF FF FF +             .byte $FF,$FF,$FF,$FF,$FF,$FF,$FF,$FF,$FF,$FF,$FF,$FF,$FF,$FF,$FF,$FF
  8012 4475 FF FF FF FF FF FF +             .byte $FF,$FF,$FF,$FF,$FF,$FF,$FF,$FF,$FF,$FF,$FF,$FF,$FF,$FF,$FF,$FF
  8013 4485 FF FF FF FF FF FF +             .byte $FF,$FF,$FF,$FF,$FF,$FF,$FF,$FF,$FF,$FF,$FF,$FF,$FF,$FF,$FF,$FF
  8014 4495 FF FF FF FF FF FF +             .byte $FF,$FF,$FF,$FF,$FF,$FF,$FF,$FF,$FF,$FF,$FF,$FF,$FF,$FF,$FF,$FF
  8015 44A5 FF FF FF FF FF FF +             .byte $FF,$FF,$FF,$FF,$FF,$FF,$FF,$FF,$FF,$FF,$FF,$FF,$FF,$FF,$FF,$FF
  8016 44B5 FF FF FF FF FF FF +             .byte $FF,$FF,$FF,$FF,$FF,$FF,$FF,$FF,$FF,$FF,$FF,$FF,$FF,$FF,$FF,$FF
  8017 44C5 FF FF FF FF FF FF +             .byte $FF,$FF,$FF,$FF,$FF,$FF,$FF,$FF,$FF,$FF,$FF,$FF,$FF,$FF,$FF,$FF
  8018 44D5 FF FF FF FF FF FF +             .byte $FF,$FF,$FF,$FF,$FF,$FF,$FF,$FF,$FF,$FF,$FF,$FF,$FF,$FF,$FF,$FF
  8019 44E5 FF FF FF FF FF FF +             .byte $FF,$FF,$FF,$FF,$FF,$FF,$FF,$FF,$FF,$FF,$FF,$FF,$FF,$FF,$FF,$FF
  8020 44F5 FF FF FF FF FF FF +             .byte $FF,$FF,$FF,$FF,$FF,$FF,$FF,$FF,$FF,$FF,$FF
  8021 4500 00 00 00 00 00 00 + L4500       .byte $00,$00,$00,$00,$00,$00,$00,$00,$00,$00,$00,$00,$00,$00,$00,$00
  8022 4510 00 00 00 00 00 00 +             .byte $00,$00,$00,$00,$00,$00,$00,$00,$00,$00,$00,$00,$00,$00,$00,$00
  8023 4520 00 00 00 00 00 00 +             .byte $00,$00,$00,$00,$00,$00,$00,$00,$00,$00,$00,$00,$00,$00,$00,$00
  8024 4530 00 00 00 00 00 00 + L4530       .byte $00,$00,$00,$00,$00,$00,$00,$00,$00,$00,$00,$00,$00,$00,$00,$00
  8025 4540 00 00 00 00 00 00 +             .byte $00,$00,$00,$00,$00,$00,$00,$00,$00,$00,$00,$00,$00,$00,$00,$00
  8026 4550 00 00 00 00 00 00 +             .byte $00,$00,$00,$00,$00,$00,$00,$00,$00,$00,$00,$00,$00,$00,$00,$00
  8027 4560 00 00 00 00 00 00 +             .byte $00,$00,$00,$00,$00,$00,$00,$00,$00,$00,$00,$00,$00,$00,$00,$00
  8028 4570 00 00 00 00 00 00 +             .byte $00,$00,$00,$00,$00,$00,$00,$00,$00,$00,$00,$00,$00,$00,$00,$00
  8029 4580 00 00 00 00 00 00 +             .byte $00,$00,$00,$00,$00,$00,$00,$00,$00,$00,$00,$00,$00,$00,$00,$00
  8030 4590 00 00 00 00 00 00 +             .byte $00,$00,$00,$00,$00,$00,$00,$00,$00,$00,$00,$00,$00,$00,$00,$00
  8031 45A0 00 00 00 00 00 00 +             .byte $00,$00,$00,$00,$00,$00,$00,$00,$00,$00,$00,$00,$00,$00,$00,$00
  8032 45B0 00 00 00 00 00 00 +             .byte $00,$00,$00,$00,$00,$00,$00,$00,$00,$00,$00,$00,$00,$00,$00,$00
  8033 45C0 00 00 00 00 00 00 +             .byte $00,$00,$00,$00,$00,$00,$00,$00,$00,$00,$00,$00,$00,$00,$00,$00
  8034 45D0 00 00 00 00 00 00 +             .byte $00,$00,$00,$00,$00,$00,$00,$00,$00,$00,$00,$00,$00,$00,$00,$00
  8035 45E0 00 00 00 00 00 00 +             .byte $00,$00,$00,$00,$00,$00,$00,$00,$00,$00,$00,$00,$00,$00,$00,$00
  8036 45F0 00 00 00 00 00 00 +             .byte $00,$00,$00,$00,$00,$00,$00,$00,$00,$00,$00,$00,$00,$00,$00,$00
  8037 4600 FF 00 00 00 00 00 + L4600       .byte $FF,$00,$00,$00,$00,$00,$00,$00,$00,$00,$00,$00,$00,$00,$00,$00
  8038 4610 00 FF 80 55 40 33 +             .byte $00,$FF,$80,$55,$40,$33,$2A
  8039 4617 24 20 1C 19 17 15 + L4617       .byte $24,$20,$1C,$19,$17,$15,$13,$12,$00,$00,$80,$FF,$AA,$80,$66,$55
  8040 4627 49 40 38 33 2E 2A +             .byte $49,$40,$38,$33,$2E,$2A,$27,$24,$00,$00,$55,$AA,$FF,$C0,$99,$80
  8041 4637 6D 60 55 4C 45 40 +             .byte $6D,$60,$55,$4C,$45,$40,$3B,$36,$00,$00,$40,$80,$C0,$FF,$CC,$AA
  8042 4647 92 80 71 66 5D 55 +             .byte $92,$80,$71,$66,$5D,$55,$4E,$49,$00,$00,$33,$66,$99,$CC,$FF,$D5
  8043 4657 B6 A0 8E 80 74 6A +             .byte $B6,$A0,$8E,$80,$74,$6A,$62,$5B,$00,$00,$2A,$55,$80,$AA,$D5,$FF
  8044 4667 DB C0 AA 99 8B 80 +             .byte $DB,$C0,$AA,$99,$8B,$80,$76,$6D,$00,$00,$24,$49,$6D,$92,$B6,$DB
  8045 4677 FF E0 C7 B3 A2 95 +             .byte $FF,$E0,$C7,$B3,$A2,$95,$89,$80,$00,$00,$20,$40,$60,$80,$A0,$C0
  8046 4687 E0 FF E3 CC BA AA +             .byte $E0,$FF,$E3,$CC,$BA,$AA,$9D,$92,$00,$00,$1C,$38,$55,$71,$8E,$AA
  8047 4697 C7 E3 FF E6 D1 C0 +             .byte $C7,$E3,$FF,$E6,$D1,$C0,$B1,$A4,$00,$00,$19,$33,$4C,$66,$80,$99
  8048 46A7 B3 CC E6 FF E8 D5 +             .byte $B3,$CC,$E6,$FF,$E8,$D5,$C4,$B6,$00,$00,$17,$2E,$45,$5D,$74,$8B
  8049 46B7 A2 BA D1 E8 FF EA +             .byte $A2,$BA,$D1,$E8,$FF,$EA,$D8,$C9,$00,$00,$15,$2A,$40,$55,$6A,$80
  8050 46C7 95 AA C0 D5 EA FF +             .byte $95,$AA,$C0,$D5,$EA,$FF,$EC,$DB,$00,$00,$13,$27,$3B,$4E,$62,$76
  8051 46D7 89 9D B1 C4 D8 EC +             .byte $89,$9D,$B1,$C4,$D8,$EC,$FF,$ED,$00,$00,$12,$24,$36,$49,$5B,$6D
  8052 46E7 80 92 A4 B6 C9 DB +             .byte $80,$92,$A4,$B6,$C9,$DB,$ED,$FF,$00,$00,$11,$22,$33,$44,$55,$66
  8053 46F7 77 88 99 AA BB CC +             .byte $77,$88,$99,$AA,$BB,$CC,$DD,$EE,$00,$00,$10,$20,$30,$40,$50,$60
  8054 4707 70 80 90 A0 B0 C0 +             .byte $70,$80,$90,$A0,$B0,$C0,$D0,$E0,$00,$00,$0F,$1E,$2D,$3C,$4B,$5A
  8055 4717 69 78 87 96 A5 B4 +             .byte $69,$78,$87,$96,$A5,$B4,$C3,$D2,$00,$00,$0E,$1C,$2A,$38,$47,$55
  8056 4727 63 71 80 8E 9C AA +             .byte $63,$71,$80,$8E,$9C,$AA,$B8,$C7,$00,$00,$0D,$1A,$28,$35,$43,$50
  8057 4737 5E 6B 79 86 94 A1 +             .byte $5E,$6B,$79,$86,$94,$A1,$AF,$BC,$00,$00,$0C,$19,$26,$33,$40,$4C
  8058 4747 59 66 73 80 8C 99 +             .byte $59,$66,$73,$80,$8C,$99,$A6,$B3,$00,$00,$0C,$18,$24,$30,$3C,$49
  8059 4757 55 61 6D 79 86 92 +             .byte $55,$61,$6D,$79,$86,$92,$9E,$AA,$00,$00,$0B,$17,$22,$2E,$3A,$45
  8060 4767 51 5D 68 74 80 8B +             .byte $51,$5D,$68,$74,$80,$8B,$97,$A2,$00,$00,$0B,$16,$21,$2C,$37,$42
  8061 4777 4D 59 64 6F 7A 85 +             .byte $4D,$59,$64,$6F,$7A,$85,$90,$9B,$00,$00,$0A,$15,$20,$2A,$35,$40
  8062 4787 4A 55 60 6A 75 80 +             .byte $4A,$55,$60,$6A,$75,$80,$8A,$95,$00,$00,$0A,$14,$1E,$28,$33,$3D
  8063 4797 47 51 5C 66 70 7A +             .byte $47,$51,$5C,$66,$70,$7A,$85,$8F,$00,$00,$09,$13,$1D,$27,$31,$3B
  8064 47A7 44 4E 58 62 6C 76 +             .byte $44,$4E,$58,$62,$6C,$76,$80,$89,$00
  8065 47B0 00 00 00 00 00 00 + L47B0       .byte $00,$00,$00,$00,$00,$00,$00,$00,$00,$00,$00,$00,$00,$00,$00,$00
  8066 47C0 00 00 00 00 00 00 + L47C0       .byte $00,$00,$00,$00,$00,$00,$00,$00,$00,$00,$00,$00,$00,$00,$00,$00
  8067 47D0 00 10 20 30 40 50 + L47D0       .byte $00,$10,$20,$30,$40,$50,$60,$70,$80,$90,$A0,$B0,$C0,$D0,$E0,$F0
  8068 47E0 FF FF FF FF FF FF +             .byte $FF,$FF,$FF,$FF,$FF,$FF,$FF,$FF,$FF,$FF,$FF,$FF,$FF,$FF,$FF,$FF
  8069 47F0 FF FF FF FF FF FF +             .byte $FF,$FF,$FF,$FF,$FF,$FF,$FF,$FF,$FF,$FF,$FF,$FF,$FF,$FF,$FF,$FF
  8070 4800 00 00 00 00 00 00 + L4800       .byte $00,$00,$00,$00,$00,$00,$00,$00,$00,$00,$00,$00,$00,$00,$00,$00
  8071 4810 00 00 00 00 00 00 +             .byte $00,$00,$00,$00,$00,$00,$00,$00,$00,$00,$00,$00,$00,$00,$00,$00
  8072 4820 00 00 00 00 00 00 +             .byte $00,$00,$00,$00,$00,$00,$00,$00,$00,$00,$00,$00,$00,$00,$00,$00
  8073 4830 00 00 00 00 00 00 +             .byte $00,$00,$00,$00,$00,$00,$00,$00,$00,$00,$00,$00,$00,$00,$00,$00
  8074 4840 00 00 00 00 00 00 +             .byte $00,$00,$00,$00,$00,$00,$00,$00,$00,$00,$00,$00,$00,$00,$00,$00
  8075 4850 00 00 00 00 00 00 +             .byte $00,$00,$00,$00,$00,$00,$00,$00,$00,$00,$00,$00,$00,$00,$00,$00
  8076 4860 00 00 00 00 00 00 +             .byte $00,$00,$00,$00,$00,$00,$00,$00,$00,$00,$00,$00,$00,$00,$00,$00
  8077 4870 00 00 00 00 00 00 +             .byte $00,$00,$00,$00,$00,$00,$00,$00,$00,$00,$00,$00,$00,$00,$00,$00
  8078 4880 00 00 00 00 00 00 +             .byte $00,$00,$00,$00,$00,$00,$00,$00,$00,$00,$00,$00,$00,$00,$00,$00
  8079 4890 00 00 00 00 00 00 +             .byte $00,$00,$00,$00,$00,$00,$00,$00,$00,$00,$00,$00,$00,$00,$00,$00
  8080 48A0 00 00 00 00 00 00 +             .byte $00,$00,$00,$00,$00,$00,$00,$00,$00,$00,$00,$00,$00,$00,$00,$00
  8081 48B0 00 00 00 00 00 00 +             .byte $00,$00,$00,$00,$00,$00,$00,$00,$00,$00,$00,$00,$00,$00,$00,$00
  8082 48C0 00 00 00 00 00 00 +             .byte $00,$00,$00,$00,$00,$00,$00,$00,$00,$00,$00,$00,$00,$00,$00,$00
  8083 48D0 00 00 00 00 00 00 +             .byte $00,$00,$00,$00,$00,$00,$00,$00,$00,$00,$00,$00,$00,$00,$00,$00
  8084 48E0 00 00 00 00 00 00 +             .byte $00,$00,$00,$00,$00,$00,$00,$00,$00,$00,$00,$00,$00,$00,$00,$00
  8085 48F0 00 00 00 00 00 00 +             .byte $00,$00,$00,$00,$00,$00,$00,$00,$00,$00,$00,$00,$00,$00,$00,$00
  8086 4900 00 00 00 00		L4900       .byte $00,$00,$00,$00
  8087 4904 00 00 00 00 00 00 + L4904       .byte $00,$00,$00,$00,$00,$00,$00,$00,$00,$00,$00,$00,$00,$00,$00,$00
  8088 4914 00 00 00 00 00 00 +             .byte $00,$00,$00,$00,$00,$00,$00,$00,$00,$00,$00,$00,$00,$00,$00,$00
  8089 4924 00 00 00 00 00 00 +             .byte $00,$00,$00,$00,$00,$00,$00,$00,$00,$00,$00,$00,$00,$00,$00,$00
  8090 4934 00 00 00 00 00 00 +             .byte $00,$00,$00,$00,$00,$00,$00,$00,$00,$00,$00,$00
  8091 4940 00 00 00 00 00 00 + L4940       .byte $00,$00,$00,$00,$00,$00,$00,$00,$00,$00,$00,$00,$00
  8092 494D 00 00 00 00 00 00 + L494D       .byte $00,$00,$00,$00,$00,$00,$00,$00,$00,$00,$00,$00,$00
  8093 495A 00 00 00 00 00 00 + L495A       .byte $00,$00,$00,$00,$00,$00,$00,$00,$00,$00,$00,$00,$00,$00,$00,$00
  8094 496A 00 00 00 00 00 00 +             .byte $00,$00,$00,$00,$00,$00,$00,$00,$00,$00,$00,$00,$00,$00,$00,$00
  8095 497A 00 00 00 00 00 00 +             .byte $00,$00,$00,$00,$00,$00,$00,$00,$00,$00,$00,$00,$00,$00,$00,$00
  8096 498A 00 00 00 00 00 00 +             .byte $00,$00,$00,$00,$00,$00,$00,$00,$00,$00,$00,$00,$00,$00,$00,$00
  8097 499A 00 00 00 00 00 00 +             .byte $00,$00,$00,$00,$00,$00,$00,$00,$00,$00,$00,$00,$00,$00,$00,$00
  8098 49AA 00			            .byte $00
  8099 49AB 00 00 00 00 00 00 + L49AB       .byte $00,$00,$00,$00,$00,$00,$00,$00,$00,$00,$00,$00,$00,$00,$00,$00
  8100 49BB 00 00 00 00 00 00 +             .byte $00,$00,$00,$00,$00,$00,$00,$00,$00,$00,$00,$00,$00,$00,$00,$00
  8101 49CB 00 00 00 00 00 00 +             .byte $00,$00,$00,$00,$00,$00,$00,$00,$00,$00,$00,$00,$00,$00,$00,$00
  8102 49DB 00 00 00 00 00 00 +             .byte $00,$00,$00,$00,$00,$00,$00,$00,$00,$00,$00,$00,$00,$00,$00,$00
  8103 49EB 00 00 00 00 00 00 +             .byte $00,$00,$00,$00,$00,$00,$00,$00,$00,$00,$00,$00,$00,$00,$00,$00
  8104 49FB 00 00 00 00 00	            .byte $00,$00,$00,$00,$00
  8105 4A00 00 00 00 00 00 00 + L4A00       .byte $00,$00,$00,$00,$00,$00,$00,$00,$00,$00,$00,$00,$00
  8106 4A0D 00 00		L4A0D       .byte $00,$00
  8107 4A0F 00 00 00 00 00 00 + L4A0F       .byte $00,$00,$00,$00,$00,$00,$00,$00,$00,$00,$00,$00,$00,$00,$00,$00
  8108 4A1F 00 00 00 00 00 00 +             .byte $00,$00,$00,$00,$00,$00,$00,$00,$00,$00,$00,$00,$00,$00,$00,$00
  8109 4A2F 00 00 00 00 00 00 +             .byte $00,$00,$00,$00,$00,$00,$00,$00,$00,$00,$00,$00,$00,$00,$00,$00
  8110 4A3F 00 00 00 00 00 00 +             .byte $00,$00,$00,$00,$00,$00,$00,$00,$00,$00,$00,$00,$00,$00,$00,$00
  8111 4A4F 00 00 00 00 00 00 +             .byte $00,$00,$00,$00,$00,$00,$00,$00,$00,$00,$00,$00,$00,$00,$00,$00
  8112 4A5F 00 00 00 00 00 00 +             .byte $00,$00,$00,$00,$00,$00,$00,$00,$00,$00,$00,$00,$00,$00,$00,$00
  8113 4A6F 00 00 00 00 00 00 +             .byte $00,$00,$00,$00,$00,$00,$00,$00,$00,$00,$00,$00,$00,$00,$00,$00
  8114 4A7F 00 00 00 00 00 00 +             .byte $00,$00,$00,$00,$00,$00,$00,$00,$00,$00,$00,$00,$00,$00,$00,$00
  8115 4A8F 00 00 00 00 00 00 +             .byte $00,$00,$00,$00,$00,$00,$00,$00,$00,$00,$00,$00,$00,$00,$00,$00
  8116 4A9F 00 00 00 00 00 00 +             .byte $00,$00,$00,$00,$00,$00,$00,$00,$00,$00,$00,$00,$00,$00,$00,$00
  8117 4AAF 00 00 00 00 00 00 +             .byte $00,$00,$00,$00,$00,$00,$00,$00,$00,$00,$00,$00,$00,$00,$00,$00
  8118 4ABF 00 00 00 00 00 00 +             .byte $00,$00,$00,$00,$00,$00,$00,$00,$00,$00,$00,$00,$00,$00,$00,$00
  8119 4ACF 00 00 00 00 00 00 +             .byte $00,$00,$00,$00,$00,$00,$00,$00,$00,$00,$00,$00,$00,$00,$00,$00
  8120 4ADF 00 00 00 00 00 00 +             .byte $00,$00,$00,$00,$00,$00,$00,$00,$00,$00,$00,$00,$00,$00,$00,$00
  8121 4AEF 00 00 00 00 00 00 +             .byte $00,$00,$00,$00,$00,$00,$00,$00,$00,$00,$00,$00,$00,$00,$00,$00
  8122 4AFF 00			            .byte $00
  8123 4B00 00 00 00 00 00 00 + L4B00       .byte $00,$00,$00,$00,$00,$00,$00,$00,$00,$00,$00,$00,$00,$00,$00,$00
  8124 4B10 00 00 00 00 00 00 +             .byte $00,$00,$00,$00,$00,$00,$00,$00,$00,$00,$00,$00,$00,$00,$00,$00
  8125 4B20 00 00 00 00 00 00 +             .byte $00,$00,$00,$00,$00,$00,$00,$00,$00,$00,$00,$00,$00,$00,$00,$00
  8126 4B30 00 00 00 00 00 00 +             .byte $00,$00,$00,$00,$00,$00,$00,$00,$00,$00,$00,$00,$00,$00,$00,$00
  8127 4B40 00 00 00 00 00 00 +             .byte $00,$00,$00,$00,$00,$00,$00,$00,$00,$00,$00,$00,$00,$00,$00,$00
  8128 4B50 00 00 00 00 00 00 +             .byte $00,$00,$00,$00,$00,$00,$00,$00,$00,$00,$00,$00,$00,$00,$00,$00
  8129 4B60 00 00 00 00 00 00 +             .byte $00,$00,$00,$00,$00,$00,$00,$00,$00,$00,$00,$00,$00,$00,$00,$00
  8130 4B70 00 00 00 00 00 00 +             .byte $00,$00,$00,$00,$00,$00,$00,$00,$00,$00,$00,$00,$00,$00,$00,$00
  8131 4B80 00 00 00 00 00 00 +             .byte $00,$00,$00,$00,$00,$00,$00,$00,$00,$00,$00,$00,$00,$00,$00,$00
  8132 4B90 00 00 00 00 00 00 +             .byte $00,$00,$00,$00,$00,$00,$00,$00,$00,$00,$00,$00,$00,$00,$00,$00
  8133 4BA0 00 00 00 00 00 00 +             .byte $00,$00,$00,$00,$00,$00,$00,$00,$00,$00,$00,$00,$00,$00,$00,$00
  8134 4BB0 00 00 00 00 00 00 +             .byte $00,$00,$00,$00,$00,$00,$00,$00,$00,$00,$00,$00,$00,$00,$00,$00
  8135 4BC0 00 00 00 00 00 00 +             .byte $00,$00,$00,$00,$00,$00,$00,$00,$00,$00,$00,$00,$00,$00,$00,$00
  8136 4BD0 00 00 00 00 00 00 +             .byte $00,$00,$00,$00,$00,$00,$00,$00,$00,$00,$00,$00,$00,$00,$00,$00
  8137 4BE0 00 00 00 00 00 00 +             .byte $00,$00,$00,$00,$00,$00,$00,$00,$00,$00,$00,$00,$00,$00,$00,$00
  8138 4BF0 00 00 00 00 00 00 +             .byte $00,$00,$00,$00,$00,$00,$00,$00
  8139 4BF8 00 00 00 00 00 00 + L4BF8       .byte $00,$00,$00,$00,$00,$00,$00
  8140 4BFF 00			L4BFF       .byte $00
  8141 4C00 EE 19 D0 4C 7E EA	L4C00       .byte $EE,$19,$D0,$4C,$7E,$EA
  8142 4C06 00 00 00 00 00 00 + L4C06       .byte $00,$00,$00,$00,$00,$00,$00,$00,$00,$00,$00,$00,$00,$00,$00,$00
  8143 4C16 00 00 00 00 00 00 +             .byte $00,$00,$00,$00,$00,$00,$00,$00,$00,$00
  8144 4C20 00 00 00 00 00 00 + L4C20       .byte $00,$00,$00,$00,$00,$00,$00,$00,$00,$00,$00,$00,$00,$00,$00,$00
  8145 4C30 00 00 00 00 00 00 +             .byte $00,$00,$00,$00,$00,$00,$00,$00,$00,$00,$00,$00,$00,$00,$00,$00
  8146 4C40 00 00 00 00 00 00 +             .byte $00,$00,$00,$00,$00,$00,$00,$00,$00,$00,$00,$00,$00,$00,$00,$00
  8147 4C50 00 00 00 00 00 00 +             .byte $00,$00,$00,$00,$00,$00,$00,$00,$00,$00,$00,$00,$00,$00,$00,$00
  8148 4C60 00 00 00 00 00 00 +             .byte $00,$00,$00,$00,$00,$00,$00,$00,$00,$00,$00,$00,$00,$00,$00
  8149 4C6F 00 00 00 00 00 00 + L4C6F       .byte $00,$00,$00,$00,$00,$00,$00,$00,$00,$00,$00,$00,$00,$00,$00,$00
  8150 4C7F 00 00 00 00 00 00 +             .byte $00,$00,$00,$00,$00,$00,$00,$00,$00,$00,$00,$00,$00,$00,$00,$00
  8151 4C8F 00 00 00 00 00 00 +             .byte $00,$00,$00,$00,$00,$00,$00,$00,$00,$00,$00,$00,$00,$00,$00,$00
  8152 4C9F 00 00 00 00 00 00 +             .byte $00,$00,$00,$00,$00,$00,$00,$00,$00,$00,$00,$00,$00,$00,$00,$00
  8153 4CAF 00 00 00 00 00 00 +             .byte $00,$00,$00,$00,$00,$00,$00,$00
  8154 4CB7 00 00 00 00 00 00 + L4CB7       .byte $00,$00,$00,$00,$00,$00,$00,$00,$00,$00,$00,$00,$00,$00,$00,$00
  8155 4CC7 00 00 00 00 00 00 +             .byte $00,$00,$00,$00,$00,$00,$00,$00,$00,$00,$00
  8156 4CD2 00 00 00 00 00 00 + L4CD2       .byte $00,$00,$00,$00,$00,$00,$00,$00,$00,$00,$00,$00,$00,$00,$00,$00
  8157 4CE2 00 00 00 00 00 00	            .byte $00,$00,$00,$00,$00,$00
  8158 4CE8 00 00 00 00 00 00 + L4CE8       .byte $00,$00,$00,$00,$00,$00,$00,$00,$00,$00,$00,$00,$00,$00,$00,$00
  8159 4CF8 00 00 00 00 00 00 +             .byte $00,$00,$00,$00,$00,$00,$00,$00
  8160 4D00 00 00 00 00 00 00 + L4D00       .byte $00,$00,$00,$00,$00,$00,$00,$00,$00,$00,$00,$00,$00,$00,$00,$00
  8161 4D10 00 00 00 00 00 00 +             .byte $00,$00,$00,$00,$00,$00,$00,$00,$00,$00,$00,$00,$00,$00,$00,$00
  8162 4D20 00 00 00 00 00 00 +             .byte $00,$00,$00,$00,$00,$00,$00,$00,$00,$00,$00
  8163 4D2B 00 00 00 00 00 00 + L4D2B       .byte $00,$00,$00,$00,$00,$00,$00,$00,$00,$00,$00,$00,$00,$00,$00,$00
  8164 4D3B 00 00 00 00 00 00 +             .byte $00,$00,$00,$00,$00,$00,$00,$00,$00,$00,$00,$00,$00,$00,$00,$00
  8165 4D4B 00 00 00 00 00 00 +             .byte $00,$00,$00,$00,$00,$00,$00,$00,$00,$00,$00,$00,$00,$00,$00,$00
  8166 4D5B 00 00 00 00 00 00 +             .byte $00,$00,$00,$00,$00,$00,$00,$00,$00,$00,$00,$00,$00,$00,$00,$00
  8167 4D6B 00 00 00 00 00 00 +             .byte $00,$00,$00,$00,$00,$00,$00,$00,$00,$00,$00,$00,$00,$00,$00,$00
  8168 4D7B 00 00 00 00 00 00 +             .byte $00,$00,$00,$00,$00,$00,$00,$00,$00,$00,$00,$00,$00,$00,$00,$00
  8169 4D8B 00 00 00 00 00 00 +             .byte $00,$00,$00,$00,$00,$00,$00,$00,$00,$00,$00,$00,$00,$00,$00,$00
  8170 4D9B 00 00 00 00 00 00 +             .byte $00,$00,$00,$00,$00,$00,$00,$00,$00,$00,$00,$00,$00,$00,$00,$00
  8171 4DAB 00 00 00 00 00 00 +             .byte $00,$00,$00,$00,$00,$00,$00,$00,$00,$00,$00,$00,$00,$00,$00,$00
  8172 4DBB 00 00 00 00 00 00 +             .byte $00,$00,$00,$00,$00,$00,$00,$00,$00,$00,$00,$00,$00,$00,$00,$00
  8173 4DCB 00 00 00 00 00 00 +             .byte $00,$00,$00,$00,$00,$00,$00,$00,$00,$00,$00,$00,$00,$00,$00,$00
  8174 4DDB 00 00 00 00 00 00 +             .byte $00,$00,$00,$00,$00,$00,$00,$00,$00,$00,$00,$00,$00,$00,$00,$00
  8175 4DEB 00 00 00 00 00 00 +             .byte $00,$00,$00,$00,$00,$00,$00,$00,$00,$00,$00,$00,$00,$00,$00,$00
  8176 4DFB 00 00 00 00 00	            .byte $00,$00,$00,$00,$00
  8177 4E00 00 00 00 00 00 00 + L4E00       .byte $00,$00,$00,$00,$00,$00,$00,$00,$00,$00,$00,$00,$00,$00,$00,$00
  8178 4E10 00 00 00 00 00 00 +             .byte $00,$00,$00,$00,$00,$00,$00,$00,$00,$00,$00,$00,$00,$00,$00,$00
  8179 4E20 00 00 00 00 00 00 +             .byte $00,$00,$00,$00,$00,$00,$00,$00,$00,$00,$00,$00,$00,$00,$00,$00
  8180 4E30 00 00 00 00 00 00 +             .byte $00,$00,$00,$00,$00,$00,$00,$00,$00,$00,$00,$00,$00,$00,$00,$00
  8181 4E40 00 00 00 00 00 00 +             .byte $00,$00,$00,$00,$00,$00,$00,$00,$00,$00,$00,$00,$00,$00,$00,$00
  8182 4E50 00 00 00 00 00 00 +             .byte $00,$00,$00,$00,$00,$00,$00,$00,$00,$00,$00,$00,$00,$00,$00,$00
  8183 4E60 00 00 00 00 00 00 +             .byte $00,$00,$00,$00,$00,$00,$00,$00,$00,$00,$00,$00,$00,$00,$00,$00
  8184 4E70 00 00 00 00 00 00 +             .byte $00,$00,$00,$00,$00,$00,$00,$00,$00,$00,$00,$00,$00,$00,$00,$00
  8185 4E80 00 00 00 00 00 00 +             .byte $00,$00,$00,$00,$00,$00,$00,$00,$00,$00,$00,$00,$00,$00,$00,$00
  8186 4E90 00 00 00 00 00 00 +             .byte $00,$00,$00,$00,$00,$00,$00,$00,$00,$00,$00,$00,$00,$00,$00,$00
  8187 4EA0 00 00 00 00 00 00 +             .byte $00,$00,$00,$00,$00,$00,$00,$00,$00,$00,$00,$00,$00,$00,$00,$00
  8188 4EB0 00 00 00 00 00 00 +             .byte $00,$00,$00,$00,$00,$00,$00,$00,$00,$00,$00,$00,$00,$00,$00,$00
  8189 4EC0 00 00 00 00 00 00 +             .byte $00,$00,$00,$00,$00,$00,$00,$00,$00,$00,$00,$00,$00,$00,$00,$00
  8190 4ED0 00 00 00 00 00 00 +             .byte $00,$00,$00,$00,$00,$00,$00,$00,$00,$00,$00,$00,$00,$00,$00,$00
  8191 4EE0 00 00 00 00 00 00 +             .byte $00,$00,$00,$00,$00,$00,$00,$00,$00,$00,$00,$00,$00,$00,$00,$00
  8192 4EF0 00 00 00 00 00 00 +             .byte $00,$00,$00,$00,$00,$00,$00,$00,$00,$00,$00,$00,$00,$00,$00,$00
  8193 4F00 00 00 00 00 00 00 + L4F00       .byte $00,$00,$00,$00,$00,$00,$00,$00,$00,$00,$00,$00,$00,$00,$00,$00
  8194 4F10 00 00 00 00 00 00 +             .byte $00,$00,$00,$00,$00,$00,$00,$00,$00,$00,$00,$00,$00,$00,$00,$00
  8195 4F20 00 00 00 00 00 00 +             .byte $00,$00,$00,$00,$00,$00,$00,$00,$00,$00,$00,$00,$00,$00,$00,$00
  8196 4F30 00 00 00 00 00 00 +             .byte $00,$00,$00,$00,$00,$00,$00,$00,$00,$00,$00,$00,$00,$00,$00,$00
  8197 4F40 00 00 00 00 00 00 +             .byte $00,$00,$00,$00,$00,$00,$00,$00,$00,$00,$00,$00,$00,$00,$00,$00
  8198 4F50 00 00 00 00 00 00 +             .byte $00,$00,$00,$00,$00,$00,$00,$00,$00,$00,$00,$00,$00,$00,$00,$00
  8199 4F60 00 00 00 00 00 00 +             .byte $00,$00,$00,$00,$00,$00,$00,$00,$00,$00,$00,$00,$00,$00,$00,$00
  8200 4F70 00 00 00 00 00 00 +             .byte $00,$00,$00,$00,$00,$00,$00,$00,$00,$00,$00,$00,$00,$00,$00,$00
  8201 4F80 00 00 00 00 00 00 +             .byte $00,$00,$00,$00,$00,$00,$00,$00,$00,$00,$00,$00,$00,$00,$00,$00
  8202 4F90 00 00 00 00 00 00 +             .byte $00,$00,$00,$00,$00,$00,$00,$00,$00,$00,$00,$00,$00,$00,$00,$00
  8203 4FA0 00 00 00 00 00 00 +             .byte $00,$00,$00,$00,$00,$00,$00,$00,$00,$00,$00,$00,$00,$00,$00,$00
  8204 4FB0 00 00 00 00 00 00 +             .byte $00,$00,$00,$00,$00,$00,$00,$00,$00,$00,$00,$00,$00,$00,$00,$00
  8205 4FC0 00 00 00 00 00 00 +             .byte $00,$00,$00,$00,$00,$00,$00,$00,$00,$00,$00,$00,$00,$00,$00,$00
  8206 4FD0 00 00 00 00 00 00 +             .byte $00,$00,$00,$00,$00,$00,$00,$00,$00,$00,$00,$00,$00,$00,$00,$00
  8207 4FE0 00 00 00 00 00 00 +             .byte $00,$00,$00,$00,$00,$00,$00,$00,$00,$00,$00,$00,$00,$00,$00,$00
  8208 4FF0 00 00 00 00 00 00 +             .byte $00,$00,$00,$00,$00,$00,$00,$00,$00,$00,$00,$00,$00,$00,$00,$00
  8209 5000 00 00 00 00 00 00 + L5000       .byte $00,$00,$00,$00,$00,$00,$00,$00,$00,$00,$00,$00,$00,$00,$00,$00
  8210 5010 00 00 00 00 00 00 +             .byte $00,$00,$00,$00,$00,$00,$00,$00,$00,$00,$00,$00,$00,$00,$00,$00
  8211 5020 00 00 00 00 00 00 +             .byte $00,$00,$00,$00,$00,$00,$00,$00,$00,$00,$00,$00,$00,$00,$00,$00
  8212 5030 00 00 00 00 00 00 +             .byte $00,$00,$00,$00,$00,$00,$00,$00,$00,$00,$00,$00,$00,$00,$00,$00
  8213 5040 00 00 00 00 00 00 +             .byte $00,$00,$00,$00,$00,$00,$00,$00,$00,$00,$00,$00,$00,$00,$00,$00
  8214 5050 00 00		            .byte $00,$00
  8215 5052 00 00 00 00 00 00 + L5052       .byte $00,$00,$00,$00,$00,$00,$00,$00,$00,$00,$00,$00,$00,$00,$00,$00
  8216 5062 00 00 00 00 00 00 +             .byte $00,$00,$00,$00,$00,$00,$00,$00,$00
  8217 506B 00 00 00		L506B       .byte $00,$00,$00
  8218 506E 00 00 00 00 00 00 + L506E       .byte $00,$00,$00,$00,$00,$00,$00,$00,$00,$00,$00,$00
  8219 507A 00 00 00 00 00 00 + L507A       .byte $00,$00,$00,$00,$00,$00,$00,$00,$00,$00,$00,$00,$00,$00,$00,$00
  8220 508A 00 00 00 00 00 00 +             .byte $00,$00,$00,$00,$00,$00,$00,$00,$00,$00,$00,$00
  8221 5096 00 00 00 00 00 00 + L5096       .byte $00,$00,$00,$00,$00,$00,$00,$00,$00,$00,$00,$00,$00,$00,$00,$00
  8222 50A6 00 00 00 00 00 00 +             .byte $00,$00,$00,$00,$00,$00,$00,$00,$00,$00,$00,$00,$00,$00,$00,$00
  8223 50B6 00 00 00 00 00 00 +             .byte $00,$00,$00,$00,$00,$00,$00,$00,$00,$00,$00,$00,$00,$00,$00,$00
  8224 50C6 00 00 00 00 00 00 +             .byte $00,$00,$00,$00,$00,$00,$00,$00,$00,$00,$00,$00,$00,$00,$00,$00
  8225 50D6 00 00 00 00 00 00 +             .byte $00,$00,$00,$00,$00,$00,$00,$00,$00,$00,$00,$00,$00,$00,$00,$00
  8226 50E6 00 00 00 00 00 00 +             .byte $00,$00,$00,$00,$00,$00,$00,$00,$00,$00,$00,$00,$00,$00,$00,$00
  8227 50F6 00 00 00 00 00 00 +             .byte $00,$00,$00,$00,$00,$00,$00,$00,$00,$00,$00,$00,$00,$00,$00,$00
  8228 5106 00 00 00 00 00 00 +             .byte $00,$00,$00,$00,$00,$00,$00,$00,$00,$00,$00,$00,$00,$00,$00,$00
  8229 5116 00 00 00 00 00 00 +             .byte $00,$00,$00,$00,$00,$00,$00,$00,$00,$00,$00,$00,$00,$00,$00,$00
  8230 5126 00 00 00 00 00 00 +             .byte $00,$00,$00,$00,$00,$00,$00,$00,$00,$00,$00,$00,$00,$00,$00,$00
  8231 5136 00 00 00 00 00 00 +             .byte $00,$00,$00,$00,$00,$00,$00,$00,$00,$00
  8232 5140 00 00 00 00 00 00 + L5140       .byte $00,$00,$00,$00,$00,$00,$00,$00,$00,$00,$00,$00,$00
  8233 514D 00 00 00 00 00 00 + L514D       .byte $00,$00,$00,$00,$00,$00,$00,$00,$00,$00,$00,$00,$00
  8234 515A 00 00 00 00 00 00 + L515A       .byte $00,$00,$00,$00,$00,$00,$00,$00,$00,$00,$00,$00,$00,$00,$00,$00
  8235 516A 00 00 00 00 00 00 +             .byte $00,$00,$00,$00,$00,$00,$00,$00,$00,$00,$00,$00,$00,$00,$00,$00
  8236 517A 00 00 00 00 00 00 +             .byte $00,$00,$00,$00,$00,$00,$00,$00,$00,$00,$00,$00,$00,$00,$00,$00
  8237 518A 00 00 00 00 00 00 +             .byte $00,$00,$00,$00,$00,$00,$00,$00,$00,$00,$00,$00,$00,$00,$00,$00
  8238 519A 00 00 00 00 00 00 +             .byte $00,$00,$00,$00,$00,$00,$00,$00,$00,$00,$00,$00,$00,$00,$00,$00
  8239 51AA 00 00 00 00 00 00 +             .byte $00,$00,$00,$00,$00,$00,$00,$00,$00,$00,$00,$00,$00,$00,$00,$00
  8240 51BA 00 00 00 00 00 00 +             .byte $00,$00,$00,$00,$00,$00,$00,$00,$00,$00,$00,$00,$00,$00,$00,$00
  8241 51CA 00 00 00 00 00 00 +             .byte $00,$00,$00,$00,$00,$00,$00,$00,$00,$00,$00,$00,$00,$00,$00,$00
  8242 51DA 00 00 00 00 00 00 +             .byte $00,$00,$00,$00,$00,$00,$00,$00,$00,$00,$00,$00,$00,$00,$00,$00
  8243 51EA 00 00 00 00 00 00 +             .byte $00,$00,$00,$00,$00,$00,$00,$00,$00,$00,$00,$00,$00,$00,$00,$00
  8244 51FA 00 00 00 00 00 00 +             .byte $00,$00,$00,$00,$00,$00,$00,$00,$00,$00,$00,$00,$00,$00,$00,$00
  8245 520A 00 00 00 00 00 00 +             .byte $00,$00,$00,$00,$00,$00,$00,$00,$00,$00,$00,$00,$00,$00,$00,$00
  8246 521A 00 00 00 00 00 00 +             .byte $00,$00,$00,$00,$00,$00,$00,$00,$00,$00,$00,$00,$00,$00,$00,$00
  8247 522A 00 00 00 00 00 00 +             .byte $00,$00,$00,$00,$00,$00,$00,$00,$00,$00,$00,$00,$00,$00,$00,$00
  8248 523A 00 00 00 00 00 00 +             .byte $00,$00,$00,$00,$00,$00,$00,$00,$00,$00,$00,$00,$00,$00,$00,$00
  8249 524A 00 00 00 00 00 00 +             .byte $00,$00,$00,$00,$00,$00,$00,$00,$00,$00,$00,$00,$00,$00,$00,$00
  8250 525A 00 00 00 00 00 00 +             .byte $00,$00,$00,$00,$00,$00,$00,$00,$00,$00,$00,$00,$00,$00,$00,$00
  8251 526A 00 00 00 00 00 00 +             .byte $00,$00,$00,$00,$00,$00,$00,$00,$00,$00,$00,$00,$00,$00,$00,$00
  8252 527A 00 00 00 00 00 00 +             .byte $00,$00,$00,$00,$00,$00,$00,$00,$00,$00,$00,$00,$00,$00,$00,$00
  8253 528A 00 00 00 00 00 00 +             .byte $00,$00,$00,$00,$00,$00,$00,$00,$00,$00,$00,$00,$00,$00,$00,$00
  8254 529A 00 00 00 00 00 00 + L529A       .byte $00,$00,$00,$00,$00,$00,$00,$00,$00,$00,$00,$00,$00,$00,$00,$00
  8255 52AA 00 00 00 00 00 00 +             .byte $00,$00,$00,$00,$00,$00,$00,$00,$00,$00,$00,$00,$00,$00,$00,$00
  8256 52BA 00 00 00 00 00 00 +             .byte $00,$00,$00,$00,$00,$00,$00,$00,$00,$00,$00,$00,$00,$00,$00,$00
  8257 52CA 00 00 00 00 00 00 +             .byte $00,$00,$00,$00,$00,$00,$00,$00,$00,$00,$00,$00,$00,$00,$00,$00
  8258 52DA 00 00 00 00 00 00 +             .byte $00,$00,$00,$00,$00,$00,$00,$00,$00,$00,$00,$00,$00,$00,$00,$00
  8259 52EA 00 00 00 00 00 00 +             .byte $00,$00,$00,$00,$00,$00,$00,$00,$00,$00,$00,$00,$00,$00,$00,$00
  8260 52FA 00 00 00 00 00 00 +             .byte $00,$00,$00,$00,$00,$00,$00,$00,$00,$00,$00,$00,$00,$00,$00,$00
  8261 530A 00 00 00 00 00 00 +             .byte $00,$00,$00,$00,$00,$00,$00,$00,$00,$00,$00,$00,$00,$00,$00,$00
  8262 531A 00 00 00 00 00 00 +             .byte $00,$00,$00,$00,$00,$00,$00,$00,$00,$00,$00,$00,$00,$00,$00,$00
  8263 532A 00 00 00 00 00 00 +             .byte $00,$00,$00,$00,$00,$00,$00,$00,$00,$00,$00,$00,$00,$00,$00,$00
  8264 533A 00 00 00 00 00 00 +             .byte $00,$00,$00,$00,$00,$00,$00,$00,$00,$00,$00,$00,$00,$00,$00,$00
  8265 534A 00 00 00 00 00 00 +             .byte $00,$00,$00,$00,$00,$00,$00,$00,$00,$00,$00,$00,$00,$00,$00,$00
  8266 535A 00 00 00 00 00 00 +             .byte $00,$00,$00,$00,$00,$00,$00,$00,$00,$00,$00,$00,$00,$00,$00,$00
  8267 536A 00 00 00 00 00 00 +             .byte $00,$00,$00,$00,$00,$00,$00,$00,$00,$00,$00,$00,$00,$00,$00,$00
  8268 537A 00 00 00 00 00 00 +             .byte $00,$00,$00,$00,$00,$00,$00,$00,$00,$00,$00,$00,$00,$00,$00,$00
  8269 538A 00 00 00 00 00 00 +             .byte $00,$00,$00,$00,$00,$00,$00,$00,$00,$00,$00,$00,$00,$00,$00,$00
  8270 539A 00 00 00 00 00 00 +             .byte $00,$00,$00,$00,$00,$00,$00,$00,$00,$00,$00,$00
  8271 53A6 00 00 00 00 00 00 + L53A6       .byte $00,$00,$00,$00,$00,$00,$00,$00,$00,$00,$00,$00,$00,$00,$00,$00
  8272 53B6 00 00 00 00 00 00 +             .byte $00,$00,$00,$00,$00,$00,$00,$00,$00,$00,$00,$00,$00,$00,$00,$00
  8273 53C6 00 00 00 00 00 00 +             .byte $00,$00,$00,$00,$00,$00,$00,$00,$00,$00,$00,$00,$00,$00,$00,$00
  8274 53D6 00 00 00 00 00 00 +             .byte $00,$00,$00,$00,$00,$00,$00,$00,$00,$00,$00,$00,$00,$00,$00,$00
  8275 53E6 00 00		            .byte $00,$00
  8276 53E8 00 00 00 00 00 00 + L53E8       .byte $00,$00,$00,$00,$00,$00,$00,$00,$00,$00,$00,$00,$00,$00,$00,$00
  8277 53F8 00 00 00 00 00 00 + L53F8       .byte $00,$00,$00,$00,$00,$00,$00,$00
  8278 5400 00 00 00		L5400       .byte $00,$00,$00
  8279 5403 00 00 00 00 00 00 + L5403       .byte $00,$00,$00,$00,$00,$00,$00,$00,$00,$00,$00,$00,$00,$00,$00,$00
  8280 5413 00 00 00 00 00	            .byte $00,$00,$00,$00,$00
  8281 5418 00 00 00 00 00 00 + L5418       .byte $00,$00,$00,$00,$00,$00,$00,$00,$00,$00,$00,$00,$00,$00,$00,$00
  8282 5428 00 00 00 00 00 00 +             .byte $00,$00,$00,$00,$00,$00,$00,$00
  8283 5430 00 00 00 00 00 00 + L5430       .byte $00,$00,$00,$00,$00,$00,$00,$00,$00,$00,$00,$00,$00,$00,$00,$00
  8284 5440 00 00 00 00 00 00 +             .byte $00,$00,$00,$00,$00,$00,$00,$00,$00,$00,$00,$00,$00,$00,$00,$00
  8285 5450 00 00 00 00 00 00 +             .byte $00,$00,$00,$00,$00,$00,$00,$00,$00,$00,$00,$00,$00,$00,$00,$00
  8286 5460 00 00 00 00 00 00 +             .byte $00,$00,$00,$00,$00,$00,$00,$00,$00,$00,$00,$00,$00,$00,$00,$00
  8287 5470 00 00 00 00 00 00 +             .byte $00,$00,$00,$00,$00,$00,$00,$00,$00,$00,$00,$00,$00,$00,$00,$00
  8288 5480 00 00 00 00 00 00 +             .byte $00,$00,$00,$00,$00,$00,$00,$00,$00,$00,$00,$00,$00,$00,$00,$00
  8289 5490 00 00 00 00 00 00 +             .byte $00,$00,$00,$00,$00,$00,$00,$00,$00,$00,$00,$00,$00,$00,$00,$00
  8290 54A0 00 00 00 00 00 00 +             .byte $00,$00,$00,$00,$00,$00,$00,$00,$00,$00,$00,$00,$00,$00,$00,$00
  8291 54B0 00 00 00 00 00 00 +             .byte $00,$00,$00,$00,$00,$00,$00,$00,$00,$00,$00,$00,$00,$00,$00,$00
  8292 54C0 00 00 00 00 00 00 + L54C0       .byte $00,$00,$00,$00,$00,$00,$00,$00,$00,$00,$00,$00,$00,$00,$00,$00
  8293 54D0 00 00 00 00 00 00 +             .byte $00,$00,$00,$00,$00,$00,$00,$00,$00,$00,$00,$00,$00,$00,$00,$00
  8294 54E0 00 00 00 00 00 00 +             .byte $00,$00,$00,$00,$00,$00,$00,$00,$00,$00,$00,$00,$00,$00,$00,$00
  8295 54F0 00 00 00 00 00 00 +             .byte $00,$00,$00,$00,$00,$00,$00,$00,$00,$00,$00,$00,$00,$00
  8296 54FE 00 00 00 00 00 00 + L54FE       .byte $00,$00,$00,$00,$00,$00,$00,$00,$00,$00,$00,$00,$00,$00,$00,$00
  8297 550E 00 00 00 00 00 00 +             .byte $00,$00,$00,$00,$00,$00,$00,$00,$00,$00,$00,$00,$00,$00,$00,$00
  8298 551E 00 00 00 00 00 00 +             .byte $00,$00,$00,$00,$00,$00,$00,$00,$00,$00,$00,$00,$00,$00,$00,$00
  8299 552E 00 00		            .byte $00,$00
  8300 5530 00 00 00 00 00 00 + L5530       .byte $00,$00,$00,$00,$00,$00,$00,$00,$00,$00,$00,$00,$00,$00,$00,$00
  8301 5540 00 00 00 00 00 00 +             .byte $00,$00,$00,$00,$00,$00,$00,$00,$00,$00,$00,$00,$00,$00,$00,$00
  8302 5550 00 00 00 00 00 00 +             .byte $00,$00,$00,$00,$00,$00,$00,$00,$00,$00,$00,$00,$00,$00,$00,$00
  8303 5560 00 00 00 00 00 00 +             .byte $00,$00,$00,$00,$00,$00,$00,$00,$00,$00,$00,$00,$00,$00,$00,$00
  8304 5570 00 00 00 00 00 00 +             .byte $00,$00,$00,$00,$00,$00,$00,$00,$00,$00,$00,$00,$00,$00,$00,$00
  8305 5580 00 00 00 00 00 00 +             .byte $00,$00,$00,$00,$00,$00,$00,$00,$00,$00,$00,$00,$00,$00,$00,$00
  8306 5590 00 00 00 00 00 00 +             .byte $00,$00,$00,$00,$00,$00,$00,$00,$00,$00,$00,$00,$00,$00,$00,$00
  8307 55A0 00 00 00 00 00 00 +             .byte $00,$00,$00,$00,$00,$00,$00,$00,$00,$00,$00,$00,$00,$00,$00,$00
  8308 55B0 00 00 00 00 00 00 +             .byte $00,$00,$00,$00,$00,$00,$00,$00,$00,$00,$00,$00,$00,$00,$00,$00
  8309 55C0 00 00 00 00 00 00 +             .byte $00,$00,$00,$00,$00,$00,$00,$00,$00,$00,$00,$00,$00,$00,$00,$00
  8310 55D0 00 00 00 00 00 00 +             .byte $00,$00,$00,$00,$00,$00,$00,$00,$00,$00,$00,$00,$00,$00,$00,$18
  8311 55E0 00 00 3C 00 00 3C +             .byte $00,$00,$3C,$00,$00,$3C,$00,$00,$18,$00,$00,$00,$00,$00,$00,$00
  8312 55F0 00 00 00 00 00 00 +             .byte $00,$00,$00,$00,$00,$00,$00,$00,$00,$00,$00,$00,$00,$00,$00,$00
  8313 5600 00 2B 0F 00 2B 05 +             .byte $00,$2B,$0F,$00,$2B,$05,$00,$2B,$0F,$00,$2B,$05,$00,$04,$0F,$00
  8314 5610 0B 05 00 0B 0A 00 +             .byte $0B,$05,$00,$0B,$0A,$00,$0B,$2A,$00,$0B,$8A,$00,$0B,$9A,$00,$0B
  8315 5620 AA 00 0B FF 00 0B +             .byte $AA,$00,$0B,$FF,$00,$0B,$AC,$00,$0B,$AC,$00,$0B,$AC,$00,$04,$AC
  8316 5630 00 3F AC 00 CE AC +             .byte $00,$3F,$AC,$00,$CE,$AC,$00,$0B,$AC,$00,$0F,$AC,$00,$0C,$AC,$95
  8317 5640 00 00 AC 00 00 BC +             .byte $00,$00,$AC,$00,$00,$BC,$00,$00,$FC,$00,$00,$10,$00,$00,$2C,$00
  8318 5650 00 AC 00 00 AC 00 +             .byte $00,$AC,$00,$00,$AC,$00,$00,$AC,$00,$00,$AC,$00,$00,$AC,$00,$00
  8319 5660 AC 00 00 AC 00 00 +             .byte $AC,$00,$00,$AC,$00,$00,$AC,$00,$00,$AC,$00,$00,$AC,$00,$00,$AC
  8320 5670 00 00 BC 00 00 FC +             .byte $00,$00,$BC,$00,$00,$FC,$00,$00
  8321 5678 10 00 00 AC 00 02 + L5678       .byte $10,$00,$00,$AC,$00,$02,$BC,$95,$00,$00,$EA,$00,$00,$3F,$00,$00
  8322 5688 EA 00 00 3F 00 00 +             .byte $EA,$00,$00,$3F,$00,$00,$EA,$00,$00,$3F,$00,$00,$AA,$00,$02,$AA
  8323 5698 00 0A BF 00 2A EA +             .byte $00,$0A,$BF,$00,$2A,$EA,$00,$AB,$AA,$02,$AE,$A2,$0A,$AE,$A6,$0A
  8324 56A8 AB AA 29 5A EA 2B +             .byte $AB,$AA,$29,$5A,$EA,$2B,$FA,$EA,$29,$5A,$FF,$39,$5A,$AA,$03,$F2
  8325 56B8 AA 01 53 FF 01 50 +             .byte $AA,$01,$53,$FF,$01,$50,$00,$95,$00,$03,$F0,$00,$00,$80,$00,$00
  8326 56C8 80 00 02 AA 00 02 +             .byte $80,$00,$02,$AA,$00,$02,$AA,$00,$0A,$95,$00,$0A,$BA,$00,$25,$BA
  8327 56D8 00 2F BA 00 AF BA +             .byte $00,$2F,$BA,$00,$AF,$BA,$00,$A0,$80,$00,$AA,$AA,$00,$3F,$FF,$00
  8328 56E8 0F FF 00 00 55 00 +             .byte $0F,$FF,$00,$00,$55,$00,$00,$15,$00,$00,$00,$00,$00,$00,$00,$00
  8329 56F8 00 00 00 00 00 00 +             .byte $00,$00,$00,$00,$00,$00,$00,$90,$00,$0A,$AA,$00,$2A,$AA,$00,$AF
  8330 5708 FA 02 AE BA 02 AC +             .byte $FA,$02,$AE,$BA,$02,$AC,$3A,$03,$AD,$7A,$0B,$AE,$BA,$0A,$EF,$FA
  8331 5718 2A FA AB 2B 0E AE +             .byte $2A,$FA,$AB,$2B,$0E,$AE,$9C,$02,$AE,$90,$02,$BA,$A0,$03,$BA,$E8
  8332 5728 00 FF 3A 08 15 0E +             .byte $00,$FF,$3A,$08,$15,$0E,$AA,$00,$03,$9A,$00,$00,$DA,$00,$00,$2A
  8333 5738 00 00 00 00 00 00 +             .byte $00,$00,$00,$00,$00,$00,$00,$8F,$00,$00,$BA,$00,$00,$BA,$00,$02
  8334 5748 BA 00 02 BA 00 0A +             .byte $BA,$00,$02,$BA,$00,$0A,$BA,$82,$0A,$BF,$8B,$2A,$AA,$9C,$3E,$AA
  8335 5758 98 2B AA 3A AC FF +             .byte $98,$2B,$AA,$3A,$AC,$FF,$0D,$B0,$55,$01,$C0,$15,$00,$00,$05,$00
  8336 5768 00 00 00 00 00 00 +             .byte $00,$00,$00,$00,$00,$00,$00,$00,$00,$00,$00,$00,$00,$00,$00,$00
  8337 5778 00 00 00 00 00 00 +             .byte $00,$00,$00,$00,$00,$00,$00,$8D,$00,$02,$AA,$00,$02,$AA,$00,$0A
  8338 5788 AA 00 0A 55 00 0B +             .byte $AA,$00,$0A,$55,$00,$0B,$AA,$00,$1B,$9A,$00,$2B,$9A,$00,$1B,$AA
  8339 5798 00 2A 00 00 1A AA +             .byte $00,$2A,$00,$00,$1A,$AA,$00,$2A,$AA,$00,$1A,$95,$00,$0A,$BA,$00
  8340 57A8 0E 80 00 03 AA 00 +             .byte $0E,$80,$00,$03,$AA,$00,$00,$FF,$00,$00,$15,$00,$00,$00,$00,$00
  8341 57B8 00 00 00 00 00 00 +             .byte $00,$00,$00,$00,$00,$00,$00,$91,$00,$00,$05,$00,$00,$3F,$00,$00
  8342 57C8 05 00 02 AA 00 2B +             .byte $05,$00,$02,$AA,$00,$2B,$FF,$00,$2E,$AA,$00,$2E,$AA,$00,$AB,$AA
  8343 57D8 00 BA FF 00 AE AA +             .byte $00,$BA,$FF,$00,$AE,$AA,$02,$AF,$AA,$02,$B0,$FF,$0A,$C0,$05,$2B
  8344 57E8 00 3F 14 00 05 16 +             .byte $00,$3F,$14,$00,$05,$16,$00,$3F,$0E,$80,$05,$03,$A3,$00,$00,$EC
  8345 57F8 00 00 3F C0 00 0F +             .byte $00,$00,$3F,$C0,$00,$0F,$00,$91,$00,$00,$AA,$00,$00,$AA,$00,$00
  8346 5808 FF 00 00 15 00 02 +             .byte $FF,$00,$00,$15,$00,$02,$AA,$00,$0A,$AA,$00,$2A,$AA,$00,$FF,$FF
  8347 5818 00 EA AA 00 E9 56 +             .byte $00,$EA,$AA,$00,$E9,$56,$00,$EB,$AE,$00,$78,$02,$00,$9E,$AA,$00
  8348 5828 A7 95 00 A9 40 00 +             .byte $A7,$95,$00,$A9,$40,$00,$AB,$C0,$00,$8B,$C0,$00,$9B,$C0,$00,$AF
  8349 5838 00 00 AF 00 00 AF +             .byte $00,$00,$AF,$00,$00,$AF,$00,$95,$00,$AC,$00,$00,$AC,$00,$00,$AC
  8350 5848 00 00 50 00 00 50 +             .byte $00,$00,$50,$00,$00,$50,$00,$00,$AC,$00,$00,$AC,$00,$00,$AC,$00
  8351 5858 00 8C 00 00 9C 00 +             .byte $00,$8C,$00,$00,$9C,$00,$00,$AC,$00,$00,$AC,$00,$00,$AC,$00,$00
  8352 5868 AC 00 00 8C 00 00 +             .byte $AC,$00,$00,$8C,$00,$00,$9C,$00,$00,$AC,$00,$00,$AC,$00,$00,$50
  8353 5878 00 00 EC 00 03 BB +             .byte $00,$00,$EC,$00,$03,$BB,$00,$95,$50,$00,$00,$FC,$00,$00,$50,$00
  8354 5888 00 AA A0 00 FF E8 +             .byte $00,$AA,$A0,$00,$FF,$E8,$00,$AA,$B8,$00,$AA,$B8,$00,$AA,$E8,$00
  8355 5898 FF AC 00 AA BA 80 +             .byte $FF,$AC,$00,$AA,$BA,$80,$AA,$EA,$A8,$FF,$3E,$A5,$50,$03,$E5,$FC
  8356 58A8 00 3B 50 00 0B FC +             .byte $00,$3B,$50,$00,$0B,$FC,$00,$0B,$50,$00,$0B,$00,$00,$0B,$00,$00
  8357 58B8 F4 00 00 3C 00 03 +             .byte $F4,$00,$00,$3C,$00,$03,$F0,$91,$00,$00,$2A,$00,$0A,$AA,$00,$AA
  8358 58C8 AA 02 A8 2A 0A A0 +             .byte $AA,$02,$A8,$2A,$0A,$A0,$0A,$2A,$AE,$BA,$2A,$AE,$BA,$EA,$AE,$BA
  8359 58D8 FA A9 6A 7E AA AA +             .byte $FA,$A9,$6A,$7E,$AA,$AA,$1F,$EA,$AA,$07,$FF,$FF,$01,$7F,$FF,$00
  8360 58E8 15 55 00 00 EA 00 +             .byte $15,$55,$00,$00,$EA,$00,$00,$3F,$00,$00,$EA,$00,$00,$3F,$00,$00
  8361 58F8 EA 00 00 3F 00 00 +             .byte $EA,$00,$00,$3F,$00,$00,$00,$94,$00,$00,$2A,$00,$00,$BF,$00,$02
  8362 5908 EA 00 02 E0 00 0B +             .byte $EA,$00,$02,$E0,$00,$0B,$AF,$00,$0B,$9F,$00,$0E,$9F,$00,$2E,$95
  8363 5918 00 2B AA 00 6A FF +             .byte $00,$2B,$AA,$00,$6A,$FF,$02,$6A,$AA,$0A,$6A,$FF,$3A,$6B,$AA,$3E
  8364 5928 6E 95 2E 2E 95 A8 +             .byte $6E,$95,$2E,$2E,$95,$A8,$2B,$A5,$F0,$0A,$EA,$A8,$02,$BF,$2C,$00
  8365 5938 EA 3A 00 3F 0B 00 +             .byte $EA,$3A,$00,$3F,$0B,$00,$00,$94,$00,$00,$EA,$0E,$80,$3F,$02,$D0
  8366 5948 EA 03 54 3F 01 50 +             .byte $EA,$03,$54,$3F,$01,$50,$EA,$01,$40,$3F,$01,$00,$AA,$00,$02,$AA
  8367 5958 00 0A BF 00 2A EA +             .byte $00,$0A,$BF,$00,$2A,$EA,$00,$AB,$AA,$02,$AE,$A2,$0A,$AE,$A6,$0A
  8368 5968 AB AA 29 5A EA 2B +             .byte $AB,$AA,$29,$5A,$EA,$2B,$FA,$EA,$29,$5A,$FF,$39,$5A,$AA,$03,$F2
  8369 5978 AA 01 53 FF 01 50 +             .byte $AA,$01,$53,$FF,$01,$50,$00,$95,$00,$40,$2A,$00,$10,$AA,$00,$06
  8370 5988 AA 00 02 AA 00 0A +             .byte $AA,$00,$02,$AA,$00,$0A,$AA,$00,$08,$A2,$00,$19,$A6,$00,$0E,$AA
  8371 5998 00 0F AA 00 03 EA +             .byte $00,$0F,$AA,$00,$03,$EA,$00,$07,$FF,$00,$10,$FF,$00,$40,$3F,$00
  8372 59A8 00 05 00 00 0F 00 +             .byte $00,$05,$00,$00,$0F,$00,$00,$00,$00,$00,$00,$00,$00,$00,$00,$00
  8373 59B8 00 00 00 00 00 00 +             .byte $00,$00,$00,$00,$00,$00,$00,$8F,$00,$00,$0F,$00,$00,$AA,$00,$0A
  8374 59C8 BF 00 AA EA 00 AB +             .byte $BF,$00,$AA,$EA,$00,$AB,$AA,$01,$AB,$AA,$09,$EB,$AF,$0A,$7A,$FA
  8375 59D8 2A CE AA 2B 03 A2 +             .byte $2A,$CE,$AA,$2B,$03,$A2,$AC,$00,$A6,$D0,$00,$AA,$68,$04,$FF,$1A
  8376 59E8 1F 00 06 97 FF 01 +             .byte $1F,$00,$06,$97,$FF,$01,$97,$77,$00,$DF,$FF,$00,$FC,$00,$03,$F0
  8377 59F8 00 0F C0 00 0F C0 +             .byte $00,$0F,$C0,$00,$0F,$C0,$00,$8D,$F0,$00,$00,$AA,$00,$00,$FE,$A0
  8378 5A08 00 AB AA 00 AA EA +             .byte $00,$AB,$AA,$00,$AA,$EA,$00,$AA,$EA,$40,$FA,$EB,$40,$AF,$AD,$A0
  8379 5A18 AA B3 A0 8A C3 A0 +             .byte $AA,$B3,$A0,$8A,$C3,$A0,$9A,$03,$A0,$AA,$03,$80,$FF,$03,$80,$00
  8380 5A28 03 80 FF FD 70 77 +             .byte $03,$80,$FF,$FD,$70,$77,$75,$7F,$FF,$FD,$50,$03,$C1,$50,$01,$40
  8381 5A38 60 03 C0 A0 01 40 +             .byte $60,$03,$C0,$A0,$01,$40,$00,$8D,$00,$00,$AA,$00,$02,$AA,$00,$0A
  8382 5A48 AA 00 0A AA 00 06 +             .byte $AA,$00,$0A,$AA,$00,$06,$AA,$00,$05,$6A,$00,$09,$5F,$00,$0A,$A0
  8383 5A58 00 08 20 00 0A E0 +             .byte $00,$08,$20,$00,$0A,$E0,$00,$0A,$E0,$00,$0A,$E0,$00,$0A,$E0,$00
  8384 5A68 0A E0 00 0A E0 00 +             .byte $0A,$E0,$00,$0A,$E0,$00,$0A,$E0,$00,$09,$60,$00,$0A,$A0,$00,$0A
  8385 5A78 A0 00 09 60 00 09 +             .byte $A0,$00,$09,$60,$00,$09,$60,$95,$00,$0A,$A0,$00,$08,$20,$00,$0A
  8386 5A88 E0 00 0A E0 00 0A +             .byte $E0,$00,$0A,$E0,$00,$0A,$E0,$00,$0A,$E0,$00,$0A,$E0,$00,$0A,$E0
  8387 5A98 00 0A E0 00 09 60 +             .byte $00,$0A,$E0,$00,$09,$60,$00,$0A,$A0,$00,$0A,$A0,$00,$01,$40,$00
  8388 5AA8 0A A0 00 0E B0 00 +             .byte $0A,$A0,$00,$0E,$B0,$00,$2B,$FC,$00,$2A,$BC,$00,$3A,$BC,$00,$0F
  8389 5AB8 F0 00 00 00 00 00 +             .byte $F0,$00,$00,$00,$00,$00,$00,$93,$00,$00,$2A,$00,$02,$8A,$00,$0A
  8390 5AC8 DE 00 2A DE 00 3A +             .byte $DE,$00,$2A,$DE,$00,$3A,$9A,$00,$0F,$EA,$00,$03,$FF,$00,$00,$3F
  8391 5AD8 00 00 05 00 00 00 +             .byte $00,$00,$05,$00,$00,$00,$00,$00,$00,$00,$00,$00,$00,$00,$00,$00
  8392 5AE8 00 00 00 00 00 00 +             .byte $00,$00,$00,$00,$00,$00,$00,$00,$00,$00,$00,$00,$00,$00,$00,$00
  8393 5AF8 00 00 00 00 00 00 +             .byte $00,$00,$00,$00,$00,$00,$00,$89,$00,$00,$2A,$80,$02,$A2,$80,$0A
  8394 5B08 A6 80 2A FF C0 9B +             .byte $A6,$80,$2A,$FF,$C0,$9B,$D5,$C2,$8F,$55,$CA,$9D,$55,$CE,$8D,$55
  8395 5B18 FE 9D 55 CE AD 55 +             .byte $FE,$9D,$55,$CE,$AD,$55,$CE,$8D,$55,$FE,$9D,$55,$CE,$AD,$55,$4E
  8396 5B28 8D 50 0E 9D 40 07 +             .byte $8D,$50,$0E,$9D,$40,$07,$AD,$00,$01,$F4,$00,$00,$50,$00,$00,$00
  8397 5B38 00 00 00 00 00 00 +             .byte $00,$00,$00,$00,$00,$00,$00,$90,$00,$00,$3F,$00,$00,$3A,$00,$00
  8398 5B48 3A 00 00 3A 00 00 +             .byte $3A,$00,$00,$3A,$00,$00,$3A,$00,$03,$FA,$00,$03,$AA,$00,$00,$EA
  8399 5B58 00 00 3A 00 00 0E +             .byte $00,$00,$3A,$00,$00,$0E,$00,$00,$03,$00,$00,$00,$00,$00,$00,$00
  8400 5B68 00 00 00 00 0F 00 +             .byte $00,$00,$00,$00,$0F,$00,$00,$33,$00,$00,$F7,$00,$03,$3C,$00,$03
  8401 5B78 4D 00 03 D3 00 00 +             .byte $4D,$00,$03,$D3,$00,$00,$37,$8D,$00,$00,$3F,$00,$00,$C0,$00,$03
  8402 5B88 00 00 06 00 00 06 +             .byte $00,$00,$06,$00,$00,$06,$00,$00,$0C,$00,$00,$0C,$00,$00,$0C,$00
  8403 5B98 00 0C 78 00 0C CC +             .byte $00,$0C,$78,$00,$0C,$CC,$00,$0C,$CC,$00,$0C,$79,$00,$0C,$03,$00
  8404 5BA8 0C 06 00 06 03 00 +             .byte $0C,$06,$00,$06,$03,$00,$03,$80,$00,$00,$CF,$00,$00,$C7,$00,$00
  8405 5BB8 40 00 00 60 00 00 +             .byte $40,$00,$00,$60,$00,$00,$3F,$15,$00,$00,$0A,$00,$00,$2A,$00,$00
  8406 5BC8 AA 00 02 AA 00 02 +             .byte $AA,$00,$02,$AA,$00,$02,$AA,$00,$03,$FF,$00,$01,$51,$00,$02,$B3
  8407 5BD8 00 02 B1 00 02 B2 +             .byte $00,$02,$B1,$00,$02,$B2,$00,$02,$B2,$00,$02,$B2,$00,$02,$F2,$00
  8408 5BE8 02 C2 00 02 C3 00 +             .byte $02,$C2,$00,$02,$C3,$00,$02,$C1,$00,$02,$C5,$00,$03,$F5,$00,$01
  8409 5BF8 50 00 06 54 00 06 +             .byte $50,$00,$06,$54,$00,$06,$54,$95,$00,$00,$10,$00,$00,$10,$00,$00
  8410 5C08 2A 00 00 0F 00 00 +             .byte $2A,$00,$00,$0F,$00,$00,$AA,$00,$2A,$8A,$02,$AA,$9A,$0A,$AA,$AA
  8411 5C18 00 00 00 2A 2B FF +             .byte $00,$00,$00,$2A,$2B,$FF,$2A,$2F,$FF,$A2,$2C,$FB,$66,$3D,$F7,$2A
  8412 5C28 3F FF 05 55 55 05 +             .byte $3F,$FF,$05,$55,$55,$05,$7F,$FF,$01,$55,$FF,$00,$15,$55,$00,$00
  8413 5C38 55 00 00 05 00 00 +             .byte $55,$00,$00,$05,$00,$00,$00,$94,$04,$00,$00,$04,$00,$00,$A8,$00
  8414 5C48 00 F0 00 00 BF 00 +             .byte $00,$F0,$00,$00,$BF,$00,$00,$A3,$FC,$00,$A7,$FF,$C0,$AB,$FF,$F0
  8415 5C58 00 00 00 FF FE 54 +             .byte $00,$00,$00,$FF,$FE,$54,$FF,$F6,$54,$EF,$B6,$66,$DF,$56,$55,$FF
  8416 5C68 56 54 55 55 50 FD +             .byte $56,$54,$55,$55,$50,$FD,$55,$50,$F5,$55,$40,$55,$54,$00,$55,$00
  8417 5C78 00 50 00 00 00 00 +             .byte $00,$50,$00,$00,$00,$00,$00,$8D,$00,$2B,$0F,$00,$2B,$05,$00,$AB
  8418 5C88 AA 02 BF FF 0A C0 +             .byte $AA,$02,$BF,$FF,$0A,$C0,$0F,$2B,$00,$05,$AC,$00,$0F,$B0,$15,$55
  8419 5C98 B0 D5 FF B3 D7 FF +             .byte $B0,$D5,$FF,$B3,$D7,$FF,$B3,$D7,$FF,$B3,$DF,$FF,$B7,$DF,$AA,$B7
  8420 5CA8 DE AA F7 FA AA F7 +             .byte $DE,$AA,$F7,$FA,$AA,$F7,$FA,$95,$03,$EA,$95,$03,$EA,$AA,$03,$C0
  8421 5CB8 00 00 FF FF 00 C3 +             .byte $00,$00,$FF,$FF,$00,$C3,$0C,$95,$00,$00,$01,$00,$00,$02,$00,$00
  8422 5CC8 0A 00 00 2A 00 00 +             .byte $0A,$00,$00,$2A,$00,$00,$A2,$00,$02,$A6,$00,$03,$AA,$00,$03,$EA
  8423 5CD8 00 00 FA 00 00 05 +             .byte $00,$00,$FA,$00,$00,$05,$00,$00,$0A,$00,$00,$28,$00,$00,$A3,$00
  8424 5CE8 02 A7 00 0A A9 00 +             .byte $02,$A7,$00,$0A,$A9,$00,$2A,$AA,$00,$15,$55,$00,$3F,$0F,$00,$2F
  8425 5CF8 05 00 2B 0F 00 2B +             .byte $05,$00,$2B,$0F,$00,$2B,$05,$95,$00,$3C,$2A,$00,$3E,$A9,$00,$3A
  8426 5D08 A4 00 2A A4 00 2A +             .byte $A4,$00,$2A,$A4,$00,$2A,$A4,$00,$AA,$A9,$00,$AA,$AA,$00,$AA,$AA
  8427 5D18 00 AA AA 00 19 65 +             .byte $00,$AA,$AA,$00,$19,$65,$00,$19,$65,$00,$19,$65,$00,$AA,$AA,$00
  8428 5D28 19 65 00 19 65 00 +             .byte $19,$65,$00,$19,$65,$00,$19,$65,$00,$AA,$AA,$00,$19,$65,$00,$19
  8429 5D38 65 00 19 65 00 AA +             .byte $65,$00,$19,$65,$00,$AA,$AA,$95,$00,$2E,$EE,$00,$AE,$EE,$00,$AE
  8430 5D48 EE 00 AD 6E 00 A5 +             .byte $EE,$00,$AD,$6E,$00,$A5,$5F,$02,$E5,$DF,$02,$E7,$DF,$02,$E7,$1F
  8431 5D58 00 FD 7F 02 AF FF +             .byte $00,$FD,$7F,$02,$AF,$FF,$02,$AB,$FF,$02,$AA,$AA,$02,$AA,$AA,$00
  8432 5D68 00 00 00 00 00 00 +             .byte $00,$00,$00,$00,$00,$00,$00,$00,$00,$00,$00,$00,$00,$00,$00,$00
  8433 5D78 00 00 00 00 00 00 +             .byte $00,$00,$00,$00,$00,$00,$00,$8D,$EE,$EC,$00,$EE,$EE,$00,$EE,$EE
  8434 5D88 00 EE 2E 00 FF 3E +             .byte $00,$EE,$2E,$00,$FF,$3E,$00,$FC,$4E,$00,$FC,$4E,$00,$FF,$3E,$00
  8435 5D98 FF 3C 00 FF FA 00 +             .byte $FF,$3C,$00,$FF,$FA,$00,$FF,$EA,$00,$AA,$AA,$00,$AA,$AA,$00,$00
  8436 5DA8 00 00 00 00 00 00 +             .byte $00,$00,$00,$00,$00,$00,$00,$00,$00,$00,$00,$00,$00,$00,$00,$00
  8437 5DB8 00 00 00 00 00 00 +             .byte $00,$00,$00,$00,$00,$00,$00,$8E,$00,$AA,$AA,$00,$23,$8E,$03,$EF
  8438 5DC8 BE 03 EF BE 00 AA +             .byte $BE,$03,$EF,$BE,$00,$AA,$AA,$00,$AA,$AA,$00,$23,$8E,$03,$EF,$BE
  8439 5DD8 03 EF BE 00 AA AA +             .byte $03,$EF,$BE,$00,$AA,$AA,$02,$AA,$AA,$02,$23,$8E,$0E,$EF,$BE,$0E
  8440 5DE8 EF BE 02 AA AA 02 +             .byte $EF,$BE,$02,$AA,$AA,$02,$AA,$AA,$02,$23,$8E,$0E,$EF,$BE,$0E,$EF
  8441 5DF8 BE 02 AA AA 02 AA +             .byte $BE,$02,$AA,$AA,$02,$AA,$AA,$95,$05,$55,$55,$05,$55,$55,$05,$55
  8442 5E08 55 05 55 55 00 00 +             .byte $55,$05,$55,$55,$00,$00,$00,$00,$00,$00,$00,$00,$00,$00,$00,$00
  8443 5E18 00 00 00 00 00 00 +             .byte $00,$00,$00,$00,$00,$00,$00,$00,$00,$00,$00,$00,$00,$00,$00,$00
  8444 5E28 00 00 00 00 00 00 +             .byte $00,$00,$00,$00,$00,$00,$00,$00,$00,$00,$00,$00,$00,$00,$00,$00
  8445 5E38 00 00 00 00 00 00 +             .byte $00,$00,$00,$00,$00,$00,$00,$84,$00,$28,$00,$00,$A5,$00,$02,$A5
  8446 5E48 40 03 A9 55 03 AA +             .byte $40,$03,$A9,$55,$03,$AA,$55,$03,$EA,$AA,$00,$FE,$AA,$00,$3F,$FF
  8447 5E58 00 02 AA 00 0A FF +             .byte $00,$02,$AA,$00,$0A,$FF,$00,$2A,$EA,$00,$AA,$E2,$02,$AA,$E6,$03
  8448 5E68 AA EA 01 EA FF 02 +             .byte $AA,$EA,$01,$EA,$FF,$02,$7E,$AA,$0A,$C3,$AA,$2B,$00,$EA,$AC,$01
  8449 5E78 15 5A A9 40 3F FD +             .byte $15,$5A,$A9,$40,$3F,$FD,$40,$93,$00,$10,$2A,$00,$04,$A9,$00,$01
  8450 5E88 A4 00 02 A4 00 03 +             .byte $A4,$00,$02,$A4,$00,$03,$A9,$00,$00,$EA,$00,$00,$3F,$00,$00,$05
  8451 5E98 00 00 2A 00 00 05 +             .byte $00,$00,$2A,$00,$00,$05,$00,$00,$2A,$00,$00,$05,$00,$00,$00,$00
  8452 5EA8 00 00 00 00 00 00 +             .byte $00,$00,$00,$00,$00,$00,$00,$00,$00,$00,$00,$00,$00,$00,$00,$00
  8453 5EB8 00 00 00 00 00 00 +             .byte $00,$00,$00,$00,$00,$00,$00,$8C,$10,$00,$2A,$06,$A9,$AF,$07,$F6
  8454 5EC8 BA 10 0A EA 00 0E +             .byte $BA,$10,$0A,$EA,$00,$0E,$BF,$00,$03,$AA,$00,$00,$EA,$00,$00,$15
  8455 5ED8 00 0A AA 00 2B FF +             .byte $00,$0A,$AA,$00,$2B,$FF,$00,$3A,$EA,$00,$2E,$BF,$00,$AB,$AA,$02
  8456 5EE8 BC FF 0A C0 15 2B +             .byte $BC,$FF,$0A,$C0,$15,$2B,$00,$00,$14,$00,$00,$3A,$00,$50,$0F,$A1
  8457 5EF8 00 00 F9 50 00 0D +             .byte $00,$00,$F9,$50,$00,$0D,$50,$8F,$00,$00,$AA,$00,$0A,$0A,$00,$28
  8458 5F08 AA 00 EA AA 02 FA +             .byte $AA,$00,$EA,$AA,$02,$FA,$AA,$0E,$FF,$AA,$0B,$BF,$FF,$3A,$C5,$FF
  8459 5F18 2E 00 55 2B 00 2A +             .byte $2E,$00,$55,$2B,$00,$2A,$3A,$02,$8A,$2F,$0E,$AA,$2A,$0F,$EA,$3F
  8460 5F28 01 7F 2A 00 15 2F +             .byte $01,$7F,$2A,$00,$15,$2F,$00,$2A,$3A,$00,$8A,$2B,$03,$AA,$2D,$03
  8461 5F38 EA 35 40 7F 05 50 +             .byte $EA,$35,$40,$7F,$05,$50,$15,$95,$00,$02,$AA,$00,$0A,$AA,$00,$3A
  8462 5F48 AA 00 3E AF 00 3F +             .byte $AA,$00,$3E,$AF,$00,$3F,$FF,$00,$07,$F5,$00,$01,$50,$00,$02,$B0
  8463 5F58 00 02 B0 00 02 B0 +             .byte $00,$02,$B0,$00,$02,$B0,$00,$02,$B0,$00,$02,$B0,$00,$02,$B0,$00
  8464 5F68 02 B0 00 02 B0 00 +             .byte $02,$B0,$00,$02,$B0,$00,$02,$B0,$00,$02,$B0,$00,$03,$F0,$00,$02
  8465 5F78 A0 00 03 F0 00 02 +             .byte $A0,$00,$03,$F0,$00,$02,$A0,$95,$00,$02,$B0,$00,$02,$B0,$00,$02
  8466 5F88 B0 00 02 B0 00 02 +             .byte $B0,$00,$02,$B0,$00,$02,$B0,$00,$02,$B0,$00,$02,$B0,$00,$02,$B0
  8467 5F98 00 02 B0 00 02 B0 +             .byte $00,$02,$B0,$00,$02,$B0,$00,$02,$B0,$00,$03,$F0,$00,$00,$40,$00
  8468 5FA8 01 50 00 01 50 00 +             .byte $01,$50,$00,$01,$50,$00,$07,$74,$00,$00,$00,$00,$00,$00,$00,$00
  8469 5FB8 00 00 00 00 00 00 +             .byte $00,$00,$00,$00,$00,$00,$00,$90,$00,$00,$2A,$00,$00,$05,$00,$00
  8470 5FC8 2A 00 00 05 00 00 +             .byte $2A,$00,$00,$05,$00,$00,$2A,$00,$00,$AA,$00,$02,$80,$00,$02,$95
  8471 5FD8 00 03 AA 00 00 EA +             .byte $00,$03,$AA,$00,$00,$EA,$00,$00,$3F,$00,$00,$01,$00,$00,$01,$00
  8472 5FE8 00 09 00 00 05 00 +             .byte $00,$09,$00,$00,$05,$00,$00,$04,$00,$00,$08,$00,$00,$00,$00,$00
  8473 5FF8 00 00 00 00 00 00 +             .byte $00,$00,$00,$00,$00,$00,$00,$92,$01,$42,$AA,$04,$52,$0A,$05,$52
  8474 6008 AA 05 52 5A 05 52 +             .byte $AA,$05,$52,$5A,$05,$52,$A8,$05,$5E,$A9,$05,$5E,$AA,$05,$53
  8475 6017 FF			L6017       .byte $FF
  8476 6018 05 50 55 05 50 00 + L6018       .byte $05,$50,$55,$05,$50,$00,$05,$50,$00,$01,$40,$00,$00,$00,$00,$00
  8477 6028 00 00 00 00 00 00 +             .byte $00,$00,$00,$00,$00,$00,$00,$00,$00,$00,$00,$00,$00,$00,$00,$00
  8478 6038 00 00 00 00 00 00 +             .byte $00,$00,$00,$00,$00,$00,$00,$8C,$00,$00,$00,$00,$00,$00,$00,$50
  8479 6048 40 01 04 10 01 01 +             .byte $40,$01,$04,$10,$01,$01,$04,$03,$01,$01,$0E,$C0,$41,$0E,$C0,$41
  8480 6058 03 00 41 00 00 4A +             .byte $03,$00,$41,$00,$00,$4A,$00,$00,$A2,$00,$02,$A6,$00,$03,$AA,$00
  8481 6068 03 FA 00 00 FF 00 +             .byte $03,$FA,$00,$00,$FF,$00,$00,$0F,$00,$00,$02,$00,$00,$02,$00,$00
  8482 6078 02 00 00 00 00 00 +             .byte $02,$00,$00,$00,$00,$00,$00,$93,$00,$00,$11,$00,$00,$AA,$00,$02
  8483 6088 09 00 08 24 00 08 +             .byte $09,$00,$08,$24,$00,$08,$A4,$00,$2A,$A9,$00,$EA,$80,$00,$7A,$15
  8484 6098 00 3A 51 00 FE 51 +             .byte $00,$3A,$51,$00,$FE,$51,$00,$7F,$55,$00,$3F,$55,$00,$0F,$55,$00
  8485 60A8 0F 45 00 03 05 00 +             .byte $0F,$45,$00,$03,$05,$00,$00,$0D,$00,$00,$0F,$00,$00,$0F,$00,$00
  8486 60B8 00 00 00 00 00 00 +             .byte $00,$00,$00,$00,$00,$00,$00,$92,$00,$00,$2A,$00,$00,$00,$00,$02
  8487 60C8 AA 00 07 66 00 03 +             .byte $AA,$00,$07,$66,$00,$03,$FF,$00,$00,$00,$00,$00,$FF,$00,$02,$AA
  8488 60D8 00 0A FF 00 2B AA +             .byte $00,$0A,$FF,$00,$2B,$AA,$00,$AE,$AA,$02,$BA,$FA,$06,$EA,$EE,$06
  8489 60E8 EA EB 26 BA EA 27 +             .byte $EA,$EB,$26,$BA,$EA,$27,$AE,$EA,$29,$EB,$E5,$2B,$3A,$AE,$2B,$0E
  8490 60F8 AE 2B 0E A0 2B 0E +             .byte $AE,$2B,$0E,$A0,$2B,$0E,$AA,$95,$2B,$0E,$AA,$2B,$0E,$AA,$2B,$03
  8491 6108 AF 2B 03 AE 2B 03 +             .byte $AF,$2B,$03,$AE,$2B,$03,$AE,$2B,$00,$AE,$2B,$00,$AE,$2B,$00,$AF
  8492 6118 05 00 AA 0E 80 AA +             .byte $05,$00,$AA,$0E,$80,$AA,$03,$A0,$AA,$00,$E8,$9A,$00,$3A,$6A,$00
  8493 6128 0E 56 00 0B 56 00 +             .byte $0E,$56,$00,$0B,$56,$00,$3A,$9A,$00,$3F,$AA,$00,$1F,$FA,$00,$07
  8494 6138 FF 00 01 7F 00 00 +             .byte $FF,$00,$01,$7F,$00,$00,$00,$90,$00,$00,$0A,$00,$00,$22,$00,$00
  8495 6148 82 00 00 89 00 02 +             .byte $82,$00,$00,$89,$00,$02,$A4,$00,$13,$A4,$00,$07,$A4,$00,$13,$E9
  8496 6158 00 00 FA 00 00 FF +             .byte $00,$00,$FA,$00,$00,$FF,$00,$00,$3F,$00,$00,$0F,$00,$00,$01,$00
  8497 6168 00 06 00 00 01 00 +             .byte $00,$06,$00,$00,$01,$00,$00,$06,$00,$00,$01,$0A,$00,$0A,$20,$80
  8498 6178 22 8A 20 82 AA AF +             .byte $22,$8A,$20,$82,$AA,$AF,$8A,$95,$A0,$AA,$AA,$A5,$BA,$EA,$EA,$BF
  8499 6188 FA FA F0 FF 3F C0 +             .byte $FA,$FA,$F0,$FF,$3F,$C0,$3F,$0F,$00,$0F,$00,$00,$01,$00,$00,$06
  8500 6198 00 00 01 00 00 06 +             .byte $00,$00,$01,$00,$00,$06,$00,$00,$01,$00,$00,$0A,$00,$10,$28,$00
  8501 61A8 04 A9 00 01 AA 00 +             .byte $04,$A9,$00,$01,$AA,$00,$00,$88,$00,$00,$D9,$00,$01,$FA,$00,$04
  8502 61B8 FC 00 10 3D 00 00 +             .byte $FC,$00,$10,$3D,$00,$00,$0F,$95,$00,$00,$AA,$00,$02,$AA,$00,$0F
  8503 61C8 FF 00 AA AA 0A AA +             .byte $FF,$00,$AA,$AA,$0A,$AA,$AA,$20,$AA,$FA,$82,$AA,$0A,$8A,$2A,$0A
  8504 61D8 AA 6A FA EF FE AA +             .byte $AA,$6A,$FA,$EF,$FE,$AA,$F5,$57,$AA,$F7,$77,$EA,$F5,$57,$FF,$37
  8505 61E8 74 FF 05 54 00 07 +             .byte $74,$FF,$05,$54,$00,$07,$74,$00,$04,$44,$00,$00,$00,$00,$00,$00
  8506 61F8 00 00 00 00 00 00 +             .byte $00,$00,$00,$00,$00,$00,$00,$91,$00,$00,$03,$00,$00,$03,$00,$00
  8507 6208 03 00 00 03 00 00 +             .byte $03,$00,$00,$03,$00,$00,$0F,$00,$00,$0F,$00,$00,$0F,$00,$00,$0F
  8508 6218 00 00 0A 00 00 AA +             .byte $00,$00,$0A,$00,$00,$AA,$00,$0A,$AA,$00,$20,$AA,$00,$82,$BE,$00
  8509 6228 8A EE 02 0B AE 02 +             .byte $8A,$EE,$02,$0B,$AE,$02,$2E,$AE,$02,$2E,$AE,$02,$BA,$AE,$0A,$BA
  8510 6238 AE 0A BF FE 0A AA +             .byte $AE,$0A,$BF,$FE,$0A,$AA,$AA,$95,$0A,$28,$82,$1A,$69,$96,$0A,$AA
  8511 6248 AA 0A BF FE 0A BA +             .byte $AA,$0A,$BF,$FE,$0A,$BA,$AE,$02,$BA,$AE,$02,$AE,$AE,$03,$AE,$AE
  8512 6258 03 AB AE 00 EA EE +             .byte $03,$AB,$AE,$00,$EA,$EE,$00,$FA,$BE,$00,$3E,$AA,$00,$0F,$EA,$00
  8513 6268 03 FF 00 00 3F 00 +             .byte $03,$FF,$00,$00,$3F,$00,$00,$01,$00,$00,$01,$00,$00,$04,$00,$00
  8514 6278 10 00 00 00 00 00 +             .byte $10,$00,$00,$00,$00,$00,$00,$93,$00,$EA,$AA,$00,$3F,$FF,$00,$02
  8515 6288 C0 00 02 C0 00 02 +             .byte $C0,$00,$02,$C0,$00,$02,$C0,$00,$02,$C0,$00,$02,$C0,$00,$01,$40
  8516 6298 02 AA AA 02 FD 7F +             .byte $02,$AA,$AA,$02,$FD,$7F,$02,$C1,$40,$02,$C1,$00,$02,$C0,$00,$02
  8517 62A8 C4 00 0A AA AA 0B +             .byte $C4,$00,$0A,$AA,$AA,$0B,$FF,$FF,$0B,$AA,$AA,$0B,$AA,$AA,$0B,$AA
  8518 62B8 AA 0B FF FF 0A AA +             .byte $AA,$0B,$FF,$FF,$0A,$AA,$AA,$95,$00,$00,$0E,$00,$00,$3A,$00,$00
  8519 62C8 3A 40 00 AA 44 02 +             .byte $3A,$40,$00,$AA,$44,$02,$22,$50,$02,$66,$60,$0B,$AA,$68,$2B,$EA
  8520 62D8 3A AC 3A 0D B0 3A +             .byte $3A,$AC,$3A,$0D,$B0,$3A,$01,$C0,$3F,$00,$00,$AA,$00,$02,$DF,$00
  8521 62E8 0B DF 00 2F DF 00 +             .byte $0B,$DF,$00,$2F,$DF,$00,$BF,$DF,$02,$BF,$DF,$0A,$AA,$AA,$0E,$AA
  8522 62F8 AA 03 AA AA 00 FF +             .byte $AA,$03,$AA,$AA,$00,$FF,$FF,$95,$00,$00,$0A,$00,$00,$AA,$00,$02
  8523 6308 0A 00 08 2A 00 08 +             .byte $0A,$00,$08,$2A,$00,$08,$AA,$00,$2A,$A0,$00,$28,$85,$00,$29,$91
  8524 6318 00 38 91 00 3D 95 +             .byte $00,$38,$91,$00,$3D,$95,$00,$3F,$D5,$00,$3C,$D5,$00,$3D,$D4,$00
  8525 6328 3C C5 00 0D 05	            .byte $3C,$C5,$00,$0D,$05
  8526 632D 00 00 01 00 00 3E + L632D       .byte $00,$00,$01,$00,$00,$3E,$00,$02,$AF,$00,$0A,$AB,$00,$2B,$AA,$00
  8527 633D AE EA 95 00 BA BA +             .byte $AE,$EA,$95,$00,$BA,$BA,$00,$AE,$EB,$00,$EB,$AE,$00,$BA,$BA,$00
  8528 634D BE EA 00 B2 BA 00 +             .byte $BE,$EA,$00,$B2,$BA,$00,$B2,$AE,$00,$B2,$2B,$00,$B2,$6A,$00,$B2
  8529 635D AA 00 B3 FF 00 B0 +             .byte $AA,$00,$B3,$FF,$00,$B0,$55,$00,$30,$00,$03,$70,$00,$03,$70,$00
  8530 636D 03 70 00 00 C0 00 +             .byte $03,$70,$00,$00,$C0,$00,$00,$00,$00,$00,$00,$00,$00,$00,$00,$00
  8531 637D 00 00 8C 00 2A AA +             .byte $00,$00,$8C,$00,$2A,$AA,$00,$A8,$0A,$02,$AB,$BA,$02,$AB,$BA,$03
  8532 638D A9 5A 00 EA AA 00 +             .byte $A9,$5A,$00,$EA,$AA,$00,$3A,$A0,$00,$0E,$AE,$00,$03,$A5,$00,$00
  8533 639D EA 00 00 3A 02 20 +             .byte $EA,$00,$00,$3A,$02,$20,$0F,$02,$60,$01,$00,$40,$0A,$00,$40,$01
  8534 63AD 02 AA AA 0A BF FF +             .byte $02,$AA,$AA,$0A,$BF,$FF,$2A,$EA,$AA,$3A,$BA,$AA,$0E,$AE,$AA,$0B
  8535 63BD AB AA 95 0B EA EA +             .byte $AB,$AA,$95,$0B,$EA,$EA,$0B,$3A,$BF,$0B,$0E,$AA,$0B,$03,$FF,$0B
  8536 63CD 00 05 0B 00 2A 0B +             .byte $00,$05,$0B,$00,$2A,$0B,$00,$05,$0B,$00,$2A,$0B,$00,$05,$0B,$00
  8537 63DD 2A 0B 00 05 0B 00 +             .byte $2A,$0B,$00,$05,$0B,$00,$2A,$0B,$00,$05,$0B,$00,$00,$0B,$00,$00
  8538 63ED 05 00 00 0A 85 00 +             .byte $05,$00,$00,$0A,$85,$00,$0E,$94,$00,$03,$D5,$40,$03,$D5,$40,$00
  8539 63FD D5 00 8D 00 02 AA +             .byte $D5,$00,$8D,$00,$02,$AA,$00,$0A,$FF,$00,$2B,$AA,$00,$3A,$EA,$00
  8540 640D 0E BA 00 0B AF 00 +             .byte $0E,$BA,$00,$0B,$AF,$00,$0A,$EA,$00,$0A,$FF,$00,$0A,$C0,$00,$0A
  8541 641D C0 00 0A C0 00 0A +             .byte $C0,$00,$0A,$C0,$00,$0A,$C0,$00,$0A,$C0,$00,$0A,$C0,$00,$0A,$C0
  8542 642D 00 0A C0 00 0A C0 +             .byte $00,$0A,$C0,$00,$0A,$C0,$00,$0A,$C0,$00,$0A,$C0,$00,$0A,$C0,$00
  8543 643D 0A C0 95 00 0A C0 +             .byte $0A,$C0,$95,$00,$0A,$C0,$00,$05,$00,$00,$0B,$00,$00,$0B,$00,$00
  8544 644D 0B 00 00 0B 00 00 +             .byte $0B,$00,$00,$0B,$00,$00,$0B,$00,$00,$0B,$00,$00,$0B,$00,$00,$0B
  8545 645D 00 00 0B 00 00 0B +             .byte $00,$00,$0B,$00,$00,$0B,$00,$00,$0B,$00,$00,$0B,$00,$00,$0B,$00
  8546 646D 00 0B 00 00 05 00 +             .byte $00,$0B,$00,$00,$05,$00,$00,$0B,$00,$00,$2B,$C0,$00,$2B,$C0,$00
  8547 647D 11 40 95 00 02 AA +             .byte $11,$40,$95,$00,$02,$AA,$00,$0A,$AA,$00,$0A,$0A,$00,$0E,$8A,$00
  8548 648D 0F AA 00 0F EA 00 +             .byte $0F,$AA,$00,$0F,$EA,$00,$0F,$FF,$00,$0F,$D5,$00,$0F,$55,$00,$0D
  8549 649D 57 00 05 5E 00 01 +             .byte $57,$00,$05,$5E,$00,$01,$7A,$00,$00,$7A,$00,$00,$3A,$00,$00,$3A
  8550 64AD 00 00 3A 00 AA BA +             .byte $00,$00,$3A,$00,$AA,$BA,$02,$AA,$BA,$02,$AA,$BA,$03,$AA,$AE,$03
  8551 64BD EA AB 95 03 FA AA +             .byte $EA,$AB,$95,$03,$FA,$AA,$01,$7E,$AA,$0E,$9F,$FF,$0E,$9F,$33,$0E
  8552 64CD 9F 77 0E 9F FF 0E +             .byte $9F,$77,$0E,$9F,$FF,$0E,$9F,$3F,$0E,$BF,$7F,$0E,$BF,$FF,$0E,$BF
  8553 64DD 55 0E BD 55 0E B5 +             .byte $55,$0E,$BD,$55,$0E,$B5,$57,$0E,$95,$5F,$0E,$95,$7E,$0E,$95,$7E
  8554 64ED 0E 80 3A 0E 80 3A +             .byte $0E,$80,$3A,$0E,$80,$3A,$0E,$80,$3A,$0E,$80,$3A,$0E,$8A,$BA,$0E
  8555 64FD A2 AE 95 0E B6 2B +             .byte $A2,$AE,$95,$0E,$B6,$2B,$01,$7E,$62,$0E,$BF,$A6,$0E,$BF,$FF,$0E
  8556 650D BF 55 0E BD 55 0E +             .byte $BF,$55,$0E,$BD,$55,$0E,$B5,$F5,$0E,$97,$FD,$0E,$83,$FC,$0E,$83
  8557 651D BC 0E 83 AC 0E 83 +             .byte $BC,$0E,$83,$AC,$0E,$83,$AC,$0E,$83,$AC,$0E,$83,$AC,$0E,$83,$AC
  8558 652D 0E 83 AC 0E 43 AC +             .byte $0E,$83,$AC,$0E,$43,$AC,$0D,$43,$AC,$0D,$53,$AC,$01,$55,$AC,$00
  8559 653D 15 AC 95 00 03 AC +             .byte $15,$AC,$95,$00,$03,$AC,$00,$03,$AC,$00,$00,$50,$00,$03,$A0,$00
  8560 654D 03 A0 00 03 A0 00 +             .byte $03,$A0,$00,$03,$A0,$00,$03,$A0,$00,$03,$A0,$00,$03,$A0,$00,$03
  8561 655D A0 00 03 A0 00 03 +             .byte $A0,$00,$03,$A0,$00,$03,$A0,$00,$03,$A0,$00,$03,$A0,$00,$03,$A0
  8562 656D 00 03 A0 00 03 A0 +             .byte $00,$03,$A0,$00,$03,$A0,$00,$2B,$B8,$00,$3A,$EC,$00,$3E,$BC,$00
  8563 657D 05 50 95 00 00 00 +             .byte $05,$50,$95,$00,$00,$00,$00,$00,$00,$00,$00,$00,$00,$00,$00,$00
  8564 658D 00 00 00 40 00 00 +             .byte $00,$00,$00,$40,$00,$00,$19,$00,$00,$7C,$00,$00,$78,$00,$00,$38
  8565 659D 00 00 0D 00 00 20 +             .byte $00,$00,$0D,$00,$00,$20,$00,$00,$00,$00,$00,$00,$00,$00,$00,$00
  8566 65AD 00 00 00 00 00 00 +             .byte $00,$00,$00,$00,$00,$00,$00,$00,$00,$00,$00,$00,$00,$00,$00,$00
  8567 65BD 00 00 00 00 00 00 +             .byte $00,$00,$00,$00,$00,$00,$00,$00,$00,$00,$00,$00,$00,$20,$00,$00
  8568 65CD 20 00 00 0C 80 00 +             .byte $20,$00,$00,$0C,$80,$00,$9C,$00,$00,$7E,$00,$00,$FE,$00,$00,$7C
  8569 65DD 80 00 2C 00 00 06 +             .byte $80,$00,$2C,$00,$00,$06,$00,$00,$40,$00,$00,$00,$00,$00,$00,$00
  8570 65ED 00 00 00 00 00 00 +             .byte $00,$00,$00,$00,$00,$00,$00,$00,$00,$00,$00,$00,$00,$00,$00,$00
  8571 65FD 00 00 00 00 00 00 +             .byte $00,$00,$00,$00,$00,$00,$00,$40,$00,$00,$C0,$00,$00,$40,$20,$00
  8572 660D 0A 00 00 1C 00 02 +             .byte $0A,$00,$00,$1C,$00,$02,$7E,$00,$00,$7E,$00,$00,$FF,$00,$00,$7E
  8573 661D 00 00 38 20 00 67 +             .byte $00,$00,$38,$20,$00,$67,$00,$00,$01,$80,$00,$00,$00,$01,$80,$00
  8574 662D 03 00 00 00 00 00 +             .byte $03,$00,$00,$00,$00,$00,$00,$00,$00,$00,$00,$00
  8575 6639 00 00 00 00 00 00 + L6639       .byte $00,$00,$00,$00,$00,$00,$00,$03,$00,$00,$01,$00,$08,$00,$00,$80
  8576 6649 00 06 00 00 0C 00 +             .byte $00,$06,$00,$00,$0C,$00,$20,$10,$00,$00,$4C,$00,$00,$6E,$00,$00
  8577 6659 BA 00 00 6C 00 00 +             .byte $BA,$00,$00,$6C,$00,$00,$30,$04,$00,$01,$00,$01,$00,$C0,$00,$00
  8578 6669 60 00 00 00 00 00 +             .byte $60,$00,$00,$00,$00,$00,$00,$00,$00,$00,$02,$00,$00,$04,$00,$00
  8579 6679 08 00 00 00 00 00 +             .byte $08,$00,$00,$00,$00,$00,$00,$01,$00,$40,$00,$02,$00,$00,$06,$00
  8580 6689 00 04 00 00 01 00 +             .byte $00,$04,$00,$00,$01,$00,$00,$10,$00,$00,$48,$00,$00,$64,$00,$08
  8581 6699 1A 00 00 64 00 00 +             .byte $1A,$00,$00,$64,$00,$00,$30,$01,$00,$00,$00,$00,$00,$00,$00,$04
  8582 66A9 00 04 00 00 00 00 +             .byte $00,$04,$00,$00,$00,$00,$00,$00,$00,$18,$00,$00,$04,$00,$00,$00
  8583 66B9 00 00 00 04 00 00 +             .byte $00,$00,$00,$04,$00,$00,$00,$00,$02,$00,$00,$04,$00,$00,$00,$20
  8584 66C9 00 00 00 00 08 00 +             .byte $00,$00,$00,$00,$08,$00,$00,$00,$00,$00,$40,$00,$00,$24,$00,$00
  8585 66D9 10 00 40 44 00 00 +             .byte $10,$00,$40,$44,$00,$00,$10,$00,$00,$00,$00,$00,$00,$00,$00,$00
  8586 66E9 00 00 00 00 00 01 +             .byte $00,$00,$00,$00,$00,$01,$00,$00,$00,$00,$10,$00,$00,$00,$00,$01
  8587 66F9 00 00 00 00 00 00 +             .byte $00,$00,$00,$00,$00,$00,$00,$00,$00,$00,$00,$00,$00,$00,$00,$00
  8588 6709 00 00 00 00 04 00 +             .byte $00,$00,$00,$00,$04,$00,$00,$00,$00,$00,$00,$00,$00,$82,$00,$00
  8589 6719 10 00 00 00 00 00 +             .byte $10,$00,$00,$00,$00,$00,$02,$00,$00,$00,$00,$00,$00,$00,$00,$00
  8590 6729 00 00 00 00 00 00 +             .byte $00,$00,$00,$00,$00,$00,$00,$00,$00,$00,$00,$00,$00,$00,$00,$80
  8591 6739 00 00 00 00 00 00 +             .byte $00,$00,$00,$00,$00,$00,$00,$00,$00,$00,$00,$00,$00,$00,$00,$00
  8592 6749 00 F0 00 03 AC 00 +             .byte $00,$F0,$00,$03,$AC,$00,$00,$EB,$00,$03,$9A,$C0,$0E,$AA,$C0,$03
  8593 6759 9B 00 0E 6B 00 0E +             .byte $9B,$00,$0E,$6B,$00,$0E,$9C,$00,$03,$AB,$00,$03,$AC,$00,$00,$F0
  8594 6769 00 00 00 00 00 00 +             .byte $00,$00,$00,$00,$00,$00,$00,$00,$00,$00,$00,$00,$00,$00,$00,$00
  8595 6779 00 00 00 00 00 00 +             .byte $00,$00,$00,$00,$00,$00,$00,$00,$00,$00,$00,$C0,$00,$0F,$B0,$00
  8596 6789 0E BF 00 0E AA C0 +             .byte $0E,$BF,$00,$0E,$AA,$C0,$03,$AA,$B0,$0E,$9A,$F0,$0E,$A6,$C0,$0E
  8597 6799 6A B0 3A A6 C0 3A +             .byte $6A,$B0,$3A,$A6,$C0,$3A,$AA,$C0,$0E,$99,$B0,$03,$AA,$B0,$0E,$BB
  8598 67A9 C0 0E CC 00 03 00 +             .byte $C0,$0E,$CC,$00,$03,$00,$00,$00,$00,$00,$00,$00,$00,$00,$00,$00
  8599 67B9 00 00 00 00 00 00 +             .byte $00,$00,$00,$00,$00,$00,$00,$0F,$00,$30,$3A,$C0,$EC,$39,$B3,$B0
  8600 67C9 3A BE AC 3E AA 6C +             .byte $3A,$BE,$AC,$3E,$AA,$6C,$0F,$9A,$AC,$0E,$AA,$F0,$0E,$A6,$C0,$0E
  8601 67D9 69 B0 FA AA C0 EA +             .byte $69,$B0,$FA,$AA,$C0,$EA,$66,$F0,$3E,$AA,$AC,$03,$6A,$AB,$3E,$BB
  8602 67E9 EB 2A CC EC E6 C0 +             .byte $EB,$2A,$CC,$EC,$E6,$C0,$3C,$EB,$00,$00,$3C,$00,$00,$00,$00,$00
  8603 67F9 00 00 00 00 00 00 +             .byte $00,$00,$00,$00,$00,$00,$00,$3F,$00,$3C,$EA,$C0,$EF,$E9,$B3,$AB
  8604 6809 E6 BF 6F 3A FB AC +             .byte $E6,$BF,$6F,$3A,$FB,$AC,$3F,$FA,$EC,$03,$AA,$F0,$0E,$9A,$C0,$0D
  8605 6819 A9 B0 0E AA C0 3A +             .byte $A9,$B0,$0E,$AA,$C0,$3A,$9A,$F0,$0E,$A6,$B0,$03,$6A,$AC,$0E,$EA
  8606 6829 6C 3A BE 9C EA B3 +             .byte $6C,$3A,$BE,$9C,$EA,$B3,$AB,$E6,$B0,$DB,$EA,$C0,$EB,$3B,$00,$3C
  8607 6839 0C 00 0C 00 00 00 +             .byte $0C,$00,$0C,$00,$00,$00,$00,$3C,$00,$3C,$FB,$30,$EF,$EA,$C0,$EB
  8608 6849 3A BC EC 0E FF BC +             .byte $3A,$BC,$EC,$0E,$FF,$BC,$03,$FB,$C0,$03,$AA,$F0,$0E,$EE,$C0,$03
  8609 6859 AB 00 0E BA C0 CE +             .byte $AB,$00,$0E,$BA,$C0,$CE,$AB,$F0,$0E,$EE,$B0,$03,$AB,$AC,$03,$AB
  8610 6869 EC 0E FE AC 3A B3 +             .byte $EC,$0E,$FE,$AC,$3A,$B3,$BB,$36,$C0,$EB,$3B,$00,$EB,$0C,$00,$3C
  8611 6879 00 00 0C 00 00 00 +             .byte $00,$00,$0C,$00,$00,$00,$00,$00,$00,$0C,$0F,$30,$3C,$3A,$C0,$3B
  8612 6889 3A B0 3B 0F FC 0C +             .byte $3A,$B0,$3B,$0F,$FC,$0C,$00,$3B,$00,$03,$EB,$F0,$0E,$EE,$C0,$03
  8613 6899 AB 00 03 BA C0 00 +             .byte $AB,$00,$03,$BA,$C0,$00,$EB,$C0,$00,$EE,$CC,$03,$B3,$80,$03,$C3
  8614 68A9 F0 0E C0 EC 3A C0 +             .byte $F0,$0E,$C0,$EC,$3A,$C0,$FC,$3A,$C0,$EB,$3B,$00,$FB,$0C,$00,$FF
  8615 68B9 00 00 3C 00 00 0C +             .byte $00,$00,$3C,$00,$00,$0C,$00,$00,$00,$00,$03,$30,$0C,$0E,$C0,$3B
  8616 68C9 0E C0 0F 03 0C 0C +             .byte $0E,$C0,$0F,$03,$0C,$0C,$00,$3F,$00,$00,$EB,$03,$03,$EA,$C0,$03
  8617 68D9 BB 00 03 AE C0 00 +             .byte $BB,$00,$03,$AE,$C0,$00,$EB,$C0,$00,$EE,$C0,$00,$33,$03,$03,$03
  8618 68E9 F0 0E C0 EC 0E C0 +             .byte $F0,$0E,$C0,$EC,$0E,$C0,$3C,$3A,$C0,$3B,$0F,$00,$3F,$00,$00,$3C
  8619 68F9 00 00 0C 00 00 00 +             .byte $00,$00,$0C,$00,$00,$00,$00,$00,$00,$00,$03,$00,$00,$03,$C0,$0C
  8620 6909 03			            .byte $03
  8621 690A 00 0C 00 0C 00 00 + L690A       .byte $00,$0C,$00,$0C,$00,$00,$3C,$00,$00,$EB,$00,$03,$FF,$00,$03,$BB
  8622 691A 00 00 EE C0 00 EB +             .byte $00,$00,$EE,$C0,$00,$EB,$00,$00,$3F,$00,$00,$03,$00,$00,$00,$F0
  8623 692A 03 C0 30 0E C0 3C +             .byte $03,$C0,$30,$0E,$C0,$3C,$0E,$C0,$3C,$03,$00,$0C,$00,$00,$0C,$00
  8624 693A 00 00 00 00 00 00 +             .byte $00,$00,$00,$00,$00,$00,$00,$00,$00,$00,$00,$00,$03,$00,$00,$00
  8625 694A 00 00 00 00 00 00 +             .byte $00,$00,$00,$00,$00,$00,$3C,$00,$00,$EC,$00,$00,$FF,$00,$00,$FB
  8626 695A 00 00 EF 00 00 3F +             .byte $00,$00,$EF,$00,$00,$3F,$00,$00,$3C,$00,$00,$00,$00,$00,$00,$30
  8627 696A 03 00 30 0E C0 3C +             .byte $03,$00,$30,$0E,$C0,$3C,$03,$00,$0C,$00,$00,$0C,$00,$00,$00,$00
  8628 697A 00 00 00 00 00 00 +             .byte $00,$00,$00,$00,$00,$00,$00,$00,$00,$00,$00,$00,$00,$00,$00,$00
  8629 698A 00 00 00 00 00 00 +             .byte $00,$00,$00,$00,$00,$00,$0C,$00,$00,$3C,$00,$00,$EF,$00,$00,$EB
  8630 699A 00 00 3F 00 00 3C +             .byte $00,$00,$3F,$00,$00,$3C,$00,$00,$00,$00,$00,$00,$00,$00,$00,$00
  8631 69AA 00 00 30 03 00 3C +             .byte $00,$00,$30,$03,$00,$3C,$00,$00,$0C,$00,$00,$00,$00,$00,$00,$00
  8632 69BA 00 00 00 00 00 00 +             .byte $00,$00,$00,$00,$00,$00,$00,$00,$00,$00,$00,$00,$00,$00,$00,$00
  8633 69CA 00 00 00 00 00 00 +             .byte $00,$00,$00,$00,$00,$00,$00,$00,$00,$0C,$00,$00,$3C,$00,$00,$3C
  8634 69DA 00 00 3C 00 00 00 +             .byte $00,$00,$3C,$00,$00,$00,$00,$00,$00,$00,$00,$00,$00,$00,$00,$00
  8635 69EA 00 00 00 00 00 00 +             .byte $00,$00,$00,$00,$00,$00,$00,$00,$00,$00,$00,$00,$00,$00,$00,$00
  8636 69FA 00 00 00 00 00 00 +             .byte $00,$00,$00,$00,$00,$00,$00,$00,$00,$00,$00,$00,$00,$00,$00,$00
  8637 6A0A 00 00 00 00 00 03 +             .byte $00,$00,$00,$00,$00,$03,$CF,$00,$07,$FF,$C0,$01,$F3,$80,$00,$00
  8638 6A1A 00 00 00 00 00 00 +             .byte $00,$00,$00,$00,$00,$00,$00,$00,$00,$00,$00,$00,$00,$01,$E7,$00
  8639 6A2A 07 FF C0 03 9F 00 +             .byte $07,$FF,$C0,$03,$9F,$00,$00,$00,$00,$00,$00,$00,$00,$00,$00,$00
  8640 6A3A 00 00 00 00 00 00 +             .byte $00,$00,$00,$00,$00,$00,$00,$38,$00,$00,$38,$00,$03,$FF,$80,$0F
  8641 6A4A FF E0 3F FF F8 00 +             .byte $FF,$E0,$3F,$FF,$F8,$00,$00,$00,$00,$FC,$00,$00,$FE,$00,$00,$0E
  8642 6A5A 00 00 3E 00 00 3C +             .byte $00,$00,$3E,$00,$00,$3C,$00,$00,$00,$00,$00,$38,$00,$00,$38,$00
  8643 6A6A 00 00 00 3F FF F8 +             .byte $00,$00,$00,$3F,$FF,$F8,$0F,$FF,$E0,$03,$FF,$80,$00,$10,$00,$00
  8644 6A7A 00 00 00 00 00 00 +             .byte $00,$00,$00,$00,$00,$00,$00,$00,$00,$00,$60,$00,$00,$70,$00,$00
  8645 6A8A 7C 00 00 3E 00 00 +             .byte $7C,$00,$00,$3E,$00,$00,$1E,$00,$00,$1E,$00,$30,$0F,$00,$38,$07
  8646 6A9A C0 3C 03 E0 1E 00 +             .byte $C0,$3C,$03,$E0,$1E,$00,$F0,$1F,$00,$70,$0F,$80,$78,$03,$80,$38
  8647 6AAA 01 C0 0C 00 E0 00 +             .byte $01,$C0,$0C,$00,$E0,$00,$00,$F8,$00,$00,$7C,$00,$00,$3E,$00,$00
  8648 6ABA 07 00 00 00 00 00 +             .byte $07,$00,$00,$00,$00,$00,$00,$FC,$00,$0E,$FF,$00,$3F,$CF,$80,$7F
  8649 6ACA FF 80 D8 3F C0 DB +             .byte $FF,$80,$D8,$3F,$C0,$DB,$A0,$F0,$D8,$2E,$F0,$7F,$E6,$30,$3F,$F7
  8650 6ADA BC 0C 16 9E 0D D6 +             .byte $BC,$0C,$16,$9E,$0D,$D6,$57,$0C,$16,$9E,$3F,$F7,$BC,$7F,$E6,$30
  8651 6AEA D8 2E F0 DB A0 F0 +             .byte $D8,$2E,$F0,$DB,$A0,$F0,$D8,$3F,$C0,$7F,$FF,$80,$3F,$CF,$80,$0E
  8652 6AFA FF 00 00 FC 00 00 +             .byte $FF,$00,$00,$FC,$00,$00,$00,$00,$00,$00,$00,$00,$00,$00,$00,$00
  8653 6B0A 00 00 01 81 80 03 +             .byte $00,$00,$01,$81,$80,$03,$81,$C0,$03,$C3,$C0,$03,$C3,$C0,$03,$C3
  8654 6B1A C0 01 C1 80 01 C1 +             .byte $C0,$01,$C1,$80,$01,$C1,$80,$03,$81,$C0,$03,$83,$C0,$03,$C3,$C0
  8655 6B2A 03 C3 80 01 C1 80 +             .byte $03,$C3,$80,$01,$C1,$80,$01,$81,$80,$00,$00,$00,$00,$00,$00,$00
  8656 6B3A 00 00 00 00 00 00 +             .byte $00,$00,$00,$00,$00,$00,$00,$00,$00,$00,$00,$00,$00,$00,$00,$00
  8657 6B4A 00 00 00 00 00 01 +             .byte $00,$00,$00,$00,$00,$01,$83,$00,$03,$EF,$D0,$0F,$FF,$BC,$3E,$03
  8658 6B5A AE 70 FD AB D6 FE +             .byte $AE,$70,$FD,$AB,$D6,$FE,$AE,$D6,$FE,$BC,$D6,$FE,$B0,$70,$FE,$80
  8659 6B6A 3E FE 80 00 FE 00 +             .byte $3E,$FE,$80,$00,$FE,$00,$00,$F8,$00,$00,$00,$00,$00,$00,$00,$00
  8660 6B7A 00 00 00 00 00 00 +             .byte $00,$00,$00,$00,$00,$00,$00,$00,$00,$00,$06,$00,$00,$0E,$00,$00
  8661 6B8A 3C 00 00 78 00 00 +             .byte $3C,$00,$00,$78,$00,$00,$F8,$00,$00,$F0,$00,$01,$F0,$0C,$03,$E0
  8662 6B9A 1C 0F 80 3C 1F 00 +             .byte $1C,$0F,$80,$3C,$1F,$00,$78,$1F,$00,$F8,$1E,$01,$F0,$38,$01,$C0
  8663 6BAA 30 03 80 00 07 00 +             .byte $30,$03,$80,$00,$07,$00,$00,$1F,$00,$00,$3E,$00,$00,$7C,$00,$00
  8664 6BBA E0 00 00 00 00 00 +             .byte $E0,$00,$00,$00,$00,$00,$00,$00,$00,$00,$00,$00,$00,$00,$00,$00
  8665 6BCA 00 00 40 00 00 41 +             .byte $00,$00,$40,$00,$00,$41,$80,$00,$41,$80,$00,$C1,$81,$80,$59,$81
  8666 6BDA 80 59 81 80 59 81 +             .byte $80,$59,$81,$80,$59,$81,$80,$D9,$81,$80,$59,$99,$80,$59,$99,$80
  8667 6BEA 59 99 80 D9 99 80 +             .byte $59,$99,$80,$D9,$99,$80,$59,$99,$80,$59,$99,$80,$59,$99,$80,$FF
  8668 6BFA FF E0 44 44 40 FF +             .byte $FF,$E0,$44,$44,$40,$FF,$00,$00,$00,$00,$00,$00,$00,$00,$00,$00
  8669 6C0A 00 00 00 00 00 00 +             .byte $00,$00,$00,$00,$00,$00,$00,$00,$00,$00,$00,$00,$00,$00,$19,$C0
  8670 6C1A F0 FF FF FF 0F E6 +             .byte $F0,$FF,$FF,$FF,$0F,$E6,$38,$00,$00,$00,$00,$00,$00,$00,$00,$00
  8671 6C2A 00 00 00 00 00 00 +             .byte $00,$00,$00,$00,$00,$00,$00,$00,$00,$00,$00,$00,$00,$00,$00,$00
  8672 6C3A 00 00 00 00 00 00 +             .byte $00,$00,$00,$00,$00,$00,$00,$00,$00,$00,$00,$00,$00,$00,$00,$00
  8673 6C4A 00 00 00 00 00 00 +             .byte $00,$00,$00,$00,$00,$00,$00,$00,$00,$00,$00,$00,$00,$00,$1F,$1E
  8674 6C5A 7C FF FF FF 3C C1 +             .byte $7C,$FF,$FF,$FF,$3C,$C1,$F8,$00,$00,$00,$00,$00,$00,$00,$00,$00
  8675 6C6A 00 00 00 00 00 00 +             .byte $00,$00,$00,$00,$00,$00,$00,$00,$00,$00,$00,$00,$00,$00,$00,$00
  8676 6C7A 00 00 00 00 00 00 +             .byte $00,$00,$00,$00,$00,$00,$00,$00,$00,$20,$00,$00,$18,$00,$00,$0F
  8677 6C8A 00 00 0F 80 00 07 +             .byte $00,$00,$0F,$80,$00,$07,$80,$00,$03,$C0,$00,$03,$E0,$00,$01,$F8
  8678 6C9A 00 00 FE 00 00 1E +             .byte $00,$00,$FE,$00,$00,$1E,$00,$00,$0F,$00,$00,$07,$00,$00,$07,$80
  8679 6CAA 00 07 80 00 01 E0 +             .byte $00,$07,$80,$00,$01,$E0,$00,$00,$E0,$00,$00,$30,$00,$00,$18,$00
  8680 6CBA 00 08 00 00 00 00 +             .byte $00,$08,$00,$00,$00,$00,$00,$00,$00,$20,$00,$00,$18,$00,$00,$1E
  8681 6CCA 00 00 07 00 00 03 +             .byte $00,$00,$07,$00,$00,$03,$80,$00,$03,$E0,$00,$01,$F0,$00,$00,$FC
  8682 6CDA 00 00 7C 00 00 3C +             .byte $00,$00,$7C,$00,$00,$3C,$00,$00,$3E,$00,$00,$1F,$80,$00,$1F,$C0
  8683 6CEA 00 0F E0 00 07 E0 +             .byte $00,$0F,$E0,$00,$07,$E0,$00,$01,$F0,$00,$00,$78,$00,$00,$18,$00
  8684 6CFA 00 0C 00 00 06 00 +             .byte $00,$0C,$00,$00,$06,$00,$00,$08,$00,$00,$08,$00,$00,$18,$00,$00
  8685 6D0A 1C 00 00 3C 00 00 +             .byte $1C,$00,$00,$3C,$00,$00,$3C,$00,$00,$3C,$00,$00,$38,$00,$00,$78
  8686 6D1A 00 00 78 00 00 78 +             .byte $00,$00,$78,$00,$00,$78,$00,$00,$3C,$00,$00,$3C,$00,$00,$3C,$00
  8687 6D2A 00 3E 00 00 1E 00 +             .byte $00,$3E,$00,$00,$1E,$00,$00,$0E,$00,$00,$0C,$00,$00,$1C,$00,$00
  8688 6D3A 18 00 00 18 00 00 +             .byte $18,$00,$00,$18,$00,$00,$00,$10,$00,$00,$18,$00,$00,$18,$00,$00
  8689 6D4A 38 00 00 3C 00 00 +             .byte $38,$00,$00,$3C,$00,$00,$3C,$00,$00,$3C,$00,$00,$3E,$00,$00,$1E
  8690 6D5A 00 00 1E 00 00 1E +             .byte $00,$00,$1E,$00,$00,$1E,$00,$00,$3E,$00,$00,$3C,$00,$00,$3C,$00
  8691 6D6A 00 3C 00 00 18 00 +             .byte $00,$3C,$00,$00,$18,$00,$00,$08,$00,$00,$08,$00,$00,$18,$00,$00
  8692 6D7A 18 00 00 08 00 00 +             .byte $18,$00,$00,$08,$00,$00,$00,$00,$06,$00,$00,$1C,$00,$00,$78,$00
  8693 6D8A 00 F0 00 00 F0 00 +             .byte $00,$F0,$00,$00,$F0,$00,$01,$F0,$00,$01,$E0,$00,$03,$80,$00,$07
  8694 6D9A 00 00 1F 00 00 3E +             .byte $00,$00,$1F,$00,$00,$3E,$00,$00,$7E,$00,$00,$F8,$00,$01,$E0,$00
  8695 6DAA 07 C0 00 0F 00 00 +             .byte $07,$C0,$00,$0F,$00,$00,$0E,$00,$00,$1C,$00,$00,$1C,$00,$00,$38
  8696 6DBA 00 00 20 00 00 00 +             .byte $00,$00,$20,$00,$00,$00,$00,$00,$06,$00,$00,$1C,$00,$00,$3C,$00
  8697 6DCA 00 F8 00 01 F0 00 +             .byte $00,$F8,$00,$01,$F0,$00,$01,$F0,$00,$03,$E0,$00,$07,$C0,$00,$1F
  8698 6DDA 00 00 3F 00 00 7E +             .byte $00,$00,$3F,$00,$00,$7E,$00,$00,$7C,$00,$00,$F8,$00,$01,$E0,$00
  8699 6DEA 01 C0 00 03 C0 00 +             .byte $01,$C0,$00,$03,$C0,$00,$0F,$80,$00,$1F,$00,$00,$1E,$00,$00,$38
  8700 6DFA 00 00 20 00 00 00 +             .byte $00,$00,$20,$00,$00,$00,$00,$00,$00,$00,$00,$00,$00,$00,$00,$00
  8701 6E0A F1 80 0F FF F8 FF +             .byte $F1,$80,$0F,$FF,$F8,$FF,$FF,$FF,$33,$CF,$F0,$01,$81,$C0,$00,$00
  8702 6E1A 00 00 00 00 00 00 +             .byte $00,$00,$00,$00,$00,$00,$00,$00,$00,$00,$00,$00,$00,$01,$C6,$00
  8703 6E2A 1F FF F0 FF FF FF +             .byte $1F,$FF,$F0,$FF,$FF,$FF,$0F,$FC,$78,$00,$E0,$00,$00,$00,$00,$00
  8704 6E3A 00 00 00 00 00 00 +             .byte $00,$00,$00,$00,$00,$00,$00,$00,$00,$00,$00,$00,$00,$00,$00,$00
  8705 6E4A 3E 00 3F FF E0 FF +             .byte $3E,$00,$3F,$FF,$E0,$FF,$FF,$FF,$07,$F9,$FC,$00,$60,$30,$00,$00
  8706 6E5A 00 00 00 00 00 00 +             .byte $00,$00,$00,$00,$00,$00,$00,$00,$00,$00,$00,$00,$00,$00,$39,$80
  8707 6E6A 07 FF F8 FF FF FF +             .byte $07,$FF,$F8,$FF,$FF,$FF,$3E,$7F,$F0,$00,$1E,$00,$00,$00,$00,$00
  8708 6E7A 00 00 00 00 00 00 +             .byte $00,$00,$00,$00,$00,$00,$01,$80,$00,$00,$C0,$00,$00,$F0,$00,$00
  8709 6E8A 7C 00 00 1E 00 C0 +             .byte $7C,$00,$00,$1E,$00,$C0,$1F,$00,$60,$0F,$00,$38,$07,$80,$3E,$03
  8710 6E9A C0 1F 03 C0 1F 83 +             .byte $C0,$1F,$03,$C0,$1F,$83,$F0,$0F,$81,$F8,$07,$C0,$78,$01,$C0,$1C
  8711 6EAA 00 60 0E 00 78 03 +             .byte $00,$60,$0E,$00,$78,$03,$00,$3E,$00,$00,$3E,$00,$00,$0F,$00,$00
  8712 6EBA 03 00 00 01 80 00 +             .byte $03,$00,$00,$01,$80,$00,$01,$80,$00,$00,$C0,$00,$00,$F0,$00,$00
  8713 6ECA 78 00 00 3C 00 C0 +             .byte $78,$00,$00,$3C,$00,$C0,$1E,$00,$70,$1F,$00,$38,$0F,$C0,$3C,$07
  8714 6EDA E0 1E 03 F0 07 80 +             .byte $E0,$1E,$03,$F0,$07,$80,$F8,$03,$C0,$78,$01,$C0,$7C,$01,$E0,$1C
  8715 6EEA 01 E0 0E 00 F0 03 +             .byte $01,$E0,$0E,$00,$F0,$03,$00,$7C,$00,$00,$3E,$00,$00,$0E,$00,$00
  8716 6EFA 03 00 00 01 80 00 +             .byte $03,$00,$00,$01,$80,$00,$04,$00,$40,$06,$00,$C0,$06,$00,$C0,$0E
  8717 6F0A 01 C0 0E 01 E0 1F +             .byte $01,$C0,$0E,$01,$E0,$1F,$01,$E0,$0F,$01,$E0,$0F,$01,$E0,$07,$00
  8718 6F1A F0			            .byte $F0
  8719 6F1B 07 00 F0 07 00 F0 + L6F1B       .byte $07,$00,$F0,$07,$00,$F0,$0F,$80,$F0,$0F,$80,$F0,$0F,$81,$E0,$1F
  8720 6F2B 01 E0 1F 01 E0 0E +             .byte $01,$E0,$1F,$01,$E0,$0E,$01,$E0,$0E,$00,$C0,$06,$00,$C0,$06,$00
  8721 6F3B 40 02 00 40 00 02 +             .byte $40,$02,$00,$40,$00,$02,$00,$80,$06,$00,$C0,$06,$00,$C0,$07,$01
  8722 6F4B C0 07 01 E0 07 00 +             .byte $C0,$07,$01,$E0,$07,$00,$E0,$0F,$00,$E0,$0F,$81,$E0,$07,$81,$E0
  8723 6F5B 07 81 C0 07 81 C0 +             .byte $07,$81,$C0,$07,$81,$C0,$0F,$03,$C0,$0F,$03,$C0,$0E,$03,$E0,$0E
  8724 6F6B 01 E0 0E 01 C0 06 +             .byte $01,$E0,$0E,$01,$C0,$06,$01,$C0,$07,$00,$C0,$07,$00,$C0,$06,$00
  8725 6F7B 80 02 00 80 00 00 +             .byte $80,$02,$00,$80,$00,$00,$01,$80,$00,$03,$00,$00,$0F,$00,$00,$3E
  8726 6F8B 00 00 3E 00 00 7C +             .byte $00,$00,$3E,$00,$00,$7C,$03,$00,$F8,$06,$01,$E0,$1C,$03,$C0,$3C
  8727 6F9B 03 C0 F8 0F C1 F8 +             .byte $03,$C0,$F8,$0F,$C1,$F8,$1F,$83,$F0,$1E,$03,$E0,$38,$07,$C0,$70
  8728 6FAB 1F 80 C0 1E 00 80 +             .byte $1F,$80,$C0,$1E,$00,$80,$38,$00,$00,$78,$00,$00,$F0,$00,$00,$C0
  8729 6FBB 00 01 80 00 00 00 +             .byte $00,$01,$80,$00,$00,$00,$01,$80,$00,$03,$00,$00,$0F,$00,$00,$3E
  8730 6FCB 00 00 7C 00 00 7C +             .byte $00,$00,$7C,$00,$00,$7C,$03,$00,$F8,$0E,$03,$E0,$1C,$07,$C0,$7C
  8731 6FDB 0F 80 F8 1F 01 F8 +             .byte $0F,$80,$F8,$1F,$01,$F8,$1E,$01,$F8,$3E,$03,$E0,$38,$07,$C0,$70
  8732 6FEB 07 80 C0 0F 00 00 +             .byte $07,$80,$C0,$0F,$00,$00,$3E,$00,$00,$7C,$00,$00,$70,$00,$00,$C0
  8733 6FFB 00 01 80 00 00 00 +             .byte $00,$01,$80,$00,$00,$00,$00,$00,$00,$38,$7C,$EE,$C6,$00,$00,$00
  8734 700B 00 3C 3C 0C 0C 00 +             .byte $00,$3C,$3C,$0C,$0C,$00,$00,$00,$00,$F8,$FC,$0E,$06,$00,$00,$F8
  8735 701B FC 0E 06 0E FC 00 +             .byte $FC,$0E,$06,$0E,$FC,$00,$00,$00,$00,$06,$0E,$1C,$38,$00,$00,$00
  8736 702B 00 FE FE C0 F8 00 +             .byte $00,$FE,$FE,$C0,$F8,$00,$00,$0E,$1C,$38,$7C,$EE,$C6,$00,$00,$00
  8737 703B 00 FE FE 1C 1C 00 +             .byte $00,$FE,$FE,$1C,$1C,$00,$00,$38,$7C,$EE,$C6,$EE,$7C,$00,$00,$00
  8738 704B 00 38 7C EE C6 00 +             .byte $00,$38,$7C,$EE,$C6,$00,$00,$00,$00,$3E,$7E,$E6,$C6,$00,$00,$C0
  8739 705B C0 D8 DC CE C6 00 +             .byte $C0,$D8,$DC,$CE,$C6,$00,$00,$00,$00,$3E,$7E,$E0,$C0,$00,$00,$06
  8740 706B 06 36 76 E6 C6 00 +             .byte $06,$36,$76,$E6,$C6,$00,$00,$00,$00,$3E,$7E,$E6,$CC,$00,$00,$1E
  8741 707B 3E 70 60 60 7E 00 +             .byte $3E,$70,$60,$60,$7E,$00,$00,$00,$00,$3E,$7E,$E6,$C6,$00,$00,$C0
  8742 708B C0 F8 FC CE C6 00 +             .byte $C0,$F8,$FC,$CE,$C6,$00,$00,$18,$18,$00,$18,$18,$18,$00,$00,$06
  8743 709B 06 00 06 06 06 00 +             .byte $06,$00,$06,$06,$06,$00,$00,$C0,$C0,$C6,$CE,$FC,$F8,$00,$00,$18
  8744 70AB 18 18 18 18 18 00 +             .byte $18,$18,$18,$18,$18,$00,$00,$0C,$0C,$0C,$0C,$0C,$0C,$00,$00,$00
  8745 70BB 00 F8 FC CE C6 00 +             .byte $00,$F8,$FC,$CE,$C6,$00,$00,$00,$00,$38,$7C,$EE,$C6,$00,$00,$00
  8746 70CB 00 F8 FC CE C6 00 +             .byte $00,$F8,$FC,$CE,$C6,$00,$00,$00,$00,$3E,$7E,$E6,$C6,$00,$00,$00
  8747 70DB 00 1E 3E 70 60 00 +             .byte $00,$1E,$3E,$70,$60,$00,$00,$00,$00,$60,$60,$70,$38,$00,$00,$60
  8748 70EB 60 7E 7E 60 60 00 +             .byte $60,$7E,$7E,$60,$60,$00,$00,$00,$00,$C6,$C6,$C6,$C6,$00,$00,$00
  8749 70FB 00 D8 DC CE 66 00 +             .byte $00,$D8,$DC,$CE,$66,$00,$00,$00,$3C,$42,$9D,$A1,$A1,$00,$00,$00
  8750 710B 00 C7 EF 3C 18 00 +             .byte $00,$C7,$EF,$3C,$18,$00,$00,$00,$00,$D8,$DC,$CE,$66,$00,$00,$00
  8751 711B 00 FE FE 0E 38 00 +             .byte $00,$FE,$FE,$0E,$38,$00,$00,$70,$78,$1C,$0C,$1C,$78,$00,$00,$70
  8752 712B 70 70 70 70 70 00 +             .byte $70,$70,$70,$70,$70,$00,$00,$00,$00,$00,$00,$00,$00,$00,$00,$00
  8753 713B 00 00 00 00 00 66 +             .byte $00,$00,$00,$00,$00,$66,$66,$66,$66,$66,$66,$66,$66,$66,$66,$66
  8754 714B 66 66 66 66 66 66 +             .byte $66,$66,$66,$66,$66,$66,$66,$66,$66,$66,$66,$66,$66,$66,$66,$66
  8755 715B 66 66 66 66 66 66 +             .byte $66,$66,$66,$66,$66,$66,$66,$66,$66,$66,$66,$66,$66,$00,$00,$70
  8756 716B 70 30 60 00 00 00 +             .byte $70,$30,$60,$00,$00,$00,$00,$00,$00,$00,$00,$00,$F6,$00,$00,$00
  8757 717B 00 70 70 00 00 00 +             .byte $00,$70,$70,$00,$00,$00,$00,$00,$00,$00,$00,$00,$00,$7F,$78,$78
  8758 718B 78 78 78 7F 78 FF +             .byte $78,$78,$78,$7F,$78,$FF,$00,$00,$00,$00,$00,$FF,$00,$55,$55,$55
  8759 719B 55 55 55 55 55 FF +             .byte $55,$55,$55,$55,$55,$FF,$00,$00,$00,$06,$06,$FF,$06,$55,$55,$55
  8760 71AB 55 55 55 55 55 55 +             .byte $55,$55,$55,$55,$55,$55,$55,$55,$55,$55,$55,$55,$55,$F0,$30,$30
  8761 71BB 30 30 30 F0 30 55 +             .byte $30,$30,$30,$F0,$30,$55,$55,$55,$55,$55,$55,$55,$55,$55,$55,$55
  8762 71CB 55 55 55 55 55 00 +             .byte $55,$55,$55,$55,$55,$00,$00,$03,$07,$0E,$0C,$0C,$0C,$00,$00,$0F
  8763 71DB 0F 0C 0C 0D 0D 00 +             .byte $0F,$0C,$0C,$0D,$0D,$00,$00,$01,$03,$07,$0E,$0C,$0C,$00,$00,$0F
  8764 71EB 0F 0C 0C 0C 0C 00 +             .byte $0F,$0C,$0C,$0C,$0C,$00,$00,$03,$07,$0E,$0E,$07,$07,$00,$00,$01
  8765 71FB 03 07 0E 0C 0F 00 +             .byte $03,$07,$0E,$0C,$0F,$00,$00,$01,$03,$07,$0E,$0C,$0C,$00,$00,$0C
  8766 720B 0C 0C 0C 0D 0D 00 +             .byte $0C,$0C,$0C,$0D,$0D,$00,$00,$00,$00,$3E,$3F,$33,$31,$00,$00,$00
  8767 721B 00 00 00 00 00 00 +             .byte $00,$00,$00,$00,$00,$00,$00,$0C,$0C,$0C,$0C,$0F,$0F,$00,$00,$01
  8768 722B 01 01 01 01 01 00 +             .byte $01,$01,$01,$01,$01,$00,$00,$3E,$3F,$33,$31,$31,$31,$00,$00,$0F
  8769 723B 0F 0C 0C 0C 0C 00 +             .byte $0F,$0C,$0C,$0C,$0C,$00,$00,$01,$03,$07,$0E,$0C,$0C,$00,$00,$0F
  8770 724B 0F 0C 0C 0C 0C 00 +             .byte $0F,$0C,$0C,$0C,$0C,$00,$00,$01,$03,$07,$0E,$0C,$0C,$00,$00,$0F
  8771 725B 0F 0C 0C 0C 0C 00 +             .byte $0F,$0C,$0C,$0C,$0C,$00,$00,$00,$00,$00,$00,$00,$00,$00,$00,$0F
  8772 726B 0F 00 00 00 00 00 +             .byte $0F,$00,$00,$00,$00,$00,$00,$0C,$0C,$0C,$0C,$0C,$0C,$00,$00,$0C
  8773 727B 0C 0E 06 07 03 00 +             .byte $0C,$0E,$06,$07,$03,$00,$00,$1D,$3D,$71,$61,$61,$61,$00,$00,$0E
  8774 728B 0F 03 01 00 00 00 +             .byte $0F,$03,$01,$00,$00,$00,$00,$0C,$0C,$0E,$06,$07,$03,$00,$00,$0F
  8775 729B 0F 00 00 00 01 00 +             .byte $0F,$00,$00,$00,$01,$00,$00,$00,$00,$1D,$3D,$71,$61,$FF,$FF,$FF
  8776 72AB FF FF FF FF FF 55 +             .byte $FF,$FF,$FF,$FF,$FF,$55,$55,$55,$55,$55,$55,$55,$55,$55,$55,$55
  8777 72BB 55 55 55 55 55 3C +             .byte $55,$55,$55,$55,$55,$3C,$1E,$1F,$0F,$83,$C0,$F0,$FE,$00,$00,$00
  8778 72CB 00 00 FF 00 00 00 +             .byte $00,$00,$FF,$00,$00,$00,$00,$F0,$F8,$1C,$0C,$0C,$0C,$00,$00,$F0
  8779 72DB F8 1C 1C F8 F8 00 +             .byte $F8,$1C,$1C,$F8,$F8,$00,$00,$FC,$FC,$00,$00,$00,$00,$00,$00,$E0
  8780 72EB F0 38 1C 0C 0C 00 +             .byte $F0,$38,$1C,$0C,$0C,$00,$00,$FC,$FC,$00,$00,$FC,$FC,$00,$00,$FC
  8781 72FB FC 00 00 00 FC 00 +             .byte $FC,$00,$00,$00,$FC,$00,$00,$FC,$FC,$00
  8782 7305 0C 0C 0C 00 00 0C + L7305       .byte $0C,$0C,$0C,$00,$00,$0C,$0C,$0C,$0C,$FC,$FC,$00,$00,$00,$00,$70
  8783 7315 78 9C 8C 00 00 0C +             .byte $78,$9C,$8C,$00,$00,$0C,$0C,$0C,$0C,$0C,$0C,$00,$00,$0C,$0C,$1C
  8784 7325 38 F0 F0 00 00 80 +             .byte $38,$F0,$F0,$00,$00,$80,$80,$80,$80,$80,$80,$00,$00,$70,$78,$9C
  8785 7335 8C 8C 8C 00 00 F0 +             .byte $8C,$8C,$8C,$00,$00,$F0,$F8,$1C,$0C,$0C,$0C,$00,$00,$E0,$F0,$38
  8786 7345 1C 0C 0C 00 00 E0 +             .byte $1C,$0C,$0C,$00,$00,$E0,$F0,$38,$1C,$0C,$0C,$00,$00,$E0,$F0,$38
  8787 7355 1C 0C 0C 00 00 F0 +             .byte $1C,$0C,$0C,$00,$00,$F0,$F8,$1C,$0C,$0C,$1C,$00,$00,$C0,$C0,$E0
  8788 7365 70 38 1C 00 00 FC +             .byte $70,$38,$1C,$00,$00,$FC,$FC,$C0,$C0,$C0,$C0,$00,$00,$0C,$0C,$0C
  8789 7375 0C 0C 0C 00 00 F0 +             .byte $0C,$0C,$0C,$00,$00,$F0,$F8,$1C,$0C,$1C,$18,$00,$00,$B8,$BC,$8E
  8790 7385 86 86 86 00 00 1C +             .byte $86,$86,$86,$00,$00,$1C,$3C,$F0,$E0,$C0,$C0,$00,$00,$F0,$F8,$1C
  8791 7395 0C 1C 18 00 00 FC +             .byte $0C,$1C,$18,$00,$00,$FC,$FC,$38,$70,$E0,$C0,$00,$00,$00,$00,$B8
  8792 73A5 BC 8E 86 55 55 55 +             .byte $BC,$8E,$86,$55,$55,$55,$55,$55,$55,$55,$55,$55,$55,$55,$55,$55
  8793 73B5 55 55 55 55 55 55 +             .byte $55,$55,$55,$55,$55,$55,$55,$55,$55,$55,$55,$00,$00,$00,$C0,$F8
  8794 73C5 7F 00 00 55 55 55 +             .byte $7F,$00,$00,$55,$55,$55,$55,$55,$55,$55,$55,$00,$00,$00,$03,$0F
  8795 73D5 FE 00 00 3C 78 F8 +             .byte $FE,$00,$00,$3C,$78,$F8,$F0,$C1,$03,$0F,$7F,$3C,$3C,$3C,$3C,$3C
  8796 73E5 3C 3C 3C 55 55 55 +             .byte $3C,$3C,$3C,$55,$55,$55,$55,$55,$55,$55,$55,$55,$55,$55,$55,$55
  8797 73F5 55 55 55 00 00 00 +             .byte $55,$55,$55,$00,$00,$00,$00,$00,$E0,$E7,$0E,$C6,$EE,$7C,$38,$00
  8798 7405 00 00 00 0C 0C 0C +             .byte $00,$00,$00,$0C,$0C,$0C,$0C,$00,$00,$00,$00,$0E,$1C
  8799 7412 38 70 FE FE 00 00 + L7412       .byte $38,$70,$FE,$FE,$00,$00,$FC,$0E,$06,$0E,$FC,$F8,$00,$00,$70,$E0
  8800 7422 FE FE 06 06 00 00 +             .byte $FE,$FE,$06,$06,$00,$00,$FC,$0E,$06,$0E,$FC,$F8,$00,$00,$C6,$EE
  8801 7432 7C 38 00 00 00 00 +             .byte $7C,$38,$00,$00,$00,$00,$38,$38,$70,$70,$E0,$E0,$00,$00,$7C,$EE
  8802 7442 C6 EE 7C 38 00 00 +             .byte $C6,$EE,$7C,$38,$00,$00,$C6,$EE,$7C,$38,$70,$E0,$00,$00,$C6,$E6
  8803 7452 76 36 00 00 00 00 +             .byte $76,$36,$00,$00,$00,$00,$C6,$CE,$FC,$F8,$00,$00,$00,$00,$C0,$E0
  8804 7462 7E 3E 00 00 00 00 +             .byte $7E,$3E,$00,$00,$00,$00,$C6,$E6,$7E,$3E,$00,$00,$00,$00,$D8,$E0
  8805 7472 7E 3E 00 00 00 00 +             .byte $7E,$3E,$00,$00,$00,$00,$7E,$60,$60,$60,$00,$00,$00,$00,$E6,$76
  8806 7482 36 06 3E 3C 00 00 +             .byte $36,$06,$3E,$3C,$00,$00,$C6,$C6,$C6,$C6,$00,$00,$00,$00,$18,$18
  8807 7492 18 18 00 00 00 00 +             .byte $18,$18,$00,$00,$00,$00,$06,$06,$06,$0E,$7C,$78,$00,$00,$DC,$CE
  8808 74A2 C6 C6 00 00 00 00 +             .byte $C6,$C6,$00,$00,$00,$00,$18,$18,$18,$18,$00,$00,$00,$00,$0C,$0C
  8809 74B2 0C 0C 00 00 00 00 +             .byte $0C,$0C,$00,$00,$00,$00,$C6,$C6,$C6,$C6,$00,$00,$00,$00,$C6,$EE
  8810 74C2 7C 38 00 00 00 00 +             .byte $7C,$38,$00,$00,$00,$00,$C6,$CE,$DC,$D8,$C0,$C0,$00,$00,$C6,$E6
  8811 74D2 76 36 06 06 00 00 +             .byte $76,$36,$06,$06,$00,$00,$60,$60,$60,$60,$00,$00,$00,$00,$1C,$0E
  8812 74E2 06 0E 7C 78 00 00 +             .byte $06,$0E,$7C,$78,$00,$00,$60,$70,$3E,$1E,$00,$00,$00,$00,$C6,$E6
  8813 74F2 7E 3E 00 00 00 00 +             .byte $7E,$3E,$00,$00,$00,$00,$66,$6E,$3C,$38,$00,$00,$00,$00,$9D,$42
  8814 7502 3C 00 00 00 00 00 +             .byte $3C,$00,$00,$00,$00,$00,$18,$3C,$EF,$C7,$00,$00,$00,$00,$66,$6E
  8815 7512 3C 38 70 E0 00 00 +             .byte $3C,$38,$70,$E0,$00,$00,$38,$E0,$FE,$FE,$00,$00,$00,$00,$70,$00
  8816 7522 70 70 00 00 00 00 +             .byte $70,$70,$00,$00,$00,$00,$70,$00,$70,$70,$00,$00,$00,$00,$00,$00
  8817 7532 70 70 00 00 00 00 +             .byte $70,$70,$00,$00,$00,$00,$00,$00,$70,$70,$30,$60,$00,$00,$55,$55
  8818 7542 55 55 55 55 55 55 +             .byte $55,$55,$55,$55,$55,$55,$55,$55,$55,$55,$55,$55,$55,$55,$55,$55
  8819 7552 55 55 55 55 55 55 +             .byte $55,$55,$55,$55,$55,$55,$55,$55,$55,$55,$55,$55,$55,$55,$55,$55
  8820 7562 55 55 55 55 55 55 +             .byte $55,$55,$55,$55,$55,$55,$00,$00,$00,$00,$00,$00,$00,$00,$FE,$DE
  8821 7572 00 00 00 00 00 00 +             .byte $00,$00,$00,$00,$00,$00,$00,$00,$70,$70,$00,$00,$00,$00,$00,$00
  8822 7582 00 00 00 00 00 00 +             .byte $00,$00,$00,$00,$00,$00,$78,$78,$78,$7C,$7C,$7C,$7C,$00,$FC,$CC
  8823 7592 0C FE CE CE FE 00 +             .byte $0C,$FE,$CE,$CE,$FE,$00,$DE,$F6,$60,$70,$70,$70,$70,$00,$FE,$C6
  8824 75A2 C6 E7 E7 E7 FF 00 +             .byte $C6,$E7,$E7,$E7,$FF,$00,$FE,$C6,$C6,$E7,$E7,$E7,$FF,$00,$67,$06
  8825 75B2 66 77 77 77 77 00 +             .byte $66,$77,$77,$77,$77,$00,$F0,$30,$30,$38,$38,$38,$FB,$00,$55,$55
  8826 75C2 55 55 55 55 55 55 +             .byte $55,$55,$55,$55,$55,$55,$55,$55,$55,$55,$55,$55,$55,$55,$0F,$0F
  8827 75D2 00 00 00 00 00 00 +             .byte $00,$00,$00,$00,$00,$00,$0C,$0C,$0C,$0C,$03,$03,$00,$00,$0E,$07
  8828 75E2 03 01 00 00 00 00 +             .byte $03,$01,$00,$00,$00,$00,$0C,$0C,$0D,$0D,$00,$00,$00,$00,$0E,$0C
  8829 75F2 0C 0E 07 03 00 00 +             .byte $0C,$0E,$07,$03,$00,$00,$0F,$0C,$0C,$0C,$0C,$0C,$00,$00,$0E,$07
  8830 7602 03 01 00 00 00 00 +             .byte $03,$01,$00,$00,$00,$00,$0C,$0C,$0C,$0C,$00,$00,$00,$00,$31,$31
  8831 7612 31 31 00 00 00 00 +             .byte $31,$31,$00,$00,$00,$00,$00,$00,$01,$01,$00,$00,$00,$00,$0C,$0C
  8832 7622 0C 0C 00 00 00 00 +             .byte $0C,$0C,$00,$00,$00,$00,$01,$01,$01,$01,$00,$00,$00,$00,$31,$31
  8833 7632 31 31 00 00 00 00 +             .byte $31,$31,$00,$00,$00,$00,$0C,$0C,$0C,$0C,$00,$00,$00,$00,$0E,$07
  8834 7642 03 01 00 00 00 00 +             .byte $03,$01,$00,$00,$00,$00,$0C,$0C,$0D,$0D,$0C,$0C,$00,$00,$0E,$07
  8835 7652 03 01 00 00 00 00 +             .byte $03,$01,$00,$00,$00,$00,$0D,$0D,$0C,$0C,$00,$00,$00,$00,$00,$00
  8836 7662 01 01 00 00 00 00 +             .byte $01,$01,$00,$00,$00,$00,$00,$00,$00,$00,$00,$00,$00,$00,$0C,$0E
  8837 7672 07 03 00 00 00 00 +             .byte $07,$03,$00,$00,$00,$00,$03,$01,$01,$00,$00,$00,$00,$00,$61,$73
  8838 7682 7F 1E 00 00 00 00 +             .byte $7F,$1E,$00,$00,$00,$00,$01,$03,$0F,$0E,$00,$00,$00,$00,$03,$01
  8839 7692 01 00 00 00 00 00 +             .byte $01,$00,$00,$00,$00,$00,$03,$07,$0F,$0F,$00,$00,$00,$00,$61,$73
  8840 76A2 3F 1E 00 00 00 00 +             .byte $3F,$1E,$00,$00,$00,$00,$FE,$F0,$C0,$83,$0F,$1F,$1E,$3C,$00,$00
  8841 76B2 FF 00 00 00 00 00 +             .byte $FF,$00,$00,$00,$00,$00,$00,$00,$FE,$1F,$03,$00,$00,$00,$55,$55
  8842 76C2 55 55 55 55 55 55 +             .byte $55,$55,$55,$55,$55,$55,$55,$55,$55,$55,$55,$55,$55,$55,$EC,$EC
  8843 76D2 0C 0C 0C 0C 00 00 +             .byte $0C,$0C,$0C,$0C,$00,$00,$1C,$0C,$0C,$1C,$F8,$F0,$00,$00,$00,$00
  8844 76E2 FC FC 00 00 00 00 +             .byte $FC,$FC,$00,$00,$00,$00,$1C,$38,$F0,$E0,$00,$00,$00,$00,$00,$00
  8845 76F2 00 00 FC FC 00 00 +             .byte $00,$00,$FC,$FC,$00,$00,$FC,$00,$00,$00,$00,$00,$00,$00,$0C,$0C
  8846 7702 FC FC 00 00 00 00 +             .byte $FC,$FC,$00,$00,$00,$00,$0C,$0C,$0C,$0C,$0C
  8847 770D 0C 00 00 8C 8C 8C + L770D       .byte $0C,$00,$00,$8C,$8C,$8C,$8C,$00,$00,$00,$00,$0C,$1C,$F8,$F0,$00
  8848 771D 00 00 00 38 1C 0C +             .byte $00,$00,$00,$38,$1C,$0C,$0C,$0C,$0C,$00,$00,$80,$80,$FC,$FC,$00
  8849 772D 00 00 00 8C 8C 8C +             .byte $00,$00,$00,$8C,$8C,$8C,$8C,$00,$00,$00,$00,$0C,$0C,$0C,$0C,$00
  8850 773D 00 00 00 1C 38 F0 +             .byte $00,$00,$00,$1C,$38,$F0,$E0,$00,$00,$00,$00,$1C,$38,$F0,$E0,$00
  8851 774D 00 00 00 1C 38 F0 +             .byte $00,$00,$00,$1C,$38,$F0,$F0,$18,$00,$00,$00,$F8,$F8,$1C,$0C,$0C
  8852 775D 0C 00 00 0C 1C F8 +             .byte $0C,$00,$00,$0C,$1C,$F8,$F0,$00,$00,$00,$00,$C0,$C0,$C0,$C0,$00
  8853 776D 00 00 00 0C 0C FC +             .byte $00,$00,$00,$0C,$0C,$FC,$FC,$00,$00,$00,$00,$B8,$B0,$F0,$E0,$00
  8854 777D 00 00 00 86 CE FC +             .byte $00,$00,$00,$86,$CE,$FC,$78,$00,$00,$00,$00,$E0,$F0,$3C,$1C,$00
  8855 778D 00 00 00 B8 B0 F0 +             .byte $00,$00,$00,$B8,$B0,$F0,$E0,$60,$C0,$00,$00,$80,$00,$FC,$FC,$00
  8856 779D 00 00 00 86 CE FC +             .byte $00,$00,$00,$86,$CE,$FC,$78,$00,$00,$00,$00,$00,$00,$7F,$F8,$C0
  8857 77AD 00 00 00 55 55 55 +             .byte $00,$00,$00,$55,$55,$55,$55,$55,$55,$55,$55,$7F,$0F,$03,$C1,$F0
  8858 77BD F8 78 3C		            .byte $F8,$78,$3C
  8859 77C0 7E FF E7 42 00 00 + L77C0       .byte $7E,$FF,$E7,$42,$00,$00,$00,$00,$00,$00,$00,$00,$42,$E7,$FF,$7E
  8860 77D0 60 F0 E0 C0 C0 E0 +             .byte $60,$F0,$E0,$C0,$C0,$E0,$F0,$60,$06,$0F,$07,$03,$03,$07,$0F,$06
  8861 77E0 55 55 55 55 55 55 +             .byte $55,$55,$55,$55,$55,$55,$55,$55,$55,$55,$55,$55,$55,$55,$55,$55
  8862 77F0 55 55 55 55 55 55 +             .byte $55,$55,$55,$55,$55,$55,$55,$55,$1C,$38,$70,$E7,$07,$00,$00,$00
  8863 7800 00 00 00 00 00 00 + L7800       .byte $00,$00,$00,$00,$00,$00,$00,$00,$3C,$18,$18,$18,$18,$18,$18,$3C
  8864 7810 00 00 81 FF FF 81 +             .byte $00,$00,$81,$FF,$FF,$81,$00,$00,$7E,$C3,$B1,$B1,$B1,$BD,$C3,$7E
  8865 7820 00 FF FF FF FF FF +             .byte $00,$FF,$FF,$FF,$FF,$FF,$FF,$00,$7E,$7E,$7E,$7E,$7E,$7E,$7E,$7E
  8866 7830 00 FC FE FE FE FE +             .byte $00,$FC,$FE,$FE,$FE,$FE,$FE,$7E,$00,$3F,$7F,$7F,$7F,$7F,$7F,$7E
  8867 7840 7E 7F 7F 7F 7F 7F +             .byte $7E,$7F,$7F,$7F,$7F,$7F,$3F,$00,$7E,$FE,$FE,$FE,$FE,$FE,$FC,$00
  8868 7850 7E FF FF FF FF FF +             .byte $7E,$FF,$FF,$FF,$FF,$FF,$FF,$00,$7E,$FE,$FE,$FE,$FE,$FE,$FE,$7E
  8869 7860 00 FF FF FF FF FF +             .byte $00,$FF,$FF,$FF,$FF,$FF,$FF,$7E,$7E,$7F,$7F,$7F,$7F,$7F,$7F,$7E
  8870 7870 7E FF FF FF FF FF +             .byte $7E,$FF,$FF,$FF,$FF,$FF,$FF,$7E,$00,$7E,$7E,$7E,$7E,$7E,$7E,$00
  8871 7880 00 00 00 00 00 00 + L7880       .byte $00,$00,$00,$00,$00,$00,$00,$00
  8872 7888 00			L7888       .byte $00
  8873 7889 24			L7889       .byte $24
  8874 788A 6E			L788A       .byte $6E
  8875 788B 46			L788B       .byte $46
  8876 788C 62			L788C       .byte $62
  8877 788D 76			L788D       .byte $76
  8878 788E 24			L788E       .byte $24
  8879 788F 00 FF 80 80 80 80 + L788F       .byte $00,$FF,$80,$80,$80,$80,$80,$80,$80,$00,$00,$00,$00,$00,$00,$00
  8880 789F 00			            .byte $00
  8881 78A0 00			L78A0       .byte $00
  8882 78A1 24			L78A1       .byte $24
  8883 78A2 76			L78A2       .byte $76
  8884 78A3 62			L78A3       .byte $62
  8885 78A4 46			L78A4       .byte $46
  8886 78A5 6E			L78A5       .byte $6E
  8887 78A6 24			L78A6       .byte $24
  8888 78A7 00 FF 81 81 81 81 + L78A7       .byte $00,$FF,$81,$81,$81,$81,$81,$81,$FF,$00,$3C,$7E,$7E,$7E,$7E,$3C
  8889 78B7 00 7E FF FF FF FF +             .byte $00,$7E,$FF,$FF,$FF,$FF,$FF,$81,$00,$FF,$81,$81,$99,$99,$81,$81
  8890 78C7 FF FF 99 99 FF FF +             .byte $FF,$FF,$99,$99,$FF,$FF,$99,$99,$FF,$00,$01,$03,$07,$0F,$1F,$3F
  8891 78D7 7F 00 80 C0 E0 F0 +             .byte $7F,$00,$80,$C0,$E0,$F0,$F8,$FC,$FE,$FF,$81,$81,$81,$81,$81,$81
  8892 78E7 FF FF 81 81 81 81 +             .byte $FF,$FF,$81,$81,$81,$81,$81,$81,$FF,$FF,$81,$99,$BD,$BD,$99,$81
  8893 78F7 FF 00 00 00 00 00 +             .byte $FF,$00,$00,$00,$00,$00,$00,$00,$00,$18,$18,$38,$F0,$E0,$00,$00
  8894 7907 00 00 00 08 03 01 +             .byte $00,$00,$00,$08,$03,$01,$00,$00,$00,$00,$00,$00,$07,$0F,$1C,$18
  8895 7917 18 00 00 00 80 C0 +             .byte $18,$00,$00,$00,$80,$C0,$10,$00,$00,$00,$00,$00,$07,$0F,$1C,$18
  8896 7927 18 00 00 00 80 C0 +             .byte $18,$00,$00,$00,$80,$C0,$10,$00,$00
  8897 7930 18 18 38 F0 E0 00 + L7930       .byte $18,$18,$38,$F0,$E0,$00,$00,$00,$00,$00,$08,$03,$01,$00,$00,$00
  8898 7940 99 99 99 99 99 99 +             .byte $99,$99,$99,$99,$99,$99,$99,$99,$99,$99,$99,$99,$99,$99,$99,$99
  8899 7950 99 99 99 99 99 99 +             .byte $99,$99,$99,$99,$99,$99,$99,$99,$99,$99,$99,$99,$99,$99,$99,$99
  8900 7960 3C FF 00 DB DB 00 +             .byte $3C,$FF,$00,$DB,$DB,$00,$FF,$3C,$00,$00,$00,$00,$00,$00,$00,$00
  8901 7970 00 00 00 00 00 00 +             .byte $00,$00,$00,$00,$00,$00,$00,$00,$00,$00,$00,$00,$00,$00,$00,$00
  8902 7980 18 18 18 18 18 18 +             .byte $18,$18,$18,$18,$18,$18,$18,$18,$00,$00,$00,$FF,$FF,$00,$00,$00
  8903 7990 18 18 18 18 18 18 +             .byte $18,$18,$18,$18,$18,$18,$18,$18,$00,$00,$00,$FF,$FF,$00,$00,$00
  8904 79A0 00 00 03 0C 10 10 +             .byte $00,$00,$03,$0C,$10,$10,$20,$20,$00,$00,$C0,$20,$00,$08,$00,$C0
  8905 79B0 03 00 10 00 04 03 +             .byte $03,$00,$10,$00,$04,$03,$00,$00,$04,$04,$08,$08,$30,$C0,$00,$00
  8906 79C0 0E 3E 76 66 CE FE +             .byte $0E,$3E,$76,$66,$CE,$FE,$FE,$00,$70,$7C,$6E,$66,$73,$7F,$7F,$00
  8907 79D0 00 FE FE CE 66 76 +             .byte $00,$FE,$FE,$CE,$66,$76,$3E,$0E,$00,$7F,$7F,$73,$66,$6E,$7C,$70
  8908 79E0 FF 80 80 80 80 80 +             .byte $FF,$80,$80,$80,$80,$80,$80,$80,$FF,$01,$01,$01,$01,$01,$01,$01
  8909 79F0 01 01 01 01 01 01 +             .byte $01,$01,$01,$01,$01,$01,$01,$FF,$80,$80,$80,$80,$80,$80,$80,$FF
  8910 7A00 8C 00 40 01 37 3F +             .byte $8C,$00,$40,$01,$37,$3F,$1C,$00,$40,$1F,$00,$FF,$FF,$00,$00,$00
  8911 7A10 03 FC 00 FF FF 00 +             .byte $03,$FC,$00,$FF,$FF,$00,$00,$00,$31,$03,$06,$8E
  8912 7A1C FC FC 38 00 00 1C + L7A1C       .byte $FC,$FC,$38,$00,$00,$1C,$3F,$37,$61,$60,$C0,$8C,$00,$00,$00,$FF
  8913 7A2C FF 00 3F C0 00 00 +             .byte $FF,$00,$3F,$C0,$00,$00,$00,$FF,$FF,$00,$FC,$01,$00,$38,$FC,$EC
  8914 7A3C 80 02 00 31 C0 70 +             .byte $80,$02,$00,$31,$C0,$70,$3C,$0F,$83,$87,$0E,$0C,$8C,$CC,$CC,$CC
  8915 7A4C CC CC CC CC CC CC +             .byte $CC,$CC,$CC,$CC,$CC,$CC,$CC,$CC,$CC,$CC,$CC,$8C,$0C,$0E,$87,$83
  8916 7A5C 07 0C 30 C0 03 0C +             .byte $07,$0C,$30,$C0,$03,$0C,$30,$E0,$C1,$E1,$70,$70,$31,$33,$33,$33
  8917 7A6C 33 33 33 33 33 33 +             .byte $33,$33,$33,$33,$33,$33,$33,$33,$33,$33,$33,$31,$70,$70,$E1,$C1
  8918 7A7C C0 30 08 01 00 00 +             .byte $C0,$30,$08,$01,$00,$00,$00,$00,$00,$00,$00,$00,$00,$00,$00,$00
  8919 7A8C 00 00 00 00 00 00 +             .byte $00,$00,$00,$00,$00,$00,$00,$00,$00,$00,$00,$00
  8920 7A98 00 00 00 00 00 00 + L7A98       .byte $00,$00,$00,$00,$00,$00,$00,$00,$10,$18,$30,$60,$40,$00,$60,$70
  8921 7AA8 18 18 0C 0E 1E 30 +             .byte $18,$18,$0C,$0E,$1E,$30,$66,$CE
  8922 7AB0 70 60 00 40 60 30 + L7AB0       .byte $70,$60,$00,$40,$60,$30,$18,$18,$CE,$66,$30,$1E,$0E,$0C,$18,$08
  8923 7AC0 00 33 73 C1 00 00 +             .byte $00,$33,$73,$C1,$00,$00,$00,$00,$01,$03,$06,$8C,$F9,$73,$33,$00
  8924 7AD0 00 CC CE 83 01 00 +             .byte $00,$CC,$CE,$83,$01,$00,$00,$00,$80,$C0,$60,$30,$9F,$CE,$CC,$00
  8925 7AE0 01 07 0F 1E 1C 18 +             .byte $01,$07,$0F,$1E,$1C,$18,$18,$18,$FF,$FF,$FF,$00,$00,$00,$00,$00
  8926 7AF0 40 30 18 18 18 18 +             .byte $40,$30,$18,$18,$18,$18,$18,$18,$18,$18,$18,$18,$18,$18,$18,$18
  8927 7B00 00 00 00 00 00 00 +             .byte $00,$00,$00,$00,$00,$00,$00,$00,$18,$18,$18,$18,$18,$08,$00,$08
  8928 7B10 00 00 FF 00 00 00 +             .byte $00,$00,$FF,$00,$00,$00,$00,$00,$00,$00,$00,$00,$00,$FF,$00,$00
  8929 7B20 00 3C 7E 7E 7E 7E +             .byte $00,$3C,$7E,$7E,$7E,$7E,$3C,$00,$00,$00,$00,$18,$18,$00,$00,$00
  8930 7B30 00 00 18 3C 3C 18 +             .byte $00,$00,$18,$3C,$3C,$18,$00,$00,$00,$00,$38,$7C,$7C,$7C,$38,$00
  8931 7B40 20 20 20 20 20 20 +             .byte $20,$20,$20,$20,$20,$20,$20,$20,$20,$20,$20,$20,$20,$20,$20,$23
  8932 7B50 C4 04 04 04 04 04 +             .byte $C4,$04,$04,$04,$04,$04,$04,$04,$04,$04,$04,$04,$04,$04,$04,$04
  8933 7B60 00 00 07 08 10 20 +             .byte $00,$00,$07,$08,$10,$20,$20,$26,$00,$00,$E0,$10,$08,$04,$00,$60
  8934 7B70 06 00 20 10 08 07 +             .byte $06,$00,$20,$10,$08,$07,$00,$00,$64,$04,$04,$08,$10,$E0,$00,$00
  8935 7B80 07 18 23 4C 50 90 +             .byte $07,$18,$23,$4C,$50,$90,$A0,$A0,$E0,$18,$C4,$32,$08
  8936 7B8D 01 04 00 00 20 80 + L7B8D       .byte $01,$04,$00,$00,$20,$80,$10,$4C,$23,$18,$07,$05,$05,$09,$0A,$32
  8937 7B9D C4 18 E0 10 00 10 +             .byte $C4,$18,$E0,$10,$00,$10,$18,$18,$18,$18,$18,$18,$18,$18,$18,$18
  8938 7BAD 08 00 08 01 03 07 +             .byte $08,$00,$08,$01,$03,$07,$0E,$1C,$18,$18,$18,$80,$C0,$E0,$70,$38
  8939 7BBD 18 18 18 7F C6 92 +             .byte $18,$18,$18,$7F,$C6,$92,$92,$82,$92,$92,$FF,$FF,$70,$73,$73,$70
  8940 7BCD 73 10 FF FF 86 93 +             .byte $73,$10,$FF,$FF,$86,$93,$93,$87,$93,$93,$FF,$FE,$07,$9F,$9F,$9F
  8941 7BDD 99 99 FF 10 00 10 +             .byte $99,$99,$FF,$10,$00,$10,$18,$18,$18,$18,$18,$18,$18,$18,$18,$18
  8942 7BED 08 00 08 00 00 00 +             .byte $08,$00,$08,$00,$00,$00,$00,$00,$00,$00,$00,$00,$00,$00,$00,$00
  8943 7BFD 00 00 00 55 40 40	            .byte $00,$00,$00,$55,$40,$40
  8944 7C03 40 40 40 40 AA 55 + L7C03       .byte $40,$40,$40,$40,$AA,$55,$00,$00,$00,$00,$00,$00,$AA,$55,$02,$02
  8945 7C13 02 02 02 02 AA 55 +             .byte $02,$02,$02,$02,$AA,$55,$40,$40,$40,$40,$40,$40,$40,$55,$00,$00
  8946 7C23 00 00 00 00 00 55 +             .byte $00,$00,$00,$00,$00,$55,$02,$02,$02,$02,$02,$02,$02,$40,$40,$40
  8947 7C33 40 40 40 40 40 00 +             .byte $40,$40,$40,$40,$40,$00,$00,$00,$00,$00,$00,$00,$00,$02,$02,$02
  8948 7C43 02 02 02 02 02 40 +             .byte $02,$02,$02,$02,$02,$40,$40,$40,$40,$40,$40,$40,$AA,$00,$00,$00
  8949 7C53 00 00 00 00 AA 02 +             .byte $00,$00,$00,$00,$AA,$02,$02,$02,$02,$02,$02,$02,$AA,$00,$40,$10
  8950 7C63 20 08 02 02 AA 56 +             .byte $20,$08,$02,$02,$AA,$56,$42,$42,$7E,$7E,$42,$42,$7E,$7E,$42,$42
  8951 7C73 7E 7E 42 42 7E 7E +             .byte $7E,$7E,$42,$42,$7E,$7E,$42,$42,$7E,$7E,$42,$42,$AA,$55,$7F,$7F
  8952 7C83 7F 7F 7F 7F AA 55 +             .byte $7F,$7F,$7F,$7F,$AA,$55,$FF,$FF,$FF,$FF,$FF,$FF,$AA,$55,$FE,$FE
  8953 7C93 FE FE FE FE AA 55 +             .byte $FE,$FE,$FE,$FE,$AA,$55,$7F,$7F,$7F,$7F,$7F,$7F,$7F,$55,$FF,$FF
  8954 7CA3 FF FF FF FF FF 55 +             .byte $FF,$FF,$FF,$FF,$FF,$55,$FE,$FE,$FE,$FE,$FE,$FE,$FE,$7F,$7F,$7F
  8955 7CB3 7F 7F 7F 7F 7F FF +             .byte $7F,$7F,$7F,$7F,$7F,$FF,$FF,$FF,$FF,$FF,$FF,$FF,$FF,$FE,$FE,$FE
  8956 7CC3 FE FE FE FE FE 7F +             .byte $FE,$FE,$FE,$FE,$FE,$7F,$7F,$7F,$7F,$7F,$7F,$7F,$AA,$FF,$FF,$FF
  8957 7CD3 FF FF FF FF AA FE +             .byte $FF,$FF,$FF,$FF,$AA,$FE,$FE,$FE,$FE,$FE,$FE,$FE,$AA,$00,$40,$D0
  8958 7CE3 E0 F8 FE FE AA AA +             .byte $E0,$F8,$FE,$FE,$AA,$AA,$AA,$AA,$AA,$AA,$AA,$AA,$AA
  8959 7CF0 00 00 00 00 00 00 + L7CF0       .byte $00,$00,$00,$00,$00,$00,$00,$00,$00,$00,$00,$00,$00,$00,$00,$00
  8960 7D00 00 3F 7F 60 60 60 +             .byte $00,$3F,$7F,$60,$60,$60,$60,$40,$00,$F0,$F8,$04,$00,$00,$00,$00
  8961 7D10 00 00 00 00 20 1F +             .byte $00,$00,$00,$00,$20,$1F,$0F,$00,$04,$06,$06,$06,$06,$FE,$FC,$00
  8962 7D20 00 1F 3F 70 60 60 +             .byte $00,$1F,$3F,$70,$60,$60,$60,$61,$00,$FF,$FF,$00,$00,$00,$00,$FF
  8963 7D30 00 F8 FC 00 02 00 + L7D30       .byte $00,$F8,$FC,$00,$02,$00,$00,$00,$63,$63,$63,$63,$63,$63,$63,$21
  8964 7D40 84 C6 C6 C6 C6 C6 +             .byte $84,$C6,$C6,$C6,$C6,$C6,$C6,$C6,$01,$40,$00,$00,$60,$3F,$1F,$00
  8965 7D50 FF 00 00 00		            .byte $FF,$00,$00,$00
  8966 7D54 00 FF FF 00 86 06 + L7D54       .byte $00,$FF,$FF,$00,$86,$06,$06,$06,$0E,$FC,$F8,$00,$18,$18,$18,$18
  8967 7D64 18 18 18 18 18 18 +             .byte $18,$18,$18,$18,$18,$18,$18,$18,$18,$08,$00,$08,$10,$00,$10,$18
  8968 7D74 18 18 18 18 18 18 +             .byte $18,$18,$18,$18,$18,$18,$18,$18,$18,$18,$18,$18,$00,$00,$00,$FF
  8969 7D84 FF 00 00 66 66 00 +             .byte $FF,$00,$00,$66,$66,$00,$00,$FF,$FF,$00,$00,$00,$66,$00,$00,$00
  8970 7D94 00 00 18 24 24 18 +             .byte $00,$00,$18,$24,$24,$18,$00,$00,$00,$00,$00,$66,$66,$00,$00,$00
  8971 7DA4 00 00 00 FF FF 00 +             .byte $00,$00,$00,$FF,$FF,$00,$00,$00,$00,$00,$00,$66,$01,$03,$07,$0E
  8972 7DB4 1C 38 70 E0 C0 80 +             .byte $1C,$38,$70,$E0,$C0,$80,$00,$00,$00,$00,$00,$00,$00,$00,$00,$0F
  8973 7DC4 1F 38 70 E0 00 01 +             .byte $1F,$38,$70,$E0,$00,$01,$1F,$FF,$F0,$00,$00,$00,$00,$FF,$FF,$00
  8974 7DD4 00 00 00 FF 00 80 +             .byte $00,$00,$00,$FF,$00,$80,$F8,$FF,$0F,$00,$00,$00,$00,$00,$00,$40
  8975 7DE4 18 0C 0E 07 80 C0 +             .byte $18,$0C,$0E,$07,$80,$C0,$E0,$70,$38,$1C,$0E,$07,$03,$01,$00,$00
  8976 7DF4 00 00 00 00 00 00 +             .byte $00,$00,$00,$00,$00,$00,$00,$00,$00,$00,$00,$00,$00,$03,$07,$0E
  8977 7E04 1C 38 60 8C 00 FF +             .byte $1C,$38,$60,$8C,$00,$FF,$FF,$00,$00,$3F,$40,$80,$00,$FF,$FF,$00
  8978 7E14 00 F8 02 00 00 C0 +             .byte $00,$F8,$02,$00,$00,$C0,$E0,$70,$38,$0C,$00,$31,$8C,$00,$20,$18
  8979 7E24 0E 07 03 00 80 40 +             .byte $0E,$07,$03,$00,$80,$40,$3F,$00,$00,$FF,$FF,$00,$01,$02,$FC,$00
  8980 7E34 00 FF FF 00 31 06 +             .byte $00,$FF,$FF,$00,$31,$06,$1C,$38,$70,$E0,$C0,$00,$01,$02,$06,$0C
  8981 7E44 1D 39 70 E0 C3 C6 +             .byte $1D,$39,$70,$E0,$C3,$C6,$CC,$CC,$CC,$CC,$CC,$CC,$CC,$CC,$CC,$CC
  8982 7E54 CC CC C6 C3 E0 70 +             .byte $CC,$CC,$C6,$C3,$E0,$70,$31,$19,$0C,$04,$00,$01,$80,$00,$20,$30
  8983 7E64 98 9C 0E 07 C3 E3 +             .byte $98,$9C,$0E,$07,$C3,$E3,$73,$33,$33,$33,$33,$33,$33,$33,$33,$33
  8984 7E74 33 73 E3 C3 07 0E +             .byte $33,$73,$E3,$C3,$07,$0E,$9C,$B8,$30,$60,$C0,$80,$00,$00,$00,$FF
  8985 7E84 FF 00 00 FF FF 00 +             .byte $FF,$00,$00,$FF,$FF,$00,$00,$FF,$FF,$00,$00,$00,$31,$31,$31,$31
  8986 7E94 31 31 31 31 8C 8C +             .byte $31,$31,$31,$31,$8C,$8C,$8C,$8C,$8C,$8C,$8C,$8C,$10,$18,$30,$7F
  8987 7EA4 7F 00 60 73 18 18 +             .byte $7F,$00,$60,$73,$18,$18,$0C,$FE,$FE,$00,$06,$CE,$73,$60,$00,$7F
  8988 7EB4 7F 30 18 18 CE 06 +             .byte $7F,$30,$18,$18,$CE,$06,$00,$FE,$FE,$0C,$18,$08,$00,$33,$73,$F1
  8989 7EC4 30 30 31 31 31 31 +             .byte $30,$30,$31,$31,$31,$31,$30,$B0,$F1,$73,$33,$00,$00,$CC,$CE,$8F
  8990 7ED4 0D 0C 8C 8C 8C 8C +             .byte $0D,$0C,$8C,$8C,$8C,$8C,$0C,$0C,$8F,$CE,$CC,$00,$00,$00,$00,$00
  8991 7EE4 00 00 00 00 FF 00 +             .byte $00,$00,$00,$00,$FF,$00,$00,$00,$00,$00,$00,$00,$00,$00,$00,$00
  8992 7EF4 00 00 00 00 00 00 +             .byte $00,$00,$00,$00,$00,$00,$00,$07,$0F,$1C,$18,$18,$00,$00,$00
  8993 7F03 FF FF 00 00 00 00 + L7F03       .byte $FF,$FF,$00,$00,$00,$00,$00,$00,$C0,$E0,$08,$00,$00,$00,$7C,$C6
  8994 7F13 FE C6 C6 E6		            .byte $FE,$C6,$C6,$E6
  8995 7F17 00 00 FC C6 FC	L7F17       .byte $00,$00,$FC,$C6,$FC
  8996 7F1C C6 C6 FC 00 00 FC + L7F1C       .byte $C6,$C6,$FC,$00,$00,$FC,$C6,$C6,$C6,$C6,$FC,$00,$00,$FE,$C2,$F0
  8997 7F2C C0 C2 FE 00		            .byte $C0,$C2,$FE,$00
  8998 7F30 00 CC D8 F0 D8 CC + L7F30       .byte $00,$CC,$D8,$F0,$D8,$CC,$E6,$00,$00,$C6,$E6,$F6,$DE,$CE,$E6,$00
  8999 7F40 00 7C C6 C6 C6 C6 +             .byte $00,$7C,$C6,$C6,$C6,$C6,$7C,$00,$00,$FC,$C6,$FC,$D8,$CC,$E6,$00
  9000 7F50 00 E7 C3 DB FF E7 +             .byte $00,$E7,$C3,$DB,$FF,$E7,$C3,$00,$00,$66,$66,$7E,$18,$18,$18,$00
  9001 7F60 00 08 7D FF FF CF + L7F60       .byte $00,$08,$7D,$FF,$FF,$CF,$04,$00
  9002 7F68 00 03 8F FF FF 31 + L7F68       .byte $00,$03,$8F,$FF,$FF,$31,$00,$00
  9003 7F70 38 FE FF FF FF F9 + L7F70       .byte $38,$FE,$FF,$FF,$FF,$F9,$60,$00
  9004 7F78 00 26 7F FF FF 9C + L7F78       .byte $00,$26,$7F,$FF,$FF,$9C,$00,$00,$00,$00,$00,$00,$00,$28,$AA,$AA
  9005 7F88 AA AA 28 00 00 00 +             .byte $AA,$AA,$28,$00,$00,$00,$00,$00,$02,$02,$0A,$0A,$0A,$0A,$02,$02
  9006 7F98 80 80 A0 A0 A0 A0 +             .byte $80,$80,$A0,$A0,$A0,$A0,$80,$80,$00,$00,$00
  9007 7FA3 EA			L7FA3       .byte $EA
  9008 7FA4 BA 00 00 00 00 00 + L7FA4       .byte $BA,$00,$00,$00,$00,$00,$00,$AE,$BA,$00,$00,$00,$00,$A8,$BA,$BE
  9009 7FB4 BE BA A8 00 00 2A +             .byte $BE,$BA,$A8,$00,$00,$2A,$AE,$BE,$BE,$AE,$2A,$00,$0A,$2A,$AE,$BE
  9010 7FC4 BE AE 2A 0A A0 A8 +             .byte $BE,$AE,$2A,$0A,$A0,$A8,$BA,$BE,$BE,$BA,$A8,$A0,$AA,$FF,$FF,$FF
  9011 7FD4 FF FF FF FF FF FF +             .byte $FF,$FF,$FF,$FF,$FF,$FF,$FF,$FF,$FF,$FF,$FF,$AA,$00,$AA,$BE,$BE
  9012 7FE4 BE BE AA 00 00 00 +             .byte $BE,$BE,$AA,$00,$00,$00,$AA,$BE,$BE,$BE,$BE,$BE,$BE,$BE,$BE,$BE
  9013 7FF4 BE BE BE BE BE BE +             .byte $BE,$BE,$BE,$BE,$BE,$BE,$BE,$BE,$BE,$AA,$00,$00
  9014 8000 00 00 00 00 00 00 + L8000       .byte $00,$00,$00,$00,$00,$00,$00,$00,$3C,$18,$18,$18,$18,$18,$18,$3C
  9015 8010 00 00 81 FF FF 81 +             .byte $00,$00,$81,$FF,$FF,$81,$00,$00,$7E,$C3,$B1,$B1,$B1,$BD,$C3,$7E
  9016 8020 00 FF FF FF FF FF +             .byte $00,$FF,$FF,$FF,$FF,$FF,$FF,$00,$7E,$7E,$7E,$7E,$7E,$7E,$7E,$7E
  9017 8030 00 FC FE FE FE FE +             .byte $00,$FC,$FE,$FE,$FE,$FE,$FE,$7E,$00,$3F,$7F,$7F,$7F,$7F,$7F,$7E
  9018 8040 7E 7F 7F 7F 7F 7F +             .byte $7E,$7F,$7F,$7F,$7F,$7F,$3F,$00,$7E,$FE,$FE,$FE,$FE,$FE,$FC,$00
  9019 8050 7E FF FF FF FF FF +             .byte $7E,$FF,$FF,$FF,$FF,$FF,$FF,$00,$7E,$FE,$FE,$FE,$FE,$FE,$FE,$7E
  9020 8060 00 FF FF FF FF FF +             .byte $00,$FF,$FF,$FF,$FF,$FF,$FF,$7E,$7E,$7F,$7F,$7F,$7F,$7F,$7F,$7E
  9021 8070 7E FF FF FF FF FF +             .byte $7E,$FF,$FF,$FF,$FF,$FF,$FF,$7E,$00,$7E,$7E,$7E,$7E,$7E,$7E,$00
  9022 8080 00 00 00 00 00 00 +             .byte $00,$00,$00,$00,$00,$00,$00,$00,$00,$1C,$1E,$46,$62,$78,$38,$00
  9023 8090 FF 80 80 80 80 80 +             .byte $FF,$80,$80,$80,$80,$80,$80,$80,$00,$00,$00,$00,$00,$00,$00,$00
  9024 80A0 00 1C 1E 46 62 78 +             .byte $00,$1C,$1E,$46,$62,$78,$38,$00,$FF,$81,$81,$81,$81,$81,$81,$FF
  9025 80B0 69 BE FF FF FF FF +             .byte $69,$BE,$FF,$FF,$FF,$FF,$3C,$41,$7E,$FF,$FF,$FF,$FF,$FF,$81,$00
  9026 80C0 FF 81 81 99 99 81 +             .byte $FF,$81,$81,$99,$99,$81,$81,$FF,$FF,$99,$99,$FF,$FF,$99,$99,$FF
  9027 80D0 00 01 03 07 0F 1F +             .byte $00,$01,$03,$07,$0F,$1F,$3F,$7F,$00,$80,$C0,$E0,$F0,$F8,$FC,$FE
  9028 80E0 FF 81 81 81 81 81 +             .byte $FF,$81,$81,$81,$81,$81,$81,$FF,$FF,$81,$81,$81,$81,$81,$81,$FF
  9029 80F0 FF 81 99 BD BD 99 +             .byte $FF,$81,$99,$BD,$BD,$99,$81,$FF,$00,$00,$00,$00,$00,$00,$00,$00
  9030 8100 09 09 09 59 19 F5 +             .byte $09,$09,$09,$59,$19,$F5,$01,$55,$B9,$B9,$B9,$B9,$B9,$A4,$90,$55
  9031 8110 55 55 55 AA BF BA +             .byte $55,$55,$55,$AA,$BF,$BA,$B9,$B9,$55,$55,$55,$AA,$FE,$A9,$59,$09
  9032 8120 00 00 00 05 08 09 +             .byte $00,$00,$00,$05,$08,$09,$09,$09,$00,$00,$00,$54,$09,$19,$A9,$A9
  9033 8130 B9 B9 B9 B9 F9 A9 +             .byte $B9,$B9,$B9,$B9,$F9,$A9,$55,$00,$09,$09,$09,$0A,$0F,$06,$01,$00
  9034 8140 00 00 00 00 00 00 +             .byte $00,$00,$00,$00,$00,$00,$00,$00,$00,$00,$00,$00,$00,$00,$00,$00
  9035 8150 00 00 00 00 00 00 +             .byte $00,$00,$00,$00,$00,$00,$00,$00,$00,$00,$00,$00,$00,$00,$00,$00
  9036 8160 3C FF 00 DB DB 00 +             .byte $3C,$FF,$00,$DB,$DB,$00,$FF,$3C,$00,$00,$00,$00,$00,$00,$00,$00
  9037 8170 00 00 00 00 00 00 +             .byte $00,$00,$00,$00,$00,$00,$00,$00,$00,$00,$00,$00,$00,$00,$00,$00
  9038 8180 09 09 09 09 09 09 +             .byte $09,$09,$09,$09,$09,$09,$09,$09,$00,$00,$00,$55,$00,$FF,$00,$55
  9039 8190 B9 B9 B9 B9 B9 B9 +             .byte $B9,$B9,$B9,$B9,$B9,$B9,$B9,$B9,$55,$55,$55,$AA,$FF,$AA,$55,$00
  9040 81A0 00 0A 15 10 10 10 +             .byte $00,$0A,$15,$10,$10,$10,$10,$10,$00,$A0,$54,$0C,$0C,$0C,$0C,$0C
  9041 81B0 10 10 10 10 1F 0F +             .byte $10,$10,$10,$10,$1F,$0F,$00,$00,$0C,$0C,$0C,$0C,$FC,$F0,$00,$00
  9042 81C0 0E 3E 76 66 CE FE +             .byte $0E,$3E,$76,$66,$CE,$FE,$FE,$00,$70,$7C,$6E,$66,$73,$7F,$7F,$00
  9043 81D0 00 FE FE CE 66 76 +             .byte $00,$FE,$FE,$CE,$66,$76,$3E,$0E,$00,$7F,$7F,$73,$66,$6E,$7C,$70
  9044 81E0 FF 80 80 80 80 80 +             .byte $FF,$80,$80,$80,$80,$80,$80,$80,$FF,$01,$01,$01,$01,$01,$01,$01
  9045 81F0 01 01 01 01 01 01 +             .byte $01,$01,$01,$01,$01,$01,$01,$FF,$80,$80,$80,$80,$80,$80,$80,$FF
  9046 8200 1A 1E 1A 16 2B 3E +             .byte $1A,$1E,$1A,$16,$2B,$3E,$19,$04,$7F,$5A,$AA,$FF,$AA,$55,$00,$00
  9047 8210 FE AA AA FF AA 55 +             .byte $FE,$AA,$AA,$FF,$AA,$55,$00,$00,$6A,$7A,$6A,$96,$EA,$7E,$1A,$05
  9048 8220 00 14 01 3C 03 14 +             .byte $00,$14,$01,$3C,$03,$14,$11,$1D,$00,$00,$00,$55,$00,$FF,$00,$7F
  9049 8230 00 00 00 55 00 FF +             .byte $00,$00,$00,$55,$00,$FF,$00,$FD,$00,$14,$41,$3E,$C2,$16,$46,$36
  9050 8240 00 00 40 60 58 9A +             .byte $00,$00,$40,$60,$58,$9A,$AE,$B9,$79,$79,$B9,$B9,$B9,$B9,$B9,$B9
  9051 8250 B9 B9 B9 B9 B9 B9 +             .byte $B9,$B9,$B9,$B9,$B9,$B9,$B9,$79,$B4,$A4,$69,$6D,$B9,$E4,$90,$40
  9052 8260 00 00 05 15 51 96 +             .byte $00,$00,$05,$15,$51,$96,$EA,$3A,$25,$25,$28,$28,$28,$28,$28,$28
  9053 8270 28 28 28 28 28 28 +             .byte $28,$28,$28,$28,$28,$28,$26,$25,$25,$61,$96,$EA,$7A,$1F,$06,$01
  9054 8280 00 00 00 00 00 00 +             .byte $00,$00,$00,$00,$00,$00,$00,$00,$00,$00,$00,$00,$00,$00,$00,$00
  9055 8290 00 00 00 00 00 00 +             .byte $00,$00,$00,$00,$00,$00,$00,$00,$00,$00,$00,$00,$00,$00,$00,$00
  9056 82A0 B9 B9 F9 F9 F9 F9 +             .byte $B9,$B9,$F9,$F9,$F9,$F9,$B9,$B9,$09,$09,$09,$11,$0D,$31,$0D,$12
  9057 82B0 B9 B9 F9 F9 F9 F9 +             .byte $B9,$B9,$F9,$F9,$F9,$F9,$B9,$B9,$16,$1A,$1A,$25,$39,$2D,$09,$09
  9058 82C0 55 55 69 BE FF AA +             .byte $55,$55,$69,$BE,$FF,$AA,$55,$00,$00,$05,$10,$4F,$37,$E5,$26,$55
  9059 82D0 55 55 69 BE FF AA +             .byte $55,$55,$69,$BE,$FF,$AA,$55,$00,$00,$50,$05,$F9,$05,$68,$A8,$A5
  9060 82E0 AA BF BA B9 B9 B9 +             .byte $AA,$BF,$BA,$B9,$B9,$B9,$B9,$B9,$AA,$FF,$AA,$55,$00,$00,$00,$00
  9061 82F0 A9 F9 A9 59 09 09 +             .byte $A9,$F9,$A9,$59,$09,$09,$09,$09,$B9,$B9,$B9,$B9,$B9,$B9,$B9,$B9
  9062 8300 00 00 00 00 00 00 +             .byte $00,$00,$00,$00,$00,$00,$00,$00,$09,$09,$09,$09,$09,$09,$09,$09
  9063 8310 00 AA 55 00 00 00 +             .byte $00,$AA,$55,$00,$00,$00,$00,$00,$00,$00,$00,$00,$FF,$FF,$00,$00
  9064 8320 00 3C 7E 7E 7E 7E +             .byte $00,$3C,$7E,$7E,$7E,$7E,$3C,$00,$00,$00,$00,$18,$18,$00,$00,$00
  9065 8330 00 00 18 3C 3C 18 +             .byte $00,$00,$18,$3C,$3C,$18,$00,$00,$00,$00,$38,$7C,$7C,$7C,$38,$00
  9066 8340 10 10 10 10 10 10 +             .byte $10,$10,$10,$10,$10,$10,$10,$10,$10,$10,$10,$10,$10,$10,$10,$10
  9067 8350 0C 0C 0C 0C 0C 0C +             .byte $0C,$0C,$0C,$0C,$0C,$0C,$0C,$0C,$0C,$0C,$0C,$0C,$0C,$0C,$0C,$0C
  9068 8360 00 00 0A 25 50 40 +             .byte $00,$00,$0A,$25,$50,$40,$4C,$41,$00,$00,$A0,$54,$03,$03,$33,$07
  9069 8370 45 49 45 40 30 0F +             .byte $45,$49,$45,$40,$30,$0F,$00,$00,$17,$27,$17,$03,$0C,$F0,$00,$00
  9070 8380 07 18 23 4C 50 90 +             .byte $07,$18,$23,$4C,$50,$90,$A0,$A0,$E0,$18,$C4,$32,$08,$01,$04,$00
  9071 8390 00 20 80 10 4C 23 +             .byte $00,$20,$80,$10,$4C,$23,$18,$07,$05,$05,$09,$0A,$32,$C4,$18,$E0
  9072 83A0 B9 B9 B9 B9 B9 B9 +             .byte $B9,$B9,$B9,$B9,$B9,$B9,$B9,$B9,$09,$09,$09,$09,$09,$09,$09,$09
  9073 83B0 00 01 00 07 00 0D +             .byte $00,$01,$00,$07,$00,$0D,$01,$05,$80,$50,$20,$D4,$B4,$B9,$B9,$B9
  9074 83C0 7F C6 92 92 82 92 +             .byte $7F,$C6,$92,$92,$82,$92,$92,$FF,$FF,$70,$73,$73,$70,$73,$10,$FF
  9075 83D0 FF 86 93 93 87 93 +             .byte $FF,$86,$93,$93,$87,$93,$93,$FF,$FE,$07,$9F,$9F,$9F,$99,$99,$FF
  9076 83E0 09 09 09 09 09 09 +             .byte $09,$09,$09,$09,$09,$09,$09,$09,$B9,$B9,$B9,$B9,$B9,$B9,$B9,$B9
  9077 83F0 00 00 00 00 00 00 +             .byte $00,$00,$00,$00,$00,$00,$00,$00,$00,$00,$00,$00,$00,$00,$00,$00
  9078 8400 55 40 40 40 40 40 +             .byte $55,$40,$40,$40,$40,$40,$40,$AA,$55,$00,$00,$00,$00,$00,$00,$AA
  9079 8410 55 02 02 02 02 02 +             .byte $55,$02,$02,$02,$02,$02,$02,$AA,$55,$40,$40,$40,$40,$40,$40,$40
  9080 8420 55 00 00 00 00 00 +             .byte $55,$00,$00,$00,$00,$00,$00,$00,$55,$02,$02,$02,$02,$02,$02,$02
  9081 8430 40 40 40 40 40 40 +             .byte $40,$40,$40,$40,$40,$40,$40,$40,$00,$00,$00,$00,$00,$00,$00,$00
  9082 8440 02 02 02 02 02 02 +             .byte $02,$02,$02,$02,$02,$02,$02,$02,$40,$40,$40,$40,$40,$40,$40,$AA
  9083 8450 00 00 00 00 00 00 +             .byte $00,$00,$00,$00,$00,$00,$00,$AA,$02,$02,$02,$02,$02,$02,$02,$AA
  9084 8460 00 40 10 20 08 02 +             .byte $00,$40,$10,$20,$08,$02,$02,$AA,$56,$42,$42,$7E,$7E,$42,$42,$7E
  9085 8470 7E 42 42 7E 7E 42 +             .byte $7E,$42,$42,$7E,$7E,$42,$42,$7E,$7E,$42,$42,$7E,$7E,$42,$42,$AA
  9086 8480 55 7F 7F 7F 7F 7F +             .byte $55,$7F,$7F,$7F,$7F,$7F,$7F,$AA,$55,$FF,$FF,$FF,$FF,$FF,$FF,$AA
  9087 8490 55 FE FE FE FE FE +             .byte $55,$FE,$FE,$FE,$FE,$FE,$FE,$AA,$55,$7F,$7F,$7F,$7F,$7F,$7F,$7F
  9088 84A0 55 FF FF FF FF FF +             .byte $55,$FF,$FF,$FF,$FF,$FF,$FF,$FF,$55,$FE,$FE,$FE,$FE,$FE,$FE,$FE
  9089 84B0 7F 7F 7F 7F 7F 7F +             .byte $7F,$7F,$7F,$7F,$7F,$7F,$7F,$7F,$FF,$FF,$FF,$FF,$FF,$FF,$FF,$FF
  9090 84C0 FE FE FE FE FE FE +             .byte $FE,$FE,$FE,$FE,$FE,$FE,$FE,$FE,$7F,$7F,$7F,$7F,$7F,$7F,$7F,$AA
  9091 84D0 FF FF FF FF FF FF +             .byte $FF,$FF,$FF,$FF,$FF,$FF,$FF,$AA,$FE,$FE,$FE,$FE,$FE,$FE,$FE,$AA
  9092 84E0 00 40 D0 E0 F8 FE +             .byte $00,$40,$D0,$E0,$F8,$FE,$FE,$AA,$AA,$AA,$AA,$AA,$AA,$AA,$AA,$AA
  9093 84F0 00 00 00 00 00 00 +             .byte $00,$00,$00,$00,$00,$00,$00,$00,$00,$00,$00,$00,$00,$00,$00,$00
  9094 8500 55 55 55 6A 7F 6A +             .byte $55,$55,$55,$6A,$7F,$6A,$65,$64,$55,$55,$55,$A9,$FD,$A9,$55,$01
  9095 8510 64 64 64 6A 55 40 +             .byte $64,$64,$64,$6A,$55,$40,$7F,$40,$01,$01,$01,$A9,$55,$01,$FD,$01
  9096 8520 00 00 01 04 03 0C +             .byte $00,$00,$01,$04,$03,$0C,$01,$05,$00,$00,$55,$00,$FF,$00,$55,$FF
  9097 8530 00 00 40 10 C4 39 +             .byte $00,$00,$40,$10,$C4,$39,$49,$59,$04,$04,$04,$04,$04,$04,$04,$04
  9098 8540 99 99 99 99 99 99 +             .byte $99,$99,$99,$99,$99,$99,$99,$99,$05,$05,$05,$09,$0E,$07,$01,$00
  9099 8550 AA 55 55 55 AA FF +             .byte $AA,$55,$55,$55,$AA,$FF,$AA,$55,$59,$59,$59,$69,$B9,$E4,$90,$40
  9100 8560 09 09 19 29 09 09 +             .byte $09,$09,$19,$29,$09,$09,$09,$09,$09,$09,$09,$09,$09,$19,$29,$09
  9101 8570 B9 B2 B6 BA B9 B9 +             .byte $B9,$B2,$B6,$BA,$B9,$B9,$B9,$B9,$B9,$B9,$B9,$B9,$B1,$B6,$BA,$BA
  9102 8580 00 00 00 55 00 FF +             .byte $00,$00,$00,$55,$00,$FF,$00,$D7,$96,$D7,$55,$AA,$FF,$AA,$55,$00
  9103 8590 14 96 55 55 55 55 +             .byte $14,$96,$55,$55,$55,$55,$7D,$69,$41,$7D,$55,$55,$55,$55,$D7,$14
  9104 85A0 96 D7 55 55 55 AA +             .byte $96,$D7,$55,$55,$55,$AA,$FF,$AA,$00,$FF,$00,$55,$55,$55,$D7,$14
  9105 85B0 00 01 00 07 00 1D +             .byte $00,$01,$00,$07,$00,$1D,$01,$75,$05,$D5,$15,$55,$55,$55,$55,$55
  9106 85C0 00 00 00 01 04 13 +             .byte $00,$00,$00,$01,$04,$13,$0C,$71,$00,$15,$40,$3F,$C0,$15,$55,$55
  9107 85D0 00 55 00 FF 00 55 +             .byte $00,$55,$00,$FF,$00,$55,$55,$55,$00,$54,$01,$FC,$03,$54,$55,$55
  9108 85E0 00 00 00 40 10 C4 +             .byte $00,$00,$00,$40,$10,$C4,$30,$4D,$40,$40,$10,$D0,$04,$74,$41,$5D
  9109 85F0 50 57 54 55 55 55 +             .byte $50,$57,$54,$55,$55,$55,$55,$55,$55,$55,$55,$55,$55,$55,$55,$55
  9110 8600 00 01 04 13 0C 35 +             .byte $00,$01,$04,$13,$0C,$35,$1D,$11,$00,$55,$00,$FF,$3F,$7F,$40,$55
  9111 8610 00 55 00 FF FD FE +             .byte $00,$55,$00,$FF,$FD,$FE,$02,$56,$00,$40,$10,$C4,$30,$4E,$76,$56
  9112 8620 1E 1A 25 39 1E 07 +             .byte $1E,$1A,$25,$39,$1E,$07,$01,$10,$55,$55,$6A,$6A,$BF,$FF,$AA,$55
  9113 8630 56 56 AA AA FE FF +             .byte $56,$56,$AA,$AA,$FE,$FF,$AA,$55,$7A,$6A,$5A,$6E,$B9,$E4,$90,$40
  9114 8640 00 00 05 15 94 95 +             .byte $00,$00,$05,$15,$94,$95,$96,$95,$95,$95,$A4,$A4,$A4,$A4,$A4,$A4
  9115 8650 A4 A4 A4 A4 A4 A4 +             .byte $A4,$A4,$A4,$A4,$A4,$A4,$AA,$9A,$95,$94,$95,$E6,$7A,$1F,$06,$01
  9116 8660 00 00 40 60 6C 6D +             .byte $00,$00,$40,$60,$6C,$6D,$6E,$6E,$6E,$6E,$BE,$BE,$BE,$BE,$BE,$BE
  9117 8670 BE BE BE BE BE BE +             .byte $BE,$BE,$BE,$BE,$BE,$BE,$6E,$6E,$6E,$6E,$6E,$6E,$B9,$E4,$90,$40
  9118 8680 00 00 55 00 FF 00 +             .byte $00,$00,$55,$00,$FF,$00,$55,$55,$55,$55,$55,$55,$AA,$FF,$AA,$55
  9119 8690 24 24 24 24 24 24 +             .byte $24,$24,$24,$24,$24,$24,$24,$24,$6E,$6E,$6E,$6E,$6E,$6E,$6E,$6E
  9120 86A0 A9 A9 55 40 7F 40 +             .byte $A9,$A9,$55,$40,$7F,$40,$75,$49,$09,$09,$55,$01,$FD,$01,$5D,$52
  9121 86B0 59 69 69 55 6A BF +             .byte $59,$69,$69,$55,$6A,$BF,$BA,$B9,$56,$5A,$5A,$55,$A9,$FD,$A9,$59
  9122 86C0 55 54 65 A6 E5 A4 +             .byte $55,$54,$65,$A6,$E5,$A4,$64,$24,$24,$24,$24,$64,$27,$E5,$26,$55
  9123 86D0 55 16 6A AE AF 6E +             .byte $55,$16,$6A,$AE,$AF,$6E,$6E,$6E,$6E,$6E,$6E,$6D,$2D,$6C,$AC,$A5
  9124 86E0 AA FF 80 95 95 95 +             .byte $AA,$FF,$80,$95,$95,$95,$95,$95,$AA,$FF,$00,$55,$55,$55,$55,$55
  9125 86F0 A9 F9 09 59 59 59 +             .byte $A9,$F9,$09,$59,$59,$59,$59,$59,$95,$95,$95,$AA,$BF,$BA,$B9,$B9
  9126 8700 55 55 55 AA FF AA +             .byte $55,$55,$55,$AA,$FF,$AA,$55,$00,$59,$59,$59,$A9,$F9,$A9,$59,$09
  9127 8710 00 7C C6 FE C6 C6 +             .byte $00,$7C,$C6,$FE,$C6,$C6,$E6,$00,$00,$FC,$C6,$FC,$C6,$C6,$FC,$00
  9128 8720 00 FC C6 C6 C6 C6 +             .byte $00,$FC,$C6,$C6,$C6,$C6,$FC,$00,$00,$FE,$C2,$F0,$C0,$C2,$FE,$00
  9129 8730 00 CC D8 F0 D8 CC +             .byte $00,$CC,$D8,$F0,$D8,$CC,$E6,$00,$00,$C6,$E6,$F6,$DE,$CE,$E6,$00
  9130 8740 00 7C C6 C6 C6 C6 +             .byte $00,$7C,$C6,$C6,$C6,$C6,$7C,$00,$00,$FC,$C6,$FC,$D8,$CC,$E6,$00
  9131 8750 00 E7 C3 DB FF E7 +             .byte $00,$E7,$C3,$DB,$FF,$E7,$C3,$00,$00,$66,$66,$7E,$18,$18,$18,$00
  9132 8760 00 08 7D FF FF CF +             .byte $00,$08,$7D,$FF,$FF,$CF,$04,$00,$00,$03,$8F,$FF,$FF,$31,$00,$00
  9133 8770 38 FE FF FF FF F9 +             .byte $38,$FE,$FF,$FF,$FF,$F9,$60,$00,$00,$26,$7F,$FF,$FF,$9C,$00,$00
  9134 8780 00 00 00 00 00 28 +             .byte $00,$00,$00,$00,$00,$28,$AA,$AA,$AA,$AA,$28,$00,$00,$00,$00,$00
  9135 8790 02 02 0A 0A 0A 0A +             .byte $02,$02,$0A,$0A,$0A,$0A,$02,$02,$80,$80,$A0,$A0,$A0,$A0,$80,$80
  9136 87A0 00 00 00 AE AB 00 +             .byte $00,$00,$00,$AE,$AB,$00,$00,$00,$00,$00,$00,$BA,$EA,$00,$00,$00
  9137 87B0 00 A8 BA BE BE BA +             .byte $00,$A8,$BA,$BE,$BE,$BA,$A8,$00,$00,$2A,$AE,$BE,$BE,$AE,$2A,$00
  9138 87C0 0A 2A AE BE BE AE +             .byte $0A,$2A,$AE,$BE,$BE,$AE,$2A,$0A,$A0,$A8,$BA,$BE,$BE,$BA,$A8,$A0
  9139 87D0 AA FF FF FF FF FF +             .byte $AA,$FF,$FF,$FF,$FF,$FF,$FF,$FF,$FF,$FF,$FF,$FF,$FF,$FF,$FF,$AA
  9140 87E0 00 AA BE BE BE BE +             .byte $00,$AA,$BE,$BE,$BE,$BE,$AA,$00,$00,$00,$AA,$BE,$BE,$BE,$BE,$BE
  9141 87F0 BE BE BE BE BE BE +             .byte $BE,$BE,$BE,$BE,$BE,$BE,$BE,$BE,$BE,$BE,$BE,$BE,$BE,$AA,$00,$00
  9142 8800 20 CB 1E		L8800       jsr L1ECB
  9143 8803 A0 00		            ldy #$00
  9144 8805 AD 13 03		            lda TEMP1+1
  9145 8808 F0 08		            beq L8812
  9146 880A 10 0C		            bpl L8818
  9147 880C A9 48		            lda #$48
  9148 880E A2 40		            ldx #$40
  9149 8810 D0 0A		            bne L881C
  9150 8812 A9 A1		L8812       lda #$A1
  9151 8814 A2 3F		            ldx #$3F
  9152 8816 D0 04		            bne L881C
  9153 8818 A9 46		L8818       lda #$46
  9154 881A A2 3E		            ldx #$3E
  9155 881C 8D 38 88		L881C       sta L8838
  9156 881F 8E 06 DD		            stx LDD06
  9157 8822 8C 07 DD		            sty LDD06+1
  9158 8825 A9 11		            lda #$11
  9159 8827 A2 80		            ldx #$80
  9160 8829 EC 12 D0		L8829       cpx TRIG2
  9161 882C D0 FB		            bne L8829
  9162 882E EC 12 D0		L882E       cpx TRIG2
  9163 8831 D0 00		            bne L8833
  9164 8833 A0 09		L8833       ldy #$09
  9165 8835 88			L8835       dey
  9166 8836 D0 FD		            bne L8835
  9167 8838 46 68		L8838       lsr SAVADR
  9168 883A E8			            inx
  9169 883B D0 F1		            bne L882E
  9170 883D A0 07		            ldy #$07
  9171 883F 88			L883F       dey
  9172 8840 D0 FD		            bne L883F
  9173 8842 8D 0F DD		            sta LDD0E+1
  9174 8845 60			            rts
  9175 8846 78			L8846       sei
  9176 8847 A9 35		            lda #$35
  9177 8849 85 01		            sta NGFLAG
  9178 884B A2 08		            ldx #$08
  9179 884D BD 68 03		L884D       lda IOCB2+ICBLL,X
  9180 8850 30 0C		            bmi L885E
  9181 8852 C9 30		            cmp #$30
  9182 8854 90 05		            bcc L885B
  9183 8856 29 0F		            and #$0F
  9184 8858 9D 68 03		            sta IOCB2+ICBLL,X
  9185 885B CA			L885B       dex
  9186 885C 10 EF		            bpl L884D
  9187 885E 2C 72 9E		L885E       bit L9E72
  9188 8861 30 44		            bmi L88A7
  9189 8863 A9 20		            lda #$20
  9190 8865 A2 44		            ldx #$44
  9191 8867 A0 44		            ldy #$44
  9192 8869 8D 41 05		            sta L0541
  9193 886C 8E 42 05		            stx L0541+1
  9194 886F 8C 43 05		            sty L0541+2
  9195 8872 8D 45 11		            sta L1145
  9196 8875 8E 46 11		            stx L1145+1
  9197 8878 8C 47 11		            sty L1145+2
  9198 887B 8D 4F 11		            sta L114F
  9199 887E 8E 50 11		            stx L114F+1
  9200 8881 8C 51 11		            sty L114F+2
  9201 8884 A9 A9		            lda #$A9
  9202 8886 8D 31 04		            sta L0431
  9203 8889 A9 12		            lda #$12
  9204 888B 8D 32 04		            sta L0431+1
  9205 888E CE 7A 3E		            dec L3E79+1
  9206 8891 A9 43		            lda #$43
  9207 8893 C6 01		            dec NGFLAG
  9208 8895 8D 73 89		            sta L8973
  9209 8898 8D 72 D1		            sta LD172
  9210 889B E6 01		            inc NGFLAG
  9211 889D A9 0C		            lda #$0C
  9212 889F 8D 1F 3C		            sta L3C1F
  9213 88A2 A9 80		            lda #$80
  9214 88A4 8D 22 3C		            sta L3C22
  9215 88A7 A2 00		L88A7       ldx #$00
  9216 88A9 A0 4C		            ldy #$4C
  9217 88AB 8E 14 03		            stx TEMP2
  9218 88AE 8C 15 03		            sty TEMP3
  9219 88B1 A2 86		            ldx #$86
  9220 88B3 A0 25		            ldy #$25
  9221 88B5 8E 28 03		            stx HATABS+14
  9222 88B8 8C 29 03		            sty HATABS+15
  9223 88BB 20 48 89		            jsr L8948
  9224 88BE A9 00		            lda #$00
  9225 88C0 A8			            tay
  9226 88C1 99 02 00		L88C1       sta CASINI,Y
  9227 88C4 99 00 01		            sta L0100,Y
  9228 88C7 99 00 02		            sta VDSLST,Y
  9229 88CA C8			            iny
  9230 88CB D0 F4		            bne L88C1
  9231 88CD A2 2E		            ldx #$2E
  9232 88CF 9D 00 D0		L88CF       sta HPOSP0,X
  9233 88D2 CA			            dex
  9234 88D3 10 FA		            bpl L88CF
  9235 88D5 A9 01		            lda #$01
  9236 88D7 8D 1A D0		            sta COLBK
  9237 88DA A9 7F		            lda #$7F
  9238 88DC 8D 0D DC		            sta LDC0D
  9239 88DF AD 0D DC		            lda LDC0D
  9240 88E2 EE 00 DD		            inc LDD00
  9241 88E5 20 00 88		            jsr L8800
  9242 88E8 A9 05		            lda #$05
  9243 88EA 85 4C		            sta DSTAT
  9244 88EC 2C 73 9E		            bit L9E73
  9245 88EF 30 54		            bmi L8945
  9246 88F1 A9 10		            lda #$10
  9247 88F3 85 40		            sta FREQ
  9248 88F5 A9 0C		            lda #$0C
  9249 88F7 8D F4 DB		            sta LDBF4
  9250 88FA A9 0B		            lda #$0B
  9251 88FC 8D F5 DB		            sta LDBF4+1
  9252 88FF A2 38		            ldx #$38
  9253 8901 BD 74 8A		L8901       lda L8A74,X
  9254 8904 9D 4A E1		            sta LE14A,X
  9255 8907 E0 09		            cpx #$09
  9256 8909 B0 06		            bcs L8911
  9257 890B BD AC 8A		            lda L8AAC,X
  9258 890E 9D DC CF		            sta LCFDC,X
  9259 8911 CA			L8911       dex
  9260 8912 D0 ED		            bne L8901
  9261 8914 C6 01		            dec NGFLAG
  9262 8916 BD 75 89		L8916       lda L8975,X
  9263 8919 9D 00 C1		            sta LC100,X
  9264 891C BD B5 8A		            lda L8AB5,X
  9265 891F 9D 1D DE		            sta LDE1C+1,X
  9266 8922 E0 52		            cpx #$52
  9267 8924 B0 06		            bcs L892C
  9268 8926 BD B5 8B		            lda L8BB5,X
  9269 8929 9D 1D DF		            sta LDF1C+1,X
  9270 892C E8			L892C       inx
  9271 892D D0 E7		            bne L8916
  9272 892F E6 01		            inc NGFLAG
  9273 8931 A0 08		            ldy #$08
  9274 8933 BD 00 80		L8933       lda L8000,X
  9275 8936 9D 00 78		L8936       sta L7800,X
  9276 8939 E8			            inx
  9277 893A D0 F7		            bne L8933
  9278 893C EE 35 89		            inc L8933+2
  9279 893F EE 38 89		            inc L8936+2
  9280 8942 88			            dey
  9281 8943 D0 EE		            bne L8933
  9282 8945 4C 71 03		L8945       jmp IOCB3+ICDNO
  9283 8948 E6 01		L8948       inc NGFLAG
  9284 894A AE 09 CA		            ldx LCA09
  9285 894D F0 20		            beq L896F
  9286 894F A9 00		            lda #$00
  9287 8951 A0 80		            ldy #$80
  9288 8953 99 00 00		L8953       sta L0000,Y
  9289 8956 C8			            iny
  9290 8957 D0 FA		            bne L8953
  9291 8959 8D A1 02		            sta TMPLBT
  9292 895C A0 01		            ldy #$01
  9293 895E 20 BA FF		            jsr LFFBA
  9294 8961 A9 02		            lda #$02
  9295 8963 A2 73		            ldx #<L8973
  9296 8965 A0 89		            ldy #>L8973
  9297 8967 20 BD FF		            jsr LFFBD
  9298 896A A9 00		            lda #$00
  9299 896C 20 D5 FF		            jsr JKEYON
  9300 896F 78			L896F       sei
  9301 8970 C6 01		            dec NGFLAG
  9302 8972 60			            rts
  9303 8973 50 53		L8973       .byte 'PS'
  9304 8975 00 70 70 80 70 70 + L8975       .byte $00,$70,$70,$80,$70,$70,$70,$70,$70,$70,$70,$70,$70,$70,$70,$70
  9305 8985 A0 A0 A0 A0 10 10 +             .byte $A0,$A0,$A0,$A0,$10,$10,$00,$70,$10,$10,$70,$70,$10,$10,$10,$00
  9306 8995 B0 C0 C0 C0 B0 C0 +             .byte $B0,$C0,$C0,$C0,$B0,$C0,$C0,$C0,$00,$00,$00,$00,$B0,$00,$00,$00
  9307 89A5 B0 B0 C0 C0 B0 B0 +             .byte $B0,$B0,$C0,$C0,$B0,$B0,$B0,$B0,$80,$80,$80,$80,$10,$10,$10,$10
  9308 89B5 C0 C0 C0 C0 B0 B0 +             .byte $C0,$C0,$C0,$C0,$B0,$B0,$B0,$B0,$C0,$C0,$C0,$C0,$C0,$C0,$C0,$C0
  9309 89C5 B0 C0 90 70 C0 B0 +             .byte $B0,$C0,$90,$70,$C0,$B0,$C0,$C0,$C0,$B0,$C0,$B0,$C0,$C0,$C0,$C0
  9310 89D5 C0 C0 B0 90 20 20 +             .byte $C0,$C0,$B0,$90,$20,$20,$20,$20,$B0,$B0,$B0,$B0,$B0,$B0,$B0,$B0
  9311 89E5 90 90 70 70 C0 B0 +             .byte $90,$90,$70,$70,$C0,$B0,$B0,$C0,$70,$70,$70,$70,$B0,$C0,$00,$00
  9312 89F5 50 50 50 50 50 50 +             .byte $50,$50,$50,$50,$50,$50,$50,$50,$50,$50,$50,$50,$50,$B0,$B0,$B0
  9313 8A05 50 50 50 50 50 50 +             .byte $50,$50,$50,$50,$50,$50,$50,$50,$50,$50,$50,$50,$50,$50,$00,$00
  9314 8A15 C0 C0 B0 B0 B0 B0 +             .byte $C0,$C0,$B0,$B0,$B0,$B0,$B0,$B0,$B0,$C0,$C0,$C0,$B0,$B0,$C0,$C0
  9315 8A25 B0 C0 C0 B0 C0 B0 +             .byte $B0,$C0,$C0,$B0,$C0,$B0,$B0,$B0,$B0,$B0,$B0,$B0,$B0,$B0,$B0,$B0
  9316 8A35 B0 B0 B0 B0 C0 C0 +             .byte $B0,$B0,$B0,$B0,$C0,$C0,$C0,$C0,$C0,$C0,$C0,$C0,$C0,$C0,$C0,$C0
  9317 8A45 B0 C0 C0 C0 B0 B0 +             .byte $B0,$C0,$C0,$C0,$B0,$B0,$C0,$C0,$C0,$B0,$C0,$C0,$C0,$C0,$C0,$C0
  9318 8A55 C0 C0 20 20 20 20 +             .byte $C0,$C0,$20,$20,$20,$20,$20,$20,$20,$20,$20,$20,$00,$00,$00,$00
  9319 8A65 00 00 00 00 00 00 +             .byte $00,$00,$00,$00,$00,$00,$00,$00,$00,$00,$00,$00,$00,$00,$00
  9320 8A74 00 F6 7C BB 80 41 + L8A74       .byte $00,$F6,$7C,$BB,$80,$41,$09,$CB,$B0,$77,$7B,$00,$53,$2B,$00,$E3
  9321 8A84 74 0E B6 71 69 46 +             .byte $74,$0E,$B6,$71,$69,$46,$75,$12,$8F,$22,$51,$69,$89,$D5,$15,$0D
  9322 8A94 65 51 09 5B A7 12 +             .byte $65,$51,$09,$5B,$A7,$12,$9A,$72,$41,$79,$2B,$36,$16,$0B,$75,$71
  9323 8AA4 09 CB F2 1B 0B E0 +             .byte $09,$CB,$F2,$1B,$0B,$E0,$71,$29
  9324 8AAC CB 0D 0F 0F 0A 0D + L8AAC       .byte $CB,$0D,$0F,$0F,$0A,$0D,$0F,$0A,$0A
  9325 8AB5 E9 00 24 31 FF 05 + L8AB5       .byte $E9,$00,$24,$31,$FF,$05,$25,$F8,$0F,$FA,$0E,$25,$F5,$00,$00,$30
  9326 8AC5 BF FF 05 74 F8 03 +             .byte $BF,$FF,$05,$74,$F8,$03,$22,$E2,$33,$33,$23,$F8,$04,$F7,$04,$FE
  9327 8AD5 0A 23 E2 04 5E D8 +             .byte $0A,$23,$E2,$04,$5E,$D8,$09,$32,$D0,$03,$7D,$00,$00,$7C,$F8,$04
  9328 8AE5 F6 BF 32 A4 A5 FF +             .byte $F6,$BF,$32,$A4,$A5,$FF,$09,$A6,$7C,$E2,$04,$7B,$D8,$0D,$21,$31
  9329 8AF5 31 20 D8 06		            .byte $31,$20,$D8,$06
  9330 8AF9 A7 E3 FF EB 16 E2 + L8AF9       .byte $A7,$E3,$FF,$EB,$16,$E2,$E7,$E4,$E9,$E5,$EA,$C5,$16,$A8,$C7,$05
  9331 8B09 B0 0D 91 04 26 B0 +             .byte $B0,$0D,$91,$04,$26,$B0,$05,$A9,$AA,$AA,$FF,$09,$AB,$D8,$0F,$27
  9332 8B19 DC 03 00 FF 03 00 +             .byte $DC,$03,$00,$FF,$03,$00,$C1,$07,$FE,$0A,$B0,$0F,$08,$08,$D8,$20
  9333 8B29 10 0C 38 0D 60 12 +             .byte $10,$0C,$38,$0D,$60,$12,$7F,$10,$0A,$A7,$E3,$E9,$E2,$EB,$E3,$E9
  9334 8B39 E5 E8 E8 E6 38 14 +             .byte $E5,$E8,$E8,$E6,$38,$14,$10,$09,$7D,$38,$13,$75,$00,$10,$07,$F8
  9335 8B49 03 88 04 F8 04 CF +             .byte $03,$88,$04,$F8,$04,$CF,$04,$FE,$0A,$10,$07,$18,$03,$50,$FE,$04
  9336 8B59 26 10 06 27 F8 04 +             .byte $26,$10,$06,$27,$F8,$04,$FE,$12,$E6,$03,$01,$06,$D9,$24,$25,$10
  9337 8B69 06 25 00 08 08 F0 +             .byte $06,$25,$00,$08,$08,$F0,$05,$25,$14,$E2,$08,$DE,$03,$9C,$05,$20
  9338 8B79 18 04 22 11 03 28 +             .byte $18,$04,$22,$11,$03,$28,$04,$68,$08,$05,$27,$23,$77,$03,$26,$E2
  9339 8B89 08 10 05 68 05 66 +             .byte $08,$10,$05,$68,$05,$66,$10,$05,$7C,$7D,$28,$04,$22,$03,$7C,$32
  9340 8B99 F7 06 27 E2 08 10 +             .byte $F7,$06,$27,$E2,$08,$10,$05,$7D,$E8,$04,$10,$05,$20,$21,$25,$42
  9341 8BA9 F0 06 30 D8 0A E2 +             .byte $F0,$06,$30,$D8,$0A,$E2,$05,$10,$05,$21,$03,$20
  9342 8BB5 10 08 B4 74 F0 08 + L8BB5       .byte $10,$08,$B4,$74,$F0,$08,$24,$20,$08,$03,$25,$E2,$08,$10,$19,$00
  9343 8BC5 08 06 F2 09 38 08 +             .byte $08,$06,$F2,$09,$38,$08,$20,$07,$F8,$0A,$FA,$0E,$08,$03,$18,$03
  9344 8BD5 00 FE 04 10 06 0F +             .byte $00,$FE,$04,$10,$06,$0F,$03,$F0,$07,$FA,$0E,$10,$06,$D6,$04,$10
  9345 8BE5 06 00 30 06 D6 12 +             .byte $06,$00,$30,$06,$D6,$12,$10,$06,$D8,$08,$30,$05,$D8,$18,$10,$03
  9346 8BF5 B0 05 00 10 07 08 +             .byte $B0,$05,$00,$10,$07,$08,$04,$B0,$15,$10,$17,$FA,$0E,$10,$03,$FE
  9347 8C05 27 00		            .byte $27,$00
  9348 8C07 86 C3		            stx L00C3
  9349 8C09 84 34		            sty BFENLO
  9350 8C0B A9 00		            lda #$00
  9351 8C0D 85 90		            sta L0090
  9352 8C0F A6 B9		            ldx L00B9
  9353 8C11 A9 60		            lda #$60
  9354 8C13 85 B9		            sta L00B9
  9355 8C15 EE 20 D0		            inc LD01F+1
  9356 8C18 20 28 8C		            jsr L8C28
  9357 8C1B A5 BA		            lda L00BA
  9358 8C1D 20 09 ED		            jsr LED09
  9359 8C20 A5 B9		            lda L00B9
  9360 8C22 20 13 EE		            jsr LEE13
  9361 8C25 4C D8 F4		            jmp LF4D8
  9362 8C28 A5 B9		L8C28       lda L00B9
  9363 8C2A A4 B7		            ldy L00B7
  9364 8C2C A9 00		            lda #$00
  9365 8C2E 85 90		L8C2E       sta L0090
  9366 8C30 EE 20 D0		            inc LD01F+1
  9367 8C33 A5 BA		            lda L00BA
  9368 8C35 20 58 8C		            jsr L8C58
  9369 8C38 A5 B9		            lda L00B9
  9370 8C3A 09 F0		            ora #$F0
  9371 8C3C 20 B9 ED		            jsr LEDB9
  9372 8C3F A5 90		            lda L0090
  9373 8C41 30 0F		            bmi L8C52
  9374 8C43 A0 00		            ldy #$00
  9375 8C45 B1 BB		L8C45       lda (L00BB),Y
  9376 8C47 20 DD ED		            jsr LEDDD
  9377 8C4A C8			            iny
  9378 8C4B C4 B7		            cpy L00B7
  9379 8C4D D0 F6		            bne L8C45
  9380 8C4F 4C 54 F6		            jmp LF654
  9381 8C52 EE 20 D0		L8C52       inc LD01F+1
  9382 8C55 4C 52 8C		            jmp L8C52
  9383 8C58 09 20		L8C58       ora #$20
  9384 8C5A EE 20 D0		            inc LD01F+1
  9385 8C5D 20 A4 F0		            jsr LF0A4
  9386 8C60 48			            pha
  9387 8C61 24 94		            bit L0094
  9388 8C63 10 12		            bpl L8C77
  9389 8C65 38			            sec
  9390 8C66 66 A3		            ror L00A3
  9391 8C68 A0 00		            ldy #$00
  9392 8C6A EE 20 D0		L8C6A       inc LD01F+1
  9393 8C6D C8			            iny
  9394 8C6E D0 FA		            bne L8C6A
  9395 8C70 20 40 ED		            jsr LED40
  9396 8C73 46 94		            lsr L0094
  9397 8C75 46 A3		            lsr L00A3
  9398 8C77 68			L8C77       pla
  9399 8C78 85 95		            sta L0095
  9400 8C7A 78			            sei
  9401 8C7B EE 20 D0		            inc LD01F+1
  9402 8C7E 20 97 EE		            jsr LEE97
  9403 8C81 C9 3F		            cmp #$3F
  9404 8C83 D0 0B		            bne L8C90
  9405 8C85 A0 00		            ldy #$00
  9406 8C87 EE 20 D0		L8C87       inc LD01F+1
  9407 8C8A C8			            iny
  9408 8C8B D0 FA		            bne L8C87
  9409 8C8D 20 85 EE		            jsr LEE85
  9410 8C90 4C 2E ED		L8C90       jmp LED2E
  9411 8C93 4C 11 ED		            jmp LED11
  9412 8C96 FF FF FF FF FF FF +             .byte $FF,$FF,$FF,$FF,$FF,$FF,$FF,$FF,$FF,$FF,$FF,$FF,$FF,$FF,$FF,$FF
  9413 8CA6 FF FF FF FF FF FF +             .byte $FF,$FF,$FF,$FF,$FF,$FF,$FF,$FF,$FF,$FF,$FF,$FF,$FF,$FF,$FF,$FF
  9414 8CB6 FF FF FF FF FF FF +             .byte $FF,$FF,$FF,$FF,$FF,$FF,$FF,$FF,$FF,$FF,$FF,$FF,$FF,$FF,$FF,$FF
  9415 8CC6 FF FF FF FF FF FF +             .byte $FF,$FF,$FF,$FF,$FF,$FF,$FF,$FF,$FF,$FF,$FF,$FF,$FF,$FF,$FF,$FF
  9416 8CD6 FF FF FF FF FF FF +             .byte $FF,$FF,$FF,$FF,$FF,$FF,$FF,$FF,$FF,$FF,$FF,$FF,$FF,$FF,$FF,$FF
  9417 8CE6 FF FF FF FF FF FF +             .byte $FF,$FF,$FF,$FF,$FF,$FF,$FF,$FF,$FF,$FF,$FF,$FF,$FF,$FF,$FF,$FF
  9418 8CF6 FF FF FF FF FF FF +             .byte $FF,$FF,$FF,$FF,$FF,$FF,$FF,$FF,$FF,$FF,$FF,$FF,$FF,$FF,$FF,$FF
  9419 8D06 FF FF FF FF FF FF +             .byte $FF,$FF,$FF,$FF,$FF,$FF,$FF,$FF,$FF,$FF,$FF,$FF,$FF,$FF,$FF,$FF
  9420 8D16 FF FF FF FF FF FF +             .byte $FF,$FF,$FF,$FF,$FF,$FF,$FF,$FF,$FF,$FF,$FF,$FF,$FF,$FF,$FF,$FF
  9421 8D26 FF FF FF FF FF FF +             .byte $FF,$FF,$FF,$FF,$FF,$FF,$FF,$FF,$FF,$FF,$FF,$FF,$FF,$FF,$FF,$FF
  9422 8D36 FF FF FF FF FF FF +             .byte $FF,$FF,$FF,$FF,$FF,$FF,$FF,$FF,$FF,$FF,$FF,$FF,$FF,$FF,$FF,$FF
  9423 8D46 FF FF FF FF FF FF +             .byte $FF,$FF,$FF,$FF,$FF,$FF,$FF,$FF,$FF,$FF,$FF,$FF,$FF,$FF,$FF,$FF
  9424 8D56 FF FF FF FF FF FF +             .byte $FF,$FF,$FF,$FF,$FF,$FF,$FF,$FF,$FF,$FF,$FF,$FF,$FF,$FF,$FF,$FF
  9425 8D66 FF FF FF FF FF FF +             .byte $FF,$FF,$FF,$FF,$FF,$FF,$FF,$FF,$FF,$FF,$FF,$FF,$FF,$FF,$FF,$FF
  9426 8D76 FF FF FF FF FF FF +             .byte $FF,$FF,$FF,$FF,$FF,$FF,$FF,$FF,$FF,$FF,$FF,$FF,$FF,$FF,$FF,$FF
  9427 8D86 FF FF FF FF FF FF +             .byte $FF,$FF,$FF,$FF,$FF,$FF,$FF,$FF,$FF,$FF,$FF,$FF,$FF,$FF,$FF,$FF
  9428 8D96 FF FF FF FF FF FF +             .byte $FF,$FF,$FF,$FF,$FF,$FF,$FF,$FF,$FF,$FF,$FF,$FF,$FF,$FF,$FF,$FF
  9429 8DA6 FF FF FF FF FF FF +             .byte $FF,$FF,$FF,$FF,$FF,$FF,$FF,$FF,$FF,$FF,$FF,$FF,$FF,$FF,$FF,$FF
  9430 8DB6 FF FF FF FF FF FF +             .byte $FF,$FF,$FF,$FF,$FF,$FF,$FF,$FF,$FF,$FF,$FF,$FF,$FF,$FF,$FF,$FF
  9431 8DC6 FF FF FF FF FF FF +             .byte $FF,$FF,$FF,$FF,$FF,$FF,$FF,$FF,$FF,$FF,$FF,$FF,$FF,$FF,$FF,$FF
  9432 8DD6 FF FF FF FF FF FF +             .byte $FF,$FF,$FF,$FF,$FF,$FF,$FF,$FF,$FF,$FF,$FF,$FF,$FF,$FF,$FF,$FF
  9433 8DE6 FF FF FF FF FF FF +             .byte $FF,$FF,$FF,$FF,$FF,$FF,$FF,$FF,$FF,$FF,$FF,$FF,$FF,$FF,$FF,$FF
  9434 8DF6 FF FF FF FF FF FF +             .byte $FF,$FF,$FF,$FF,$FF,$FF,$FF,$FF,$FF,$FF,$FF,$FF,$FF,$FF,$FF,$FF
  9435 8E06 FF FF FF FF FF FF +             .byte $FF,$FF,$FF,$FF,$FF,$FF,$FF,$FF,$FF,$FF,$FF,$FF,$FF,$FF,$FF,$FF
  9436 8E16 FF			            .byte $FF
  9437 8E17 FF FF FF FF FF FF + L8E17       .byte $FF,$FF,$FF,$FF,$FF,$FF,$FF,$FF,$FF,$FF,$FF,$FF,$FF,$FF,$FF,$FF
  9438 8E27 FF FF FF FF FF FF +             .byte $FF,$FF,$FF,$FF,$FF,$FF,$FF,$FF,$FF,$FF,$FF,$FF,$FF,$FF,$FF,$FF
  9439 8E37 FF FF FF FF FF FF +             .byte $FF,$FF,$FF,$FF,$FF,$FF,$FF,$FF,$FF,$FF,$FF,$FF,$FF,$FF,$FF,$FF
  9440 8E47 FF FF FF FF FF FF +             .byte $FF,$FF,$FF,$FF,$FF,$FF,$FF,$FF,$FF,$FF,$FF,$FF,$FF,$FF,$FF,$FF
  9441 8E57 FF FF FF FF FF FF +             .byte $FF,$FF,$FF,$FF,$FF,$FF,$FF,$FF,$FF,$FF,$FF,$FF,$FF,$FF,$FF,$FF
  9442 8E67 FF FF FF FF FF FF +             .byte $FF,$FF,$FF,$FF,$FF,$FF,$FF,$FF,$FF,$FF,$FF,$FF,$FF,$FF,$FF,$FF
  9443 8E77 FF FF FF FF FF FF +             .byte $FF,$FF,$FF,$FF,$FF,$FF,$FF,$FF,$FF,$FF,$FF,$FF,$FF,$FF,$FF,$FF
  9444 8E87 FF FF FF FF FF FF +             .byte $FF,$FF,$FF,$FF,$FF,$FF,$FF,$FF,$FF,$FF,$FF,$FF,$FF,$FF,$FF,$FF
  9445 8E97 FF FF FF FF FF FF +             .byte $FF,$FF,$FF,$FF,$FF,$FF,$FF,$FF,$FF,$FF,$FF,$FF,$FF,$FF,$FF,$FF
  9446 8EA7 FF FF FF FF FF FF +             .byte $FF,$FF,$FF,$FF,$FF,$FF,$FF,$FF,$FF,$FF,$FF,$FF,$FF,$FF,$FF,$FF
  9447 8EB7 FF FF FF FF FF FF +             .byte $FF,$FF,$FF,$FF,$FF,$FF,$FF,$FF,$FF,$FF,$FF,$FF,$FF,$FF,$FF,$FF
  9448 8EC7 FF FF FF FF FF FF +             .byte $FF,$FF,$FF,$FF,$FF,$FF,$FF,$FF,$FF,$FF,$FF,$FF,$FF,$FF,$FF,$FF
  9449 8ED7 FF FF FF FF FF FF +             .byte $FF,$FF,$FF,$FF,$FF,$FF,$FF,$FF,$FF,$FF,$FF,$FF,$FF,$FF,$FF,$FF
  9450 8EE7 FF			            .byte $FF
  9451 8EE8 FF FF FF FF FF FF + L8EE8       .byte $FF,$FF,$FF,$FF,$FF,$FF,$FF,$FF,$FF,$FF,$FF,$FF,$FF,$FF,$FF,$FF
  9452 8EF8 FF FF FF FF FF FF +             .byte $FF,$FF,$FF,$FF,$FF,$FF,$FF,$FF,$FF,$FF,$FF,$FF,$FF,$FF,$FF,$FF
  9453 8F08 FF FF FF FF FF FF +             .byte $FF,$FF,$FF,$FF,$FF,$FF,$FF,$FF,$FF,$FF,$FF,$FF,$FF,$FF,$FF,$FF
  9454 8F18 FF FF FF FF FF FF +             .byte $FF,$FF,$FF,$FF,$FF,$FF,$FF,$FF,$FF,$FF,$FF,$FF,$FF,$FF,$FF,$FF
  9455 8F28 FF FF FF FF FF FF +             .byte $FF,$FF,$FF,$FF,$FF,$FF,$FF,$FF,$FF,$FF,$FF,$FF,$FF,$FF,$FF,$FF
  9456 8F38 FF FF FF FF FF FF +             .byte $FF,$FF,$FF,$FF,$FF,$FF,$FF,$FF,$FF,$FF,$FF,$FF,$FF,$FF,$FF,$FF
  9457 8F48 FF FF FF FF FF FF +             .byte $FF,$FF,$FF,$FF,$FF,$FF,$FF,$FF,$FF,$FF,$FF,$FF,$FF,$FF,$FF,$FF
  9458 8F58 FF FF FF FF FF FF +             .byte $FF,$FF,$FF,$FF,$FF,$FF,$FF,$FF,$FF,$FF,$FF,$FF,$FF,$FF,$FF,$FF
  9459 8F68 FF FF FF FF FF FF +             .byte $FF,$FF,$FF,$FF,$FF,$FF,$FF,$FF,$FF,$FF,$FF,$FF,$FF,$FF,$FF,$FF
  9460 8F78 FF FF FF FF FF FF +             .byte $FF,$FF,$FF,$FF,$FF,$FF,$FF,$FF,$FF,$FF,$FF,$FF,$FF,$FF,$FF,$FF
  9461 8F88 FF FF FF FF FF FF +             .byte $FF,$FF,$FF,$FF,$FF,$FF,$FF,$FF,$FF,$FF,$FF,$FF,$FF,$FF,$FF,$FF
  9462 8F98 FF FF FF FF FF FF +             .byte $FF,$FF,$FF,$FF,$FF,$FF,$FF,$FF,$FF,$FF,$FF,$FF,$FF,$FF,$FF,$FF
  9463 8FA8 FF FF FF FF FF FF +             .byte $FF,$FF,$FF,$FF,$FF,$FF,$FF,$FF,$FF,$FF,$FF,$FF,$FF,$FF,$FF,$FF
  9464 8FB8 FF FF FF FF FF FF +             .byte $FF,$FF,$FF,$FF,$FF,$FF,$FF,$FF,$FF,$FF,$FF,$FF,$FF,$FF,$FF,$FF
  9465 8FC8 FF FF FF FF FF FF +             .byte $FF,$FF,$FF,$FF,$FF,$FF,$FF,$FF,$FF,$FF,$FF,$FF,$FF,$FF,$FF,$FF
  9466 8FD8 FF FF FF FF FF FF +             .byte $FF,$FF,$FF,$FF,$FF,$FF,$FF,$FF,$FF,$FF,$FF,$FF,$FF,$FF,$FF,$FF
  9467 8FE8 FF FF FF FF FF FF +             .byte $FF,$FF,$FF,$FF,$FF,$FF,$FF,$FF,$FF,$FF,$FF,$FF,$FF,$FF,$FF,$FF
  9468 8FF8 FF FF FF FF FF FF +             .byte $FF,$FF,$FF,$FF,$FF,$FF,$FF,$FF
  9469 9000 78			            sei
  9470 9001 A9 2F		            lda #$2F
  9471 9003 85 00		            sta L0000
  9472 9005 A9 35		            lda #$35
  9473 9007 85 01		            sta NGFLAG
  9474 9009 A6 BA		            ldx L00BA
  9475 900B E0 06		            cpx #$06
  9476 900D B0 02		            bcs L9011
  9477 900F A2 00		            ldx #$00
  9478 9011 A9 00		L9011       lda #$00
  9479 9013 A8			            tay
  9480 9014 99 02 00		L9014       sta CASINI,Y
  9481 9017 99 00 01		            sta L0100,Y
  9482 901A 99 00 02		L901A       sta VDSLST,Y
  9483 901D 99 14 02		            sta VTIMR4,Y
  9484 9020 C8			            iny
  9485 9021 D0 F1		            bne L9014
  9486 9023 8E 09 CA		            stx LCA09
  9487 9026 20 1D 92		            jsr L921D
  9488 9029 A9 25		            lda #$25
  9489 902B 85 02		            sta CASINI
  9490 902D A2 3F		L902D       ldx #$3F
  9491 902F EC 12 D0		L902F       cpx TRIG2
  9492 9032 D0 FB		            bne L902F
  9493 9034 E8			            inx
  9494 9035 EC 12 D0		L9035       cpx TRIG2
  9495 9038 D0 FB		            bne L9035
  9496 903A A4 02		L903A       ldy CASINI
  9497 903C 88			L903C       dey
  9498 903D D0 FD		            bne L903C
  9499 903F CA			            dex
  9500 9040 D0 F8		            bne L903A
  9501 9042 AD 12 D0		            lda TRIG2
  9502 9045 8D 13 03		            sta TEMP1+1
  9503 9048 F0 0F		            beq L9059
  9504 904A C9 03		            cmp #$03
  9505 904C F0 13		            beq L9061
  9506 904E C9 FD		            cmp #$FD
  9507 9050 D0 DB		            bne L902D
  9508 9052 CE EF 90		            dec L90EE+1
  9509 9055 A9 48		            lda #$48
  9510 9057 D0 02		            bne L905B
  9511 9059 A9 A1		L9059       lda #$A1
  9512 905B 8D F6 90		L905B       sta L90F6
  9513 905E EE DB 90		            inc L90DA+1
  9514 9061 A9 3F		L9061       lda #$3F
  9515 9063 8D 15 D0		            sta COLPM3
  9516 9066 A9 00		            lda #$00
  9517 9068 85 0C		            sta DOSINI
  9518 906A 85 0D		            sta DOSINI+1
  9519 906C 85 06		            sta TRAMSZ
  9520 906E 85 07		            sta CMCMD
  9521 9070 A2 00		            ldx #$00
  9522 9072 A0 D8		            ldy #$D8
  9523 9074 86 0A		            stx DOSVEC
  9524 9076 84 0B		            sty DOSVEC+1
  9525 9078 A2 18		            ldx #$18
  9526 907A BD D0 B2		L907A       lda LB2D0,X
  9527 907D A0 27		            ldy #$27
  9528 907F 91 0A		L907F       sta (DOSVEC),Y
  9529 9081 88			            dey
  9530 9082 10 FB		            bpl L907F
  9531 9084 18			            clc
  9532 9085 A5 0A		            lda DOSVEC
  9533 9087 69 28		            adc #$28
  9534 9089 85 0A		            sta DOSVEC
  9535 908B 90 02		            bcc L908F
  9536 908D E6 0B		            inc DOSVEC+1
  9537 908F CA			L908F       dex
  9538 9090 10 E8		            bpl L907A
  9539 9092 A2 5F		            ldx #$5F
  9540 9094 A0 B2		            ldy #$B2
  9541 9096 86 0A		            stx DOSVEC
  9542 9098 84 0B		            sty DOSVEC+1
  9543 909A A9 01		            lda #$01
  9544 909C 85 09		            sta BOOT
  9545 909E A9 08		            lda #$08
  9546 90A0 A2 03		            ldx #$03
  9547 90A2 9D CD D8		L90A2       sta LD8CB+2,X
  9548 90A5 9D B5 D8		            sta LD8B5,X
  9549 90A8 9D 38 D9		            sta LD937+1,X
  9550 90AB CA			            dex
  9551 90AC 10 F4		            bpl L90A2
  9552 90AE A2 0B		            ldx #$0B
  9553 90B0 9D 51 D9		L90B0       sta LD951,X
  9554 90B3 9D 79 D9		            sta LD979,X
  9555 90B6 9D A1 D9		            sta LD9A1,X
  9556 90B9 9D C9 D9		            sta LD9C7+2,X
  9557 90BC 9D F1 D9		            sta LD9F1,X
  9558 90BF 9D 19 DA		            sta LDA17+2,X
  9559 90C2 CA			            dex
  9560 90C3 10 EB		            bpl L90B0
  9561 90C5 20 43 96		            jsr L9643
  9562 90C8 E6 51		L90C8       inc HOLD1
  9563 90CA A5 0D		            lda DOSINI+1
  9564 90CC D0 2F		            bne L90FD
  9565 90CE 2C 21 9C		L90CE       bit L9C21
  9566 90D1 A0 92		            ldy #$92
  9567 90D3 CC 12 D0		L90D3       cpy TRIG2
  9568 90D6 D0 FB		            bne L90D3
  9569 90D8 A2 FF		            ldx #$FF
  9570 90DA A0 0D		L90DA       ldy #$0D
  9571 90DC 88			L90DC       dey
  9572 90DD D0 FD		            bne L90DC
  9573 90DF EA			            nop
  9574 90E0 E8			L90E0       inx
  9575 90E1 BD 00 AC		L90E1       lda LAC00,X
  9576 90E4 8D 21 D0		            sta LD021
  9577 90E7 AD 12 D0		            lda TRIG2
  9578 90EA 29 07		            and #$07
  9579 90EC 49 03		            eor #$03
  9580 90EE F0 F0		L90EE       beq L90E0
  9581 90F0 A0 06		            ldy #$06
  9582 90F2 88			L90F2       dey
  9583 90F3 D0 FD		            bne L90F2
  9584 90F5 EA			            nop
  9585 90F6 46 68		L90F6       lsr SAVADR
  9586 90F8 E8			            inx
  9587 90F9 E0 36		            cpx #$36
  9588 90FB 90 E4		            bcc L90E1
  9589 90FD AD 2F 9B		L90FD       lda L9B2F
  9590 9100 C9 FF		            cmp #$FF
  9591 9102 D0 1F		            bne L9123
  9592 9104 C5 0C		            cmp DOSINI
  9593 9106 D0 19		            bne L9121
  9594 9108 C5 0D		            cmp DOSINI+1
  9595 910A F0 17		            beq L9123
  9596 910C 85 0D		            sta DOSINI+1
  9597 910E A9 20		            lda #$20
  9598 9110 8D ED 91		            sta L91ED
  9599 9113 8D A0 91		            sta L91A0
  9600 9116 A9 2C		            lda #$2C
  9601 9118 8D F3 91		            sta L91F3
  9602 911B A9 12		L911B       lda #$12
  9603 911D 85 A4		            sta L00A4
  9604 911F D0 02		            bne L9123
  9605 9121 E6 0C		L9121       inc DOSINI
  9606 9123 AD 2E 9B		L9123       lda L9B2E
  9607 9126 C9 01		L9126       cmp #$01
  9608 9128 D0 2A		            bne L9154
  9609 912A A9 0F		            lda #$0F
  9610 912C 8D 84 91		            sta L9183+1
  9611 912F A9 0C		            lda #$0C
  9612 9131 8D 89 91		            sta L9188+1
  9613 9134 A9 0B		            lda #$0B
  9614 9136 8D 8E 91		            sta L918D+1
  9615 9139 A2 27		            ldx #$27
  9616 913B A9 09		L913B       lda #$09
  9617 913D 9D 20 DB		            sta LDB20,X
  9618 9140 9D 48 DB		            sta LDB48,X
  9619 9143 A9 08		            lda #$08
  9620 9145 9D 70 DB		            sta LDB6F+1,X
  9621 9148 9D 98 DB		            sta LDB98,X
  9622 914B 9D C0 DB		            sta LDBC0,X
  9623 914E CA			            dex
  9624 914F 10 EA		            bpl L913B
  9625 9151 8E 27 91		            stx L9126+1
  9626 9154 C9 02		L9154       cmp #$02
  9627 9156 D0 08		            bne L9160
  9628 9158 A9 20		            lda #$20
  9629 915A 8D EA 91		            sta L91EA
  9630 915D 8D CE 90		            sta L90CE
  9631 9160 A5 51		L9160       lda HOLD1
  9632 9162 2C 3E B2		            bit LB23E
  9633 9165 F0 05		            beq L916C
  9634 9167 E6 50		            inc TEMPCHR
  9635 9169 20 3C 0B		            jsr L0B3C
  9636 916C A5 51		L916C       lda HOLD1
  9637 916E 29 3F		            and #$3F
  9638 9170 C9 22		            cmp #$22
  9639 9172 F0 04		            beq L9178
  9640 9174 C9 30		            cmp #$30
  9641 9176 D0 04		            bne L917C
  9642 9178 A9 09		L9178       lda #$09
  9643 917A 85 05		            sta RAMLO+1
  9644 917C A9 D1		L917C       lda #$D1
  9645 917E CD 12 D0		L917E       cmp TRIG2
  9646 9181 B0 FB		            bcs L917E
  9647 9183 A9 00		L9183       lda #$00
  9648 9185 8D 21 D0		            sta LD021
  9649 9188 A9 00		L9188       lda #$00
  9650 918A 8D 22 D0		            sta LD021+1
  9651 918D A9 00		L918D       lda #$00
  9652 918F 8D 23 D0		            sta LD021+2
  9653 9192 A9 D0		L9192       lda #$D0
  9654 9194 8D 16 D0		            sta COLPF0
  9655 9197 20 83 92		            jsr L9283
  9656 919A 20 CA 92		            jsr L92CA
  9657 919D 20 A9 92		            jsr L92A9
  9658 91A0 2C BB 42		L91A0       bit L42BB
  9659 91A3 AD 56 B2		            lda LB256
  9660 91A6 A2 17		            ldx #$17
  9661 91A8 BC B8 B2		L91A8       ldy LB2B8,X
  9662 91AB 99 28 D8		            sta LD826+2,Y
  9663 91AE CA			            dex
  9664 91AF 10 F7		            bpl L91A8
  9665 91B1 8D 62 D9		            sta LD962
  9666 91B4 8D 87 D9		            sta LD987
  9667 91B7 8D 8C D9		            sta LD98A+2
  9668 91BA 20 09 93		            jsr L9309
  9669 91BD A2 D4		            ldx #$D4
  9670 91BF A0 13		            ldy #$13
  9671 91C1 A9 F8		            lda #$F8
  9672 91C3 CD 12 D0		L91C3       cmp TRIG2
  9673 91C6 B0 FB		            bcs L91C3
  9674 91C8 8E 16 D0		            stx COLPF0
  9675 91CB 8C 11 D0		            sty GRAFM
  9676 91CE A0 1B		            ldy #$1B
  9677 91D0 A9 04		            lda #$04
  9678 91D2 CD 12 D0		L91D2       cmp TRIG2
  9679 91D5 D0 FB		            bne L91D2
  9680 91D7 8C 11 D0		            sty GRAFM
  9681 91DA AD 74 9E		            lda L9E74
  9682 91DD F0 1A		            beq L91F9
  9683 91DF A2 02		            ldx #$02
  9684 91E1 BD 53 B2		L91E1       lda LB253,X
  9685 91E4 9D 21 D0		            sta LD021,X
  9686 91E7 CA			            dex
  9687 91E8 10 F7		            bpl L91E1
  9688 91EA 2C 39 93		L91EA       bit L9339
  9689 91ED 2C 30 9B		L91ED       bit L9B30
  9690 91F0 20 75 9E		            jsr L9E75
  9691 91F3 20 46 96		L91F3       jsr L9646
  9692 91F6 4C C8 90		            jmp L90C8
  9693 91F9 8D 11 D0		L91F9       sta GRAFM
  9694 91FC A2 18		            ldx #$18
  9695 91FE 9D 00 D4		L91FE       sta DMACLT,X
  9696 9201 CA			            dex
  9697 9202 10 FA		            bpl L91FE
  9698 9204 A9 10		            lda #$10
  9699 9206 A2 02		L9206       ldx #$02
  9700 9208 2C 11 D0		L9208       bit TRIG1
  9701 920B 10 FB		            bpl L9208
  9702 920D 2C 11 D0		L920D       bit TRIG1
  9703 9210 30 FB		            bmi L920D
  9704 9212 2C 00 DC		            bit LDBFF+1
  9705 9215 F0 EF		            beq L9206
  9706 9217 CA			            dex
  9707 9218 10 EE		            bpl L9208
  9708 921A 4C 46 88		            jmp L8846
  9709 921D A9 C4		L921D       lda #$C4
  9710 921F 8D FA FF		            sta LFFFA
  9711 9222 8D 18 03		            sta STACKP
  9712 9225 A9 1E		            lda #$1E
  9713 9227 8D FB FF		            sta LFFFB
  9714 922A 8D 19 03		            sta TSTAT
  9715 922D A9 7F		            lda #$7F
  9716 922F 8D 0D DC		            sta LDC0D
  9717 9232 8D 0D DD		            sta LDD0C+1
  9718 9235 AD 0D DC		            lda LDC0D
  9719 9238 2C 11 D0		L9238       bit TRIG1
  9720 923B 10 FB		            bpl L9238
  9721 923D 2C 11 D0		L923D       bit TRIG1
  9722 9240 30 FB		            bmi L923D
  9723 9242 A9 00		            lda #$00
  9724 9244 8D 10 D0		            sta GRAFP3
  9725 9247 8D 11 D0		            sta GRAFM
  9726 924A 8D 17 D0		            sta COLPF1
  9727 924D A2 05		            ldx #$05
  9728 924F 8A			L924F       txa
  9729 9250 0A			            asl
  9730 9251 A8			            tay
  9731 9252 A9 FC		            lda #$FC
  9732 9254 99 01 D0		            sta HPOSP1,Y
  9733 9257 A9 00		            lda #$00
  9734 9259 9D 1B D0		            sta PRIOR,X
  9735 925C 9D 20 D0		            sta LD01F+1,X
  9736 925F 9D 27 D0		            sta LD026+1,X
  9737 9262 CA			            dex
  9738 9263 10 EA		            bpl L924F
  9739 9265 8E 02 DC		            stx LDC01+1
  9740 9268 8D 03 DC		            sta LDC03
  9741 926B A9 3F		            lda #$3F
  9742 926D 8D 02 DD		            sta LDD01+1
  9743 9270 AD 00 DD		            lda LDD00
  9744 9273 29 FC		            and #$FC
  9745 9275 09 01		            ora #$01
  9746 9277 8D 00 DD		            sta LDD00
  9747 927A A9 A9		            lda #$A9
  9748 927C 8D 18 D0		            sta COLPF2
  9749 927F 8E FF BF		            stx LBFFF
  9750 9282 60			            rts
  9751 9283 A5 51		L9283       lda HOLD1
  9752 9285 29 03		            and #$03
  9753 9287 C9 03		            cmp #$03
  9754 9289 D0 1D		            bne L92A8
  9755 928B A2 02		            ldx #$02
  9756 928D 18			L928D       clc
  9757 928E BD 45 B2		            lda LB245,X
  9758 9291 69 01		            adc #$01
  9759 9293 29 07		            and #$07
  9760 9295 9D 45 B2		            sta LB245,X
  9761 9298 A8			            tay
  9762 9299 B9 4B B2		            lda LB24B,Y
  9763 929C BC 48 B2		            ldy LB248,X
  9764 929F 99 28 D8		            sta LD826+2,Y
  9765 92A2 99 29 D8		            sta LD829,Y
  9766 92A5 CA			            dex
  9767 92A6 10 E5		            bpl L928D
  9768 92A8 60			L92A8       rts
  9769 92A9 A6 09		L92A9       ldx BOOT
  9770 92AB F0 1C		            beq L92C9
  9771 92AD BC A8 B2		            ldy LB2A8,X
  9772 92B0 B1 0A		            lda (DOSVEC),Y
  9773 92B2 8D 53 B2		            sta LB253
  9774 92B5 C8			            iny
  9775 92B6 B1 0A		            lda (DOSVEC),Y
  9776 92B8 8D 54 B2		            sta LB254
  9777 92BB C8			            iny
  9778 92BC B1 0A		            lda (DOSVEC),Y
  9779 92BE 8D 55 B2		            sta LB255
  9780 92C1 C8			            iny
  9781 92C2 B1 0A		            lda (DOSVEC),Y
  9782 92C4 8D 56 B2		            sta LB256
  9783 92C7 C6 09		            dec BOOT
  9784 92C9 60			L92C9       rts
  9785 92CA A5 0D		L92CA       lda DOSINI+1
  9786 92CC F0 36		            beq L9304
  9787 92CE A5 51		            lda HOLD1
  9788 92D0 29 1F		            and #$1F
  9789 92D2 D0 30		            bne L9304
  9790 92D4 20 44 44		            jsr L4444
  9791 92D7 C9 40		            cmp #$40
  9792 92D9 B0 29		            bcs L9304
  9793 92DB A2 0F		            ldx #$0F
  9794 92DD 86 09		            stx BOOT
  9795 92DF 29 03		            and #$03
  9796 92E1 A8			            tay
  9797 92E2 B9 57 B2		            lda LB257,Y
  9798 92E5 85 0A		            sta DOSVEC
  9799 92E7 B9 5B B2		            lda LB25B,Y
  9800 92EA 85 0B		            sta DOSVEC+1
  9801 92EC 98			            tya
  9802 92ED 29 01		            and #$01
  9803 92EF A8			            tay
  9804 92F0 96 03		            stx CASINI+1,Y
  9805 92F2 A5 A4		            lda L00A4
  9806 92F4 C9 12		            cmp #$12
  9807 92F6 F0 0C		            beq L9304
  9808 92F8 AD 1B D4		            lda LD419+2
  9809 92FB 29 03		            and #$03
  9810 92FD AA			            tax
  9811 92FE BD 05 93		            lda L9305,X
  9812 9301 8D F4 02		            sta CHBAS
  9813 9304 60			L9304       rts
  9814 9305 01 04		L9305       ora (RAMLO,X)
  9815 9307 12 13		            .byte $12,$13
  9816 9309 A5 51		L9309       lda HOLD1
  9817 930B 29 60		            and #$60
  9818 930D D0 14		            bne L9323
  9819 930F A5 51		            lda HOLD1
  9820 9311 4A			            lsr
  9821 9312 4A			            lsr
  9822 9313 29 07		            and #$07
  9823 9315 AA			            tax
  9824 9316 BC 3D B2		            ldy LB23D,X
  9825 9319 20 44 44		            jsr L4444
  9826 931C 29 07		            and #$07
  9827 931E 09 08		            ora #$08
  9828 9320 99 28 D9		            sta LD927+1,Y
  9829 9323 60			L9323       rts
  9830 9324 32 64		            .byte $32,$64
  9831 9326 96 C8		            stx L00C8,Y
  9832 9328 29 0F		L9328       and #$0F
  9833 932A AA			            tax
  9834 932B BD 23 93		            lda L9323,X
  9835 932E 85 02		            sta CASINI
  9836 9330 60			L9330       rts
  9837 9331 C6 02		L9331       dec CASINI
  9838 9333 D0 FB		            bne L9330
  9839 9335 A9 1F		            lda #$1F
  9840 9337 D0 34		            bne L936D
  9841 9339 A5 02		L9339       lda CASINI
  9842 933B D0 F4		            bne L9331
  9843 933D AD 93 91		            lda L9192+1
  9844 9340 49 04		            eor #$04
  9845 9342 8D 93 91		            sta L9192+1
  9846 9345 29 04		            and #$04
  9847 9347 F0 E7		            beq L9330
  9848 9349 A2 00		            ldx #$00
  9849 934B BD 49 AB		L934B       lda LAB49,X
  9850 934E 9D 48 AB		            sta LAB48,X
  9851 9351 E8			            inx
  9852 9352 E0 77		            cpx #$77
  9853 9354 90 F5		            bcc L934B
  9854 9356 A2 00		L9356       ldx #$00
  9855 9358 10 0E		L9358       bpl L9368
  9856 935A C9 FF		L935A       cmp #$FF
  9857 935C D0 CA		            bne L9328
  9858 935E A9 27		            lda #$27
  9859 9360 8D 69 93		            sta L9368+1
  9860 9363 A9 95		            lda #$95
  9861 9365 8D 6A 93		            sta L9368+2
  9862 9368 AD 27 95		L9368       lda L9527
  9863 936B 30 ED		            bmi L935A
  9864 936D EE 69 93		L936D       inc L9368+1
  9865 9370 D0 03		            bne L9375
  9866 9372 EE 6A 93		            inc L9368+2
  9867 9375 29 3F		L9375       and #$3F
  9868 9377 AA			            tax
  9869 9378 8E 57 93		            stx L9356+1
  9870 937B BC AA 93		            ldy L93AA,X
  9871 937E F0 E8		            beq L9368
  9872 9380 A9 3E		            lda #$3E
  9873 9382 8D 59 93		L9382       sta L9358+1
  9874 9385 B9 5A 94		            lda L945A,Y
  9875 9388 8D 6F AB		            sta LAB6F
  9876 938B B9 5B 94		            lda L945B,Y
  9877 938E 8D 97 AB		            sta LAB97
  9878 9391 B9 5C 94		            lda L945C,Y
  9879 9394 8D BF AB		            sta LABBF
  9880 9397 60			            rts
  9881 9398 BC E5 93		            ldy L93E5,X
  9882 939B F0 CB		            beq L9368
  9883 939D A9 47		            lda #$47
  9884 939F D0 E1		            bne L9382
  9885 93A1 BC 20 94		            ldy L9420,X
  9886 93A4 F0 C2		            beq L9368
  9887 93A6 A9 0E		            lda #$0E
  9888 93A8 D0 D8		            bne L9382
  9889 93AA A9 37 3D 01 43 3D + L93AA       .byte $A9,$37,$3D,$01,$43,$3D,$49,$4F,$55,$58,$5B,$61,$67,$6D,$6D,$70
  9890 93BA 49 79 7F 85 88 8E +             .byte $49,$79,$7F,$85,$88,$8E,$91,$67,$97,$9D,$A3,$00,$00,$00,$00,$00
  9891 93CA A9 B2 00 A9 00 00 +             .byte $A9,$B2,$00,$A9,$00,$00,$00,$00,$00,$00,$00,$00,$00,$00,$AC,$00
  9892 93DA 01 07 0D 13 19 1F +             .byte $01,$07,$0D,$13,$19,$1F,$25,$2B,$31,$34,$AF
  9893 93E5 A9 3A 16 40 04 46 + L93E5       .byte $A9,$3A,$16,$40,$04,$46,$4C,$52,$58,$00,$5E,$64,$6A,$6D,$3A,$73
  9894 93F5 76 7C 82 22 8B 5E +             .byte $76,$7C,$82,$22,$8B,$5E,$94,$8E,$9A,$A0,$A6,$00,$00,$00
  9895 9403 00 00 00 00 00 A9 + L9403       .byte $00,$00,$00,$00,$00,$A9,$00,$00,$00,$00,$00,$00,$00,$00,$00,$00
  9896 9413 00 00 04 0A 10 16 +             .byte $00,$00,$04,$0A,$10,$16,$1C,$22,$28,$2E,$16,$04,$00
  9897 9420 00 00 00 00 00 00	L9420       .byte $00,$00,$00,$00,$00,$00
  9898 9426 00 00 00 00 00 00 + L9426       .byte $00,$00,$00,$00,$00,$00,$00,$3A,$00,$00,$00,$00,$00,$00,$00,$00
  9899 9436 00 5E 00 00 00 00 +             .byte $00,$5E,$00,$00,$00,$00,$00,$00,$00,$00,$00,$00,$00,$A9,$00,$00
  9900 9446 00 00 00 00 00 00 +             .byte $00,$00,$00,$00,$00,$00,$00,$00,$00,$00,$00,$00,$00,$00,$00,$00
  9901 9456 00 00 00 00		            .byte $00,$00,$00,$00
  9902 945A 00			L945A       .byte $00
  9903 945B 01			L945B       .byte $01
  9904 945C 0D 22 02 0E 23 03 + L945C       .byte $0D,$22,$02,$0E,$23,$03,$0F,$24,$04,$10,$25,$01,$11,$26,$02,$12
  9905 946C 27 01 13 28 02 14 +             .byte $27,$01,$13,$28,$02,$14,$23,$05,$15,$29,$06,$16,$2A,$07,$17,$2B
  9906 947C 08 18 23 01 19 2C +             .byte $08,$18,$23,$01,$19,$2C,$08,$1A,$23,$09,$1B,$2D,$0A,$1C,$10,$01
  9907 948C 1D 2C 01 1E 2E 01 +             .byte $1D,$2C,$01,$1E,$2E,$01,$1F,$2F,$02,$0E,$30,$07,$1F,$26,$08,$20
  9908 949C 27 07 0D 31 08 21 +             .byte $27,$07,$0D,$31,$08,$21,$32,$07,$1F,$2F,$08,$36,$42,$01,$37,$22
  9909 94AC 08 38 23 0A 39 2F +             .byte $08,$38,$23,$0A,$39,$2F,$0A,$0E,$30,$53,$53,$43,$0A,$0E,$23,$34
  9910 94BC 3A 44 0A 3B 45 0A +             .byte $3A,$44,$0A,$3B,$45,$0A,$0E,$31,$53,$53,$27,$07,$0D,$30,$07,$0D
  9911 94CC 31 0A 0E 46 02 12 +             .byte $31,$0A,$0E,$46,$02,$12,$53,$07,$3C,$47,$0A,$0E,$48,$07,$3D,$49
  9912 94DC 02 3E 30 01 3F 2E +             .byte $02,$3E,$30,$01,$3F,$2E,$35,$40,$2D,$08,$41,$10,$0A,$0E,$4A,$0A
  9913 94EC 0E 4B 0A 0E 4C 0A +             .byte $0E,$4B,$0A,$0E,$4C,$0A,$4D,$2F,$0A,$14,$30,$0A,$4E,$2D,$0A,$12
  9914 94FC 10 09 4F 52 0A 50 +             .byte $10,$09,$4F,$52,$0A,$50,$27,$53,$53,$53,$53,$53,$51,$53,$51,$51
  9915 950C 0A 30 51 54 56 58 +             .byte $0A,$30,$51,$54,$56,$58,$55,$57,$59,$5A,$5D,$60,$5B,$5E,$61,$5C
  9916 951C 5F 62 63 66 69 64 +             .byte $5F,$62,$63,$66,$69,$64,$67,$6A,$65,$68,$6B
  9917 9527 23 23 50 41 52 41 + L9527       .byte $23,$23,$50,$41,$52,$41,$44,$52,$4F,$49,$44,$20,$52,$45,$44,$55
  9918 9537 58 23 23 83		            .byte $58,$23,$23,$83
  9919 953B 23 23 23 23 23 23 + L953B       .byte $23,$23,$23,$23,$23,$23,$23,$23,$23,$44,$45,$53,$49,$47,$4E,$45
  9920 954B 44 20 42 59 40 40 +             .byte $44,$20,$42,$59,$40,$40,$41,$4E,$44,$52,$45,$57,$20,$42,$52,$41
  9921 955B 59 42 52 4F 4F 4B +             .byte $59,$42,$52,$4F,$4F,$4B,$40,$40,$83,$23,$23,$23,$23,$23,$23,$23
  9922 956B 48 45 41 56 49 4C +             .byte $48,$45,$41,$56,$49,$4C,$59,$20,$4D,$4F,$44,$49,$46,$49,$45,$44
  9923 957B 20 42 59 40 54 4E +             .byte $20,$42,$59,$40,$54,$4E,$54,$20,$4F,$46,$20,$42,$45,$59,$4F,$4E
  9924 958B 44 20 46 4F 52 43 +             .byte $44,$20,$46,$4F,$52,$43,$45,$40,$81,$23,$23,$23,$23,$23,$23,$23
  9925 959B 23 23 23 23 23 23 +             .byte $23,$23,$23,$23,$23,$23,$23,$55,$53,$45,$20,$4A,$4F,$59,$53,$54
  9926 95AB 49 43 4B 20 49 4E +             .byte $49,$43,$4B,$20,$49,$4E,$20,$50,$4F,$52,$54,$20,$32,$23,$23,$23
  9927 95BB 23 55 50 3A 20 4F +             .byte $23,$55,$50,$3A,$20,$4F,$52,$49,$47,$49,$4E,$41,$4C,$20,$47,$52
  9928 95CB 41 50 48 49 43 53 +             .byte $41,$50,$48,$49,$43,$53,$23,$23,$23,$23,$44,$4F,$57,$4E,$3A,$20
  9929 95DB 4D 45 54 41 4C 20 +             .byte $4D,$45,$54,$41,$4C,$20,$45,$44,$49,$54,$49,$4F,$4E,$23,$23,$23
  9930 95EB 23 4C 45 46 54 3A +             .byte $23,$4C,$45,$46,$54,$3A,$20,$4E,$4F,$52,$4D,$41,$4C,$20,$4D,$4F
  9931 95FB 44 45 23 23 23 23 +             .byte $44,$45,$23,$23,$23,$23,$52,$49,$47,$48,$54,$3A,$20,$43,$4F,$4D
  9932 960B 50 45 54 49 54 49 +             .byte $50,$45,$54,$49,$54,$49,$4F,$4E,$20,$4D,$4F,$44,$45,$23,$23,$23
  9933 961B 23 23 23 46 49 52 +             .byte $23,$23,$23,$46,$49,$52,$45,$3A,$20,$53,$54,$41,$52,$54,$20,$47
  9934 962B 41 4D 45 23 40 81 +             .byte $41,$4D,$45,$23,$40,$81,$23,$23,$23,$23,$23,$23,$23,$23,$23,$23
  9935 963B 23 23 23 23 23 23 +             .byte $23,$23,$23,$23,$23,$23,$23,$FF
  9936 9643 4C 49 96		L9643       .byte $4C,$49,$96
  9937 9646 4C 4E 96 A9 11 85 + L9646       .byte $4C,$4E,$96,$A9,$11,$85,$90,$60,$A5,$90,$C9,$01,$F0,$1B,$C9,$11
  9938 9656 D0 16 20 90 98 A9 +             .byte $D0,$16,$20,$90,$98,$A9,$0F,$8D,$18,$D4,$A9,$01,$85,$F2,$A9,$00
  9939 9666 8D 2E 9B A9 FE 8D +             .byte $8D,$2E,$9B,$A9,$FE,$8D,$2F,$9B,$60,$C6,$F2,$F0,$03,$4C,$2D,$97
  9940 9676 A9 05 85 F2 AD 2F +             .byte $A9,$05,$85,$F2,$AD,$2F,$9B,$C9,$FE,$90,$34,$F0,$04,$60,$EE,$2E
  9941 9686 9B A2 00 AD 2E 9B +             .byte $9B,$A2,$00,$AD,$2E,$9B,$0A,$6D,$2E,$9B,$A8,$B9,$60,$99,$8D,$2F
  9942 9696 9B 30 EA B9 60 99 +             .byte $9B,$30,$EA,$B9,$60,$99,$84,$A0,$A8,$B9,$A5,$99,$95,$F3,$B9,$C4
  9943 96A6 99 95 FC A9 01 95 +             .byte $99,$95,$FC,$A9,$01,$95,$F6,$A4,$A0,$C8,$E8,$E0,$03,$D0,$E4,$A2
  9944 96B6 00 D6 F6 D0 6D 86 +             .byte $00,$D6,$F6,$D0,$6D,$86,$9F,$B5,$FC,$85,$A3,$B5,$F3,$85,$A2,$A0
  9945 96C6 00 B1 A2 D0 10 C8 +             .byte $00,$B1,$A2,$D0,$10,$C8,$B1,$A2,$29,$07,$95,$F9,$B1,$A2,$4A,$4A
  9946 96D6 4A 4A 95 A4 C8 A9 +             .byte $4A,$4A,$95,$A4,$C8,$A9,$FF,$D1,$A2,$F0,$A3,$98,$75,$F3,$95,$F3
  9947 96E6 A9 00 75 FC 95 FC +             .byte $A9,$00,$75,$FC,$95,$FC,$B1,$A2,$4A,$4A,$4A,$4A,$D0,$02,$A9,$10
  9948 96F6 95 F6 B5 F9 AA B1 +             .byte $95,$F6,$B5,$F9,$AA,$B1,$A2,$29,$0F,$A8,$B9,$52,$99
  9949 9703 85 F0 B9 42 99 4A + L9703       .byte $85,$F0,$B9,$42,$99,$4A,$66,$F0,$CA,$D0,$FA,$A6,$9F,$B4,$A4,$C8
  9950 9713 94 91 BE DA 98 9D +             .byte $94,$91,$BE,$DA,$98,$9D,$E4,$98,$9D,$F0,$98,$A5,$F0,$9D,$E3,$98
  9951 9723 9D EF 98 A6 9F E8 +             .byte $9D,$EF,$98,$A6,$9F,$E8,$E0,$03,$D0,$8A,$A0,$00,$84,$9F,$B9,$91
  9952 9733 00 F0 0C 30 04 B6 +             .byte $00,$F0,$0C,$30,$04,$B6,$96,$30,$06,$99,$96,$00,$20,$1D,$98,$A4
  9953 9743 9F A9 00 99 91 00 +             .byte $9F,$A9,$00,$99,$91,$00,$C8,$84,$9F,$C0,$03,$90,$E1,$A2,$00,$86
  9954 9753 9F BD C0 98 85 A1 +             .byte $9F,$BD,$C0,$98,$85,$A1,$BD,$C3,$98,$85,$A0,$AA,$B5,$C6,$D0,$03
  9955 9763 4C 05 98 A4 A1 18 +             .byte $4C,$05,$98,$A4,$A1,$18,$B5,$C0,$75,$C2,$95,$C0,$99,$00,$D4,$B5
  9956 9773 C1 75 C3 95 C1 99 +             .byte $C1,$75,$C3,$95,$C1,$99,$01,$D4,$18,$B5,$C7,$75,$C9,$95,$C7,$99
  9957 9783 02 D4 B5 C8 75 CA +             .byte $02,$D4,$B5,$C8,$75,$CA,$95,$C8,$99,$03,$D4,$F0,$04,$C9,$0F,$90
  9958 9793 11 38 B5 C9 49 FF +             .byte $11,$38,$B5,$C9,$49,$FF,$69,$00,$95,$C9,$B5,$CA,$49,$FF,$69,$00
  9959 97A3 95 CA A6 9F B4 99 +             .byte $95,$CA,$A6,$9F,$B4,$99,$F0,$0E,$88,$94,$99,$D0,$09,$B5,$9C,$29
  9960 97B3 FE A4 A1 99 04 D4 +             .byte $FE,$A4,$A1,$99,$04,$D4,$A6,$A0,$D6,$C4,$D0,$53,$B5,$C5,$95,$C4
  9961 97C3 B5 CB C9 01 F0 25 +             .byte $B5,$CB,$C9,$01,$F0,$25,$38,$B5,$C2,$49,$FF,$69,$00,$95,$C2,$B5
  9962 97D3 C3 49 FF 69 00 95 +             .byte $C3,$49,$FF,$69,$00,$95,$C3,$38,$B5,$C9,$49,$FF,$69,$00,$95,$C9
  9963 97E3 B5 CA 49 FF 69 00 +             .byte $B5,$CA,$49,$FF,$69,$00,$95,$CA,$4C,$F6,$97,$B5,$CC,$95,$C0,$B5
  9964 97F3 CD 95 C1 D6 C6 D0 +             .byte $CD,$95,$C1,$D6,$C6,$D0,$18,$20,$7B,$98,$B5,$CE,$F0,$04,$A6,$9F
  9965 9803 95 91 A6 9F A9 00 +             .byte $95,$91,$A6,$9F,$A9,$00,$95,$96,$E0,$02,$D0,$03,$20,$AA,$98,$A6
  9966 9813 9F E8 E0 03 B0 03 +             .byte $9F,$E8,$E0,$03,$B0,$03,$4C,$52,$97,$60,$A6,$9F,$BD,$C0,$98,$85
  9967 9823 A1 B6 96		            .byte $A1,$B6,$96
  9968 9826 BD DA 98 A0 00 18 + L9826       .byte $BD,$DA,$98,$A0,$00,$18,$69,$E2,$85,$A2,$98,$69,$98,$85,$A3,$B1
  9969 9836 A2 AA 20 7B 98 99 +             .byte $A2,$AA,$20,$7B,$98,$99,$00,$D4,$99,$01,$D4,$99,$02,$D4,$A9,$08
  9970 9846 99 03 D4 BD C7 98 +             .byte $99,$03,$D4,$BD,$C7,$98,$99,$04,$D4,$48,$BD,$CC,$98,$99,$05,$D4
  9971 9856 BD D1 98 99 06 D4 +             .byte $BD,$D1,$98,$99,$06,$D4,$BD,$D6,$98,$A6,$9F,$95,$99,$68,$95,$9C
  9972 9866 09 01 99 04 D4 A4 +             .byte $09,$01,$99,$04,$D4,$A4,$9F,$BE,$C4,$98,$A0,$0F,$B1,$A2,$95,$BF
  9973 9876 CA 88 D0 F8 60 A4 +             .byte $CA,$88,$D0,$F8,$60,$A4,$A1,$A9,$00,$99,$06,$D4,$99,$05,$D4,$A9
  9974 9886 08 99 04 D4 A9 00 +             .byte $08,$99,$04,$D4,$A9,$00,$99,$04,$D4,$60,$29,$0F,$85,$90,$A0,$18
  9975 9896 A9 00 99 00 D4 88 +             .byte $A9,$00,$99,$00,$D4,$88,$10,$FA,$85,$91,$85,$92,$85,$93,$85,$96
  9976 98A6 85 97 85 98 A9 FF +             .byte $85,$97,$85,$98,$A9,$FF,$8D,$0E,$D4,$8D,$0F,$D4,$A9,$00,$8D,$13
  9977 98B6 D4 8D 14 D4 A9 81 +             .byte $D4,$8D,$14,$D4,$A9,$81,$8D,$12,$D4,$60,$00,$07,$0E,$00,$0F,$1E
  9978 98C6 2D 40 40 40 80 80 +             .byte $2D,$40,$40,$40,$80,$80,$1D,$7C,$10,$09,$07,$7C,$00,$A2,$00,$00
  9979 98D6 40 40 20 40 40 00 +             .byte $40,$40,$20,$40,$40,$00,$10,$20,$30,$40,$50,$60,$00,$68,$09,$00
  9980 98E6 00 F0 01 01 00 08 +             .byte $00,$F0,$01,$01,$00,$08,$10,$00,$00,$68,$09,$00,$01,$B4,$04,$00
  9981 98F6 00 FF 00 01 80 07 +             .byte $00,$FF,$00,$01,$80,$07,$04,$00,$00,$B4,$04,$00,$02,$31,$1C,$10
  9982 9906 00 03 06 FF 00 08 +             .byte $00,$03,$06,$FF,$00,$08,$00,$00,$00,$31,$1C,$00,$03,$68,$09,$00
  9983 9916 00 40 00 01 00 00 +             .byte $00,$40,$00,$01,$00,$00,$00,$00,$00,$68,$09,$00,$04,$C1,$2C,$00
  9984 9926 00 20 00 01 00 00 +             .byte $00,$20,$00,$01,$00,$00,$00,$00,$00,$C1,$2C,$00,$01,$D1,$12,$08
  9985 9936 00 03 06 FF 00 06 +             .byte $00,$03,$06,$FF,$00,$06,$D0,$00,$00,$D1,$12,$00,$6A,$70,$77,$7E
  9986 9946 86 8E 96 9F A8 B3 +             .byte $86,$8E,$96,$9F,$A8,$B3,$BD,$C8,$D4,$E1,$EE,$FD,$73,$C7,$7C,$97
  9987 9956 1E 18 8B 7E FA 06 +             .byte $1E,$18,$8B,$7E,$FA,$06,$AC,$F3,$E6,$85,$00,$0C,$17,$00,$0C,$17
  9988 9966 01 0D 18 02 0D 18 +             .byte $01,$0D,$18,$02,$0D,$18,$01,$0D,$18,$02,$0E,$18,$03,$0F,$18,$04
  9989 9976 10 18 03 0F 18 04 +             .byte $10,$18,$03,$0F,$18,$04,$10,$18,$05,$11,$18,$06,$10,$19,$07,$12
  9990 9986 19 08 13 18 05 11 +             .byte $19,$08,$13,$18,$05,$11,$1A,$06,$10,$18,$07,$12,$18,$08,$0F,$1B
  9991 9996 09 14 1C 01 15 1D +             .byte $09,$14,$1C,$01,$15,$1D,$0A,$16,$1D,$0B,$11,$1E,$FF,$FF,$FF,$E3
  9992 99A6 E7 EC FA 13 1A 2B +             .byte $E7,$EC,$FA,$13,$1A,$2B,$3C,$4B,$5A,$61,$68,$6A,$6E,$7C,$8C,$94
  9993 99B6 98 9C A8 B3 C2 C7 +             .byte $98,$9C,$A8,$B3,$C2,$C7,$CD,$D1,$E2,$F4,$02,$1C,$23,$2A,$99,$99
  9994 99C6 99 99 9A 9A 9A 9A +             .byte $99,$99,$9A,$9A,$9A,$9A,$9A,$9A,$9A,$9A,$9A,$9A,$9A,$9A,$9A,$9A
  9995 99D6 9A 9A 9A 9A 9A 9A +             .byte $9A,$9A,$9A,$9A,$9A,$9A,$9A,$9A,$9A,$9B,$9B,$9B,$9B,$00,$16,$09
  9996 99E6 FF 69 29 49 49 FF +             .byte $FF,$69,$29,$49,$49,$FF,$00,$16,$69,$00,$15,$29,$00,$14,$24,$29
  9997 99F6 00 15 44 FF 00 16 +             .byte $00,$15,$44,$FF,$00,$16,$29,$00,$15,$29,$00,$16,$29,$00,$14,$24
  9998 9A06 00 16 2B 00 15 2B +             .byte $00,$16,$2B,$00,$15,$2B,$00,$16,$2B,$00,$14,$26,$FF,$00,$15,$61
  9999 9A16 21 41 41 FF 00 15 +             .byte $21,$41,$41,$FF,$00,$15,$66,$00,$14,$16,$38,$00,$15,$26,$00,$14
 10000 9A26 26 00 15 26 FF 00 +             .byte $26,$00,$15,$26,$FF,$00,$15,$66,$00,$14,$16,$38,$00,$15,$26,$00
 10001 9A36 14 26 00 15 28 FF +             .byte $14,$26,$00,$15,$28,$FF,$69,$00,$14,$19,$3B,$00,$15,$29,$00,$14
 10002 9A46 29 00 15 29 FF 69 +             .byte $29,$00,$15,$29,$FF,$69,$00,$14,$19,$3B,$00,$15,$29,$00,$14,$29
 10003 9A56 00 15 2B FF 2D 2B +             .byte $00,$15,$2B,$FF,$2D,$2B,$28,$21,$44,$44,$FF,$00,$15,$66,$26,$46
 10004 9A66 46 FF 06 FF 00 54 +             .byte $46,$FF,$06,$FF,$00,$54,$09,$FF,$00,$53,$69,$00,$52,$44,$00,$53
 10005 9A76 29 00 52 24 29 FF +             .byte $29,$00,$52,$24,$29,$FF,$49,$28,$00,$53,$29,$00,$52,$26,$00,$53
 10006 9A86 29 00 52 28 24 FF +             .byte $29,$00,$52,$28,$24,$FF,$2D,$21,$2B,$21,$29,$28,$46,$FF,$00,$52
 10007 9A96 01 FF 00 53 06 FF +             .byte $01,$FF,$00,$53,$06,$FF,$00,$23,$4D,$2B,$2D,$00,$22,$26,$24,$23
 10008 9AA6 24 FF 00 23 4D 2B +             .byte $24,$FF,$00,$23,$4D,$2B,$2D,$00,$22,$46,$24,$23,$FF,$28,$2B,$2D
 10009 9AB6 2B 1D 1B 18 14 11 +             .byte $2B,$1D,$1B,$18,$14,$11,$00,$53,$1B,$19,$14,$FF,$61,$21,$41,$41
 10010 9AC6 FF 61 21 44 29 28 +             .byte $FF,$61,$21,$44,$29,$28,$FF,$00,$06,$09,$FF,$00,$34,$46,$00,$42
 10011 9AD6 29 29 00 35 46 00 +             .byte $29,$29,$00,$35,$46,$00,$42,$19,$19,$1F,$1F,$FF,$00,$34,$46,$00
 10012 9AE6 42 19 19 19 19 00 +             .byte $42,$19,$19,$19,$19,$00,$34,$26,$26,$00,$42,$29,$29,$FF,$00,$42
 10013 9AF6 19 19 13 13 00 34 +             .byte $19,$19,$13,$13,$00,$34,$46,$26,$26,$26,$26,$FF,$00,$34,$26,$00
 10014 9B06 42 19 19 00 34 26 +             .byte $42,$19,$19,$00,$34,$26,$00,$42,$19,$19,$00,$34,$26,$00,$42,$19
 10015 9B16 19 00 34 26 26 FF +             .byte $19,$00,$34,$26,$26,$FF,$00,$04,$6D,$2D,$4D,$4D,$FF,$00,$04,$69
 10016 9B26 29 49 49 FF 00 04 +             .byte $29,$49,$49,$FF,$00,$04,$06,$FF
 10017 9B2E 00			L9B2E       .byte $00
 10018 9B2F 00			L9B2F       .byte $00
 10019 9B30 A2 63 BD 59 9B 9D + L9B30       .byte $A2,$63,$BD,$59,$9B,$9D,$E0,$A9,$BD,$BD,$9B,$9D,$44,$AA,$A9,$08
 10020 9B40 9D E0 D9 9D 44 DA +             .byte $9D,$E0,$D9,$9D,$44,$DA,$CA,$10,$E9,$A2,$4F,$A9,$00,$9D,$A8,$AA
 10021 9B50 CA 10 FA A9 2C 8D +             .byte $CA,$10,$FA,$A9,$2C,$8D,$ED,$91,$60,$C3,$C3,$C3,$C3,$C3,$B4,$C3
 10022 9B60 C3 B4 C3 C3 C3 C3 +             .byte $C3,$B4,$C3,$C3,$C3,$C3,$C3,$C3,$C3,$B7,$BB,$B7,$B7,$B7,$B7,$B7
 10023 9B70 C4 C5 C6 B7 B7 BC +             .byte $C4,$C5,$C6,$B7,$B7,$BC,$B7,$C3,$C3,$BD,$C3,$C3,$BD,$C3,$C3,$C3
 10024 9B80 C3 C7 C8 C7 C7 C9 +             .byte $C3,$C7,$C8,$C7,$C7,$C9,$CA,$CB,$C9,$CA,$CB,$C7,$CC,$C7,$C7,$C8
 10025 9B90 C7 CD BB B7 B7 B7 +             .byte $C7,$CD,$BB,$B7,$B7,$B7,$B7,$B7,$CE,$CF,$D0,$B7,$B7,$BC,$D1,$C7
 10026 9BA0 C7 B4 C7 C7 B4 C7 +             .byte $C7,$B4,$C7,$C7,$B4,$C7,$C7,$C7,$CC,$D2,$D3,$D2,$D2,$D2,$D3,$D2
 10027 9BB0 D2 D2 D3 D2 D2 D2 +             .byte $D2,$D2,$D3,$D2,$D2,$D2,$D3,$D2,$D2,$D2,$D3,$D2,$D2,$D2,$D3,$D2
 10028 9BC0 D4 D5 D6 D2 D2 D2 +             .byte $D4,$D5,$D6,$D2,$D2,$D2,$D3,$D2,$D2,$B4,$D3,$D2,$B4,$D2,$D3,$D2
 10029 9BD0 D2 C7 C7 C7 C7 CC +             .byte $D2,$C7,$C7,$C7,$C7,$CC,$C7,$C7,$C7,$C8,$C7,$C7,$C7,$C7,$CC,$C7
 10030 9BE0 C7 C7 C8 C7 C7 C7 +             .byte $C7,$C7,$C8,$C7,$C7,$C7,$C7,$CC,$C7,$C7,$C7,$C8,$C7,$C7,$C7,$D7
 10031 9BF0 C9 CA CB C9 CA CB +             .byte $C9,$CA,$CB,$C9,$CA,$CB,$C7,$C7,$C7,$D2,$D2,$D8,$D2,$D2,$D2,$D2
 10032 9C00 D8 D2 D2 D2 D2 D8 +             .byte $D8,$D2,$D2,$D2,$D2,$D8,$D2,$D2,$D2,$D2,$D8,$D2,$D2,$D2,$D2,$D8
 10033 9C10 D2 D2 D2 D2 D8 D2 +             .byte $D2,$D2,$D2,$D2,$D8,$D2,$D2,$D2,$D2,$D8,$D2,$D2,$D2,$D2,$D8,$D2
 10034 9C20 D2			            .byte $D2
 10035 9C21 A5 06 0A AA BD 34 + L9C21       .byte $A5,$06,$0A,$AA,$BD,$34,$9C,$8D,$32,$9C,$BD,$35,$9C,$8D,$33,$9C
 10036 9C31 4C 31 9C 44 9C 7A +             .byte $4C,$31,$9C,$44,$9C,$7A,$9C,$96,$9C,$96,$9C,$FC,$9C,$62,$9D,$A2
 10037 9C41 9D 05 9E A6 08 E0 +             .byte $9D,$05,$9E,$A6,$08,$E0,$3F,$B0,$1A,$A5,$07,$18,$69,$60,$85,$07
 10038 9C51 90 10 A0 08 B9 71 +             .byte $90,$10,$A0,$08,$B9,$71,$9C,$9D,$00,$AC,$CA,$30,$03,$88,$10,$F4
 10039 9C61 E6 08 60 E0 BC 90 +             .byte $E6,$08,$60,$E0,$BC,$90,$F9,$A9,$00,$85,$08,$85,$07,$E6,$06,$60
 10040 9C71 00 08 0A 07 0D 03 +             .byte $00,$08,$0A,$07,$0D,$03,$0E,$04,$06,$E6,$08,$A5,$08,$C9
 10041 9C7F 01 D0 0A 20 14 9E + L9C7F       .byte $01,$D0,$0A,$20,$14,$9E,$20,$35,$9E,$20,$51,$9E,$60,$C9,$E2,$D0
 10042 9C8F FB 20 06 9E 4C 68 +             .byte $FB,$20,$06,$9E,$4C,$68,$9C,$E6,$08,$A5,$08,$C9,$7F,$B0,$49,$4A
 10043 9C9F 90 10 AA A0 08 B9 +             .byte $90,$10,$AA,$A0,$08,$B9,$F3,$9C,$9D,$00,$AC,$CA,$30,$03,$88,$10
 10044 9CAF F4 60 E9 34 49 FF +             .byte $F4,$60,$E9,$34,$49,$FF,$18,$69,$01,$AA,$E0,$1D,$F0,$1D,$B0,$04
 10045 9CBF E0 13 B0 16 A0 00 +             .byte $E0,$13,$B0,$16,$A0,$00,$E0,$36,$B0,$06,$B9,$EA,$9C,$9D,$00,$AC
 10046 9CCF E8 C8 C0 09 F0 04 +             .byte $E8,$C8,$C0,$09,$F0,$04,$C0,$12,$D0,$EC,$60,$A9,$00,$A0,$09,$9D
 10047 9CDF 00 AC E8 88 D0 F9 +             .byte $00,$AC,$E8,$88,$D0,$F9,$F0,$F2,$4C,$68,$9C,$01,$0E,$03,$0E,$04
 10048 9CEF 06 04 06 00 00 0D +             .byte $06,$04,$06,$00,$00,$0D,$01,$0D,$03,$05,$03,$05,$01,$E6,$08,$A5
 10049 9CFF 08 C9 3F B0 49 4A +             .byte $08,$C9,$3F,$B0,$49,$4A,$90,$10,$AA,$A0,$08,$B9,$59,$9D,$9D,$00
 10050 9D0F AC CA 30 03 88 10 +             .byte $AC,$CA,$30,$03,$88,$10,$F4,$60,$E9,$34,$49,$FF,$18,$69,$01,$AA
 10051 9D1F E0 1D F0 1D B0 04 +             .byte $E0,$1D,$F0,$1D,$B0,$04,$E0,$13,$B0,$16,$A0,$00,$E0,$36,$B0,$06
 10052 9D2F B9 50 9D 9D 00 AC +             .byte $B9,$50,$9D,$9D,$00,$AC,$E8,$C8,$C0,$09,$F0,$04,$C0,$12,$D0,$EC
 10053 9D3F 60 A9 00 A0 09 9D +             .byte $60,$A9,$00,$A0,$09,$9D,$00,$AC,$E8,$88,$D0,$F9,$F0,$F2,$4C,$68
 10054 9D4F 9C 01 0E 03 0E 04 +             .byte $9C,$01,$0E,$03,$0E,$04,$06,$04,$06,$00,$00,$0D,$01,$0D,$03,$05
 10055 9D5F 03 05 01 E6 08 A5 +             .byte $03,$05,$01,$E6,$08,$A5,$08,$C9,$01,$D0,$03,$4C,$51,$9E,$C9,$05
 10056 9D6F 90 30 D0 03 4C 35 +             .byte $90,$30,$D0,$03,$4C,$35,$9E,$C9,$09,$90,$27,$D0,$03,$4C,$14,$9E
 10057 9D7F C9 B0 90 1E D0 03 +             .byte $C9,$B0,$90,$1E,$D0,$03,$4C,$11,$9E,$C9,$B4,$90,$15,$D0,$03,$4C
 10058 9D8F 32 9E C9 B8 90 0C +             .byte $32,$9E,$C9,$B8,$90,$0C,$D0,$03,$4C,$4E,$9E,$C9,$E1,$90,$03,$4C
 10059 9D9F 68 9C 60 E6 08 A5 +             .byte $68,$9C,$60,$E6,$08,$A5,$08,$C9,$EE,$B0,$1C,$A2,$34,$BD,$00,$AC
 10060 9DAF 9D 01 AC CA 10 F7 +             .byte $9D,$01,$AC,$CA,$10,$F7,$A2,$23,$BD,$E1,$9D,$8D,$00,$AC,$CA,$10
 10061 9DBF 02 A2 23 8E B6 9D +             .byte $02,$A2,$23,$8E,$B6,$9D,$60,$A9,$00,$85,$08,$E6,$07,$A5,$07,$C9
 10062 9DCF 02 90 D8 20 06 9E +             .byte $02,$90,$D8,$20,$06,$9E,$20,$14,$9E,$20,$35,$9E,$20,$51,$9E,$4C
 10063 9DDF 68 9C 00 00 00 00 +             .byte $68,$9C,$00,$00,$00,$00,$06,$04,$0E,$03,$01,$0A,$08,$02,$00,$00
 10064 9DEF 00 00 02 08 0A 01 +             .byte $00,$00,$02,$08,$0A,$01,$0D,$03,$05,$05,$00,$00,$00,$00,$05,$0D
 10065 9DFF 03 01 03 0E 04 06 +             .byte $03,$01,$03,$0E,$04,$06,$60,$A2,$35,$A9,$00,$9D,$00,$AC,$CA,$10
 10066 9E0F FA 60 A2 08 2C A2 +             .byte $FA,$60,$A2,$08,$2C,$A2,$00,$E8,$A0,$01,$BD,$62,$9E,$99,$31,$AC
 10067 9E1F E8 C8 C0 05 90 F4 +             .byte $E8,$C8,$C0,$05,$90,$F4,$BD,$62,$9E,$99,$FB,$AB,$E8,$C8,$C0,$08
 10068 9E2F 90 F4 60 A2 08 2C +             .byte $90,$F4,$60,$A2,$08,$2C,$A2,$00,$A0,$01,$E8,$BD,$62,$9E,$99,$08
 10069 9E3F AC 99 26 AC E8 C8 +             .byte $AC,$99,$26,$AC,$E8,$C8,$C0,$03,$F0,$F0,$C0,$07,$D0,$ED,$60,$A2
 10070 9E4F 08 2C A2 00 A0 00 +             .byte $08,$2C,$A2,$00,$A0,$00,$BD,$62,$9E,$99,$17,$AC,$E8,$C8,$C0,$08
 10071 9E5F D0 F4 60 09 08 07 +             .byte $D0,$F4,$60,$09,$08,$07,$01,$07,$07,$08,$09,$00,$00,$00,$00,$00
 10072 9E6F 00 00 00		            .byte $00,$00,$00
 10073 9E72 FF			L9E72       .byte $FF
 10074 9E73 FF			L9E73       .byte $FF
 10075 9E74 FF			L9E74       .byte $FF
 10076 9E75 AE C5 9E		L9E75       ldx L9EC5
 10077 9E78 D0 2E		            bne L9EA8
 10078 9E7A AD 00 DC		            lda LDBFF+1
 10079 9E7D 49 1F		            eor #$1F
 10080 9E7F 29 1F		            and #$1F
 10081 9E81 F0 41		            beq L9EC4
 10082 9E83 A2 04		            ldx #$04
 10083 9E85 4A			L9E85       lsr
 10084 9E86 B0 03		            bcs L9E8B
 10085 9E88 CA			            dex
 10086 9E89 10 FA		            bpl L9E85
 10087 9E8B D0 37		L9E8B       bne L9EC4
 10088 9E8D EC 74 9E		            cpx L9E74
 10089 9E90 F0 32		            beq L9EC4
 10090 9E92 8E 74 9E		            stx L9E74
 10091 9E95 CA			            dex
 10092 9E96 30 2C		            bmi L9EC4
 10093 9E98 8A			            txa
 10094 9E99 A8			            tay
 10095 9E9A 4A			            lsr
 10096 9E9B AA			            tax
 10097 9E9C 7E 72 9E		            ror L9E72,X
 10098 9E9F 20 C6 9E		            jsr L9EC6
 10099 9EA2 A9 37		            lda #$37
 10100 9EA4 8D C5 9E		            sta L9EC5
 10101 9EA7 60			            rts
 10102 9EA8 CE C5 9E		L9EA8       dec L9EC5
 10103 9EAB 8A			            txa
 10104 9EAC C9 33		            cmp #$33
 10105 9EAE 90 04		            bcc L9EB4
 10106 9EB0 E9 2E		            sbc #$2E
 10107 9EB2 B0 04		            bcs L9EB8
 10108 9EB4 C9 03		L9EB4       cmp #$03
 10109 9EB6 B0 0C		            bcs L9EC4
 10110 9EB8 AA			L9EB8       tax
 10111 9EB9 BD 9E B2		            lda LB29E,X
 10112 9EBC A2 05		            ldx #$05
 10113 9EBE 9D 27 D0		L9EBE       sta LD026+1,X
 10114 9EC1 CA			            dex
 10115 9EC2 10 FA		            bpl L9EBE
 10116 9EC4 60			L9EC4       rts
 10117 9EC5 00			L9EC5       .byte $00
 10118 9EC6 B9 3C 9F		L9EC6       lda L9F3C,Y
 10119 9EC9 A2 00		            ldx #$00
 10120 9ECB 9D 00 D0		L9ECB       sta HPOSP0,X
 10121 9ECE 18			            clc
 10122 9ECF 69 18		            adc #$18
 10123 9ED1 E8			            inx
 10124 9ED2 E8			            inx
 10125 9ED3 E0 0C		            cpx #$0C
 10126 9ED5 90 F4		            bcc L9ECB
 10127 9ED7 A9 00		            lda #$00
 10128 9ED9 A2 17		            ldx #$17
 10129 9EDB 9D 00 B0		L9EDB       sta LB000,X
 10130 9EDE 9D 40 B0		            sta LB040,X
 10131 9EE1 9D 80 B0		            sta LB080,X
 10132 9EE4 9D C0 B0		            sta LB0C0,X
 10133 9EE7 9D 00 B1		            sta LB100,X
 10134 9EEA 9D 40 B1		            sta LB140,X
 10135 9EED 9D 80 B1		            sta LB180,X
 10136 9EF0 9D C0 B1		            sta LB1C0,X
 10137 9EF3 CA			            dex
 10138 9EF4 10 E5		            bpl L9EDB
 10139 9EF6 85 0E		            sta APPMHI
 10140 9EF8 A9 B0		            lda #$B0
 10141 9EFA 85 0F		            sta APPMHI+1
 10142 9EFC B9 38 9F		            lda L9F38,Y
 10143 9EFF A8			            tay
 10144 9F00 B9 00 B2		L9F00       lda LB200,Y
 10145 9F03 30 2F		            bmi L9F34
 10146 9F05 8C 1C 9F		            sty L9F1B+1
 10147 9F08 0A			            asl
 10148 9F09 0A			            asl
 10149 9F0A 0A			            asl
 10150 9F0B 09 07		            ora #$07
 10151 9F0D AA			            tax
 10152 9F0E A0 15		            ldy #$15
 10153 9F10 BD E9 B2		L9F10       lda LB2E9,X
 10154 9F13 91 0E		            sta (APPMHI),Y
 10155 9F15 CA			            dex
 10156 9F16 88			            dey
 10157 9F17 88			            dey
 10158 9F18 88			            dey
 10159 9F19 10 F5		L9F19       bpl L9F10
 10160 9F1B A0 00		L9F1B       ldy #$00
 10161 9F1D C8			L9F1D       iny
 10162 9F1E E6 0E		            inc APPMHI
 10163 9F20 A5 0E		            lda APPMHI
 10164 9F22 29 3F		            and #$3F
 10165 9F24 C9 03		            cmp #$03
 10166 9F26 90 D8		            bcc L9F00
 10167 9F28 45 0E		            eor APPMHI
 10168 9F2A 69 3F		            adc #$3F
 10169 9F2C 85 0E		            sta APPMHI
 10170 9F2E 90 D0		            bcc L9F00
 10171 9F30 E6 0F		            inc APPMHI+1
 10172 9F32 D0 CC		            bne L9F00
 10173 9F34 0A			L9F34       asl
 10174 9F35 F0 E6		            beq L9F1D
 10175 9F37 60			            rts
 10176 9F38 0C 00 2F 1D		L9F38       .byte $0C,$00,$2F,$1D
 10177 9F3C 77 8B 83 73 FF FF + L9F3C       .byte $77,$8B,$83,$73,$FF,$FF,$FF,$FF,$FF,$FF,$FF,$FF,$FF,$FF,$FF,$FF
 10178 9F4C FF FF FF FF FF FF +             .byte $FF,$FF,$FF,$FF,$FF,$FF,$FF,$FF,$FF,$FF,$FF,$FF,$FF,$FF,$FF,$FF
 10179 9F5C FF FF FF FF FF FF +             .byte $FF,$FF,$FF,$FF,$FF,$FF,$FF,$FF,$FF,$FF,$FF,$FF,$FF,$FF,$FF,$FF
 10180 9F6C FF FF FF FF FF FF +             .byte $FF,$FF,$FF,$FF,$FF,$FF,$FF,$FF,$FF,$FF,$FF,$FF,$FF,$FF,$FF,$FF
 10181 9F7C FF FF FF FF FF FF +             .byte $FF,$FF,$FF,$FF,$FF,$FF,$FF,$FF,$FF,$FF,$FF,$FF,$FF,$FF,$FF,$FF
 10182 9F8C FF FF FF FF FF FF +             .byte $FF,$FF,$FF,$FF,$FF,$FF,$FF,$FF,$FF,$FF,$FF,$FF,$FF,$FF,$FF,$FF
 10183 9F9C FF FF FF FF FF FF +             .byte $FF,$FF,$FF,$FF,$FF,$FF,$FF,$FF,$FF,$FF,$FF,$FF,$FF,$FF,$FF,$FF
 10184 9FAC FF FF FF FF FF FF +             .byte $FF,$FF,$FF,$FF,$FF,$FF,$FF,$FF,$FF,$FF,$FF,$FF,$FF,$FF,$FF,$FF
 10185 9FBC FF FF FF FF FF FF +             .byte $FF,$FF,$FF,$FF,$FF,$FF,$FF,$FF,$FF,$FF,$FF,$FF,$FF,$FF,$FF,$FF
 10186 9FCC FF FF FF FF FF FF +             .byte $FF,$FF,$FF,$FF,$FF,$FF,$FF,$FF,$FF,$FF,$FF,$FF,$FF,$FF,$FF,$FF
 10187 9FDC FF FF FF FF FF FF +             .byte $FF,$FF,$FF,$FF,$FF,$FF,$FF,$FF,$FF,$FF,$FF,$FF,$FF,$FF,$FF,$FF
 10188 9FEC FF FF FF FF FF FF +             .byte $FF,$FF,$FF,$FF,$FF,$FF,$FF,$FF,$FF,$FF,$FF,$FF,$FF,$FF,$FF,$FF
 10189 9FFC FF FF FF FF FF FF +             .byte $FF,$FF,$FF,$FF,$FF,$FF,$FF,$FF,$FF,$FF
 10190 A006 FF FF 00 15 40 3F + LA006       .byte $FF,$FF,$00,$15,$40,$3F,$C0,$15,$55,$6A,$00,$00,$40,$10,$E4,$24
 10191 A016 64 64 00 04 11 4E +             .byte $64,$64,$00,$04,$11,$4E,$32,$C6,$16,$66,$00,$00,$00,$40,$40,$40
 10192 A026 40 40 00 01 04 13 +             .byte $40,$40,$00,$01,$04,$13,$4C,$31,$C5,$19,$00,$00,$40,$90,$90,$90
 10193 A036 90 90 00 55 00 FF +             .byte $90,$90,$00,$55,$00,$FF,$00,$55,$55,$6A,$00,$40,$10,$E4,$24,$64
 10194 A046 64 A4 00 55 00 FF +             .byte $64,$A4,$00,$55,$00,$FF,$00,$55,$55,$AA,$00,$40,$10,$E4,$24,$64
 10195 A056 64 64 AA 55 00 FF +             .byte $64,$64,$AA,$55,$00,$FF,$00,$00,$00,$00,$FF,$FF,$FF,$FF,$FF,$FF
 10196 A066 FF FF 7F 6A 65 64 +             .byte $FF,$FF,$7F,$6A,$65,$64,$64,$64,$64,$64,$64,$64,$64,$64,$64,$64
 10197 A076 64 64 B6 E6 56 06 +             .byte $64,$64,$B6,$E6,$56,$06,$06,$06,$06,$06,$40,$40,$40,$40,$40,$40
 10198 A086 40 40 BF EA 55 00 +             .byte $40,$40,$BF,$EA,$55,$00,$15,$6A,$7F,$6A,$64,$64,$64,$64,$A4,$E4
 10199 A096 90 40 BF EA 55 00 +             .byte $90,$40,$BF,$EA,$55,$00,$15,$2A,$3F,$1A,$64,$64,$64,$A4,$E4,$14
 10200 A0A6 60 64 6D 79 65 51 +             .byte $60,$64,$6D,$79,$65,$51,$55,$A9,$FD,$69,$90,$90,$90,$10,$60,$A4
 10201 A0B6 E4 A4 7F 6A 55 40 +             .byte $E4,$A4,$7F,$6A,$55,$40,$55,$AA,$FF,$6A,$E4,$A4,$54,$00,$00,$60
 10202 A0C6 64 64 7F 6A 55 40 +             .byte $64,$64,$7F,$6A,$55,$40,$55,$6A,$7F,$6A,$E4,$A4,$54,$00,$80,$50
 10203 A0D6 64 64 FF 6A 15 05 +             .byte $64,$64,$FF,$6A,$15,$05,$06,$06,$06,$06,$64,$64,$64,$B4,$E4,$90
 10204 A0E6 40 40 7F 6A 65 80 +             .byte $40,$40,$7F,$6A,$65,$80,$55,$2A,$7F,$6A,$7F,$6A,$65,$40,$95,$EA
 10205 A0F6 7F 1A 7F 6A 65 40 +             .byte $7F,$1A,$7F,$6A,$65,$40,$55,$6A,$7F,$6A,$E4,$A4,$54,$00
 10206 A104 00 00 00 00 E4 A4 + LA104       .byte $00,$00,$00,$00,$E4,$A4,$54,$00,$40,$90,$90,$90,$64,$40,$55,$95
 10207 A114 EA 7F 1A 05 64 64 +             .byte $EA,$7F,$1A,$05,$64,$64,$64,$A4,$E4,$A4,$90,$40,$06,$06,$55,$55
 10208 A124 AA FF 6A 15 40 40 +             .byte $AA,$FF,$6A,$15,$40,$40,$50,$64,$A4,$E4,$A4,$54,$65,$40,$55,$55
 10209 A134 AA FF 6A 15 00 00 +             .byte $AA,$FF,$6A,$15,$00,$00,$50,$64,$A4,$E4,$A4,$54,$05,$40,$55,$95
 10210 A144 EA 7F 1A 05 15 01 +             .byte $EA,$7F,$1A,$05,$15,$01,$01,$01,$02,$03,$01,$00,$94,$90,$90,$90
 10211 A154 90 90 90 50 15 00 +             .byte $90,$90,$90,$50,$15,$00,$55,$55,$AA,$FF,$6A,$15,$65,$40,$55,$95
 10212 A164 EA 7F 1A 05 06 06 +             .byte $EA,$7F,$1A,$05,$06,$06,$06,$06,$0A,$0E,$06,$01,$05,$00,$55,$55
 10213 A174 AA FF 6A 15 65 64 +             .byte $AA,$FF,$6A,$15,$65,$64,$64,$64,$A4,$E4,$64,$14,$64,$64,$64,$64
 10214 A184 A4 E4 64 14 64 40 +             .byte $A4,$E4,$64,$14,$64,$40,$55,$55,$AA,$FF,$6A,$15,$50,$00,$50,$64
 10215 A194 A4 E4 A4 54 00 00 +             .byte $A4,$E4,$A4,$54,$00,$00,$00,$00,$55,$AA,$AA,$AA,$00,$40,$10,$E1
 10216 A1A4 20 67 60 5D 00 55 +             .byte $20,$67,$60,$5D,$00,$55,$00,$FF,$00,$55,$55,$A6,$E4,$A4,$54,$00
 10217 A1B4 80 90 90 90 7F 6A +             .byte $80,$90,$90,$90,$7F,$6A,$65,$64,$65,$66,$67,$64,$E4,$A4,$54,$00
 10218 A1C4 60 64 64 64 64 64 +             .byte $60,$64,$64,$64,$64,$64,$64,$40,$55,$6A,$7F,$6A,$41,$45,$56,$57
 10219 A1D4 56 55 65 75 A0 D0 +             .byte $56,$55,$65,$75,$A0,$D0,$80,$40,$00,$00,$00,$00,$7F,$6A,$65,$64
 10220 A1E4 64 64 64 61 7F 6A +             .byte $64,$64,$64,$61,$7F,$6A,$65,$40,$55,$69,$7E,$6B,$64,$64,$64,$64
 10221 A1F4 A4 E4 54 60 7F 6A +             .byte $A4,$E4,$54,$60,$7F,$6A,$55,$40,$95,$EA,$7F,$1A,$F7,$66,$16,$06
 10222 A204 06 06 06 06 E4 A4 +             .byte $06,$06,$06,$06,$E4,$A4,$54,$40,$40,$40,$40,$40,$50,$00,$00,$00
 10223 A214 00 00 00 00 00 40 +             .byte $00,$00,$00,$00,$00,$40,$55,$95,$EA,$7F,$1A,$05,$69,$6D,$66,$67
 10224 A224 A5 E4 64 14 00 40 +             .byte $A5,$E4,$64,$14,$00,$40,$50,$54,$94,$E4,$64,$14,$64,$64,$64,$64
 10225 A234 A4 E4 A4 54 45 55 +             .byte $A4,$E4,$A4,$54,$45,$55,$59,$6E,$BB,$E6,$50,$00,$A4,$24,$64,$64
 10226 A244 A4 E4 A4 14 66 64 +             .byte $A4,$E4,$A4,$14,$66,$64,$64,$64,$A4,$E4,$64,$14,$64,$40,$55,$55
 10227 A254 AA FF AA 55 44 51 +             .byte $AA,$FF,$AA,$55,$44,$51,$95,$E6,$7B,$1E,$05,$00,$64,$64,$A4,$E4
 10228 A264 90 40 00 00 64 64 +             .byte $90,$40,$00,$00,$64,$64,$44,$91,$D5,$19,$6E,$7B,$64,$64,$44,$51
 10229 A274 95 E6 77 16 FF 6A +             .byte $95,$E6,$77,$16,$FF,$6A,$15,$05,$16,$5B,$6E,$79,$64,$64,$64,$B4
 10230 A284 E4 90 40 00 00 00 +             .byte $E4,$90,$40,$00,$00,$00,$50,$64,$A4,$E4,$64,$14,$64,$64,$55,$55
 10231 A294 AA FF 6A 15 00 00 +             .byte $AA,$FF,$6A,$15,$00,$00,$00,$00,$00,$00,$00,$00,$00,$01,$04,$03
 10232 A2A4 0C 01 05 05 00 00 +             .byte $0C,$01,$05,$05,$00,$00,$40,$10,$E4,$24,$64,$64,$09,$05,$01,$01
 10233 A2B4 01 01 01 11 A4 94 +             .byte $01,$01,$01,$11,$A4,$94,$90,$90,$90,$90,$90,$90,$45,$11,$55,$55
 10234 A2C4 AA FF 6A 15 50 04 +             .byte $AA,$FF,$6A,$15,$50,$04,$59,$59,$A9,$F9,$A9,$55,$01,$00,$03,$00
 10235 A2D4 02 00 01 01 54 01 +             .byte $02,$00,$01,$01,$54,$01,$FE,$02,$5A,$52,$56,$56,$00,$00,$40,$40
 10236 A2E4 40 40 40 40 02 01 +             .byte $40,$40,$40,$40,$02,$01,$15,$41,$15,$55,$55,$55,$5A,$5A,$55,$54
 10237 A2F4 55 55 55 55 40 40 +             .byte $55,$55,$55,$55,$40,$40,$40,$10,$44,$59,$59,$59,$59,$59,$59,$59
 10238 A304 AA FB 69 14 56 56 +             .byte $AA,$FB,$69,$14,$56,$56,$56,$56,$AA,$FE,$AA,$55,$59,$59,$59,$59
 10239 A314 A9 F9 69 15 00 05 +             .byte $A9,$F9,$69,$15,$00,$05,$00,$0F,$00,$05,$05,$06,$00,$55,$00,$FF
 10240 A324 00 55 55 AA 00 40 +             .byte $00,$55,$55,$AA,$00,$40,$10,$E4,$24,$64,$64,$64,$07,$06,$06,$06
 10241 A334 06 06 06 16 FF AA +             .byte $06,$06,$06,$16,$FF,$AA,$55,$40,$40,$40,$40,$41,$64,$64,$64,$64
 10242 A344 64 64 64 64 46 16 +             .byte $64,$64,$64,$64,$46,$16,$56,$9A,$EE,$39,$04,$00,$44,$41,$45,$49
 10243 A354 4E 03 00 00 64 64 +             .byte $4E,$03,$00,$00,$64,$64,$64,$A4,$E4,$90,$40,$00,$FF,$FF,$FF,$FF
 10244 A364 FF FF FA EA FF FF +             .byte $FF,$FF,$FA,$EA,$FF,$FF,$FF,$FF,$FF,$FF,$AA,$AA,$FF,$FF,$FF,$FF
 10245 A374 FF FF AA AA FF FF +             .byte $FF,$FF,$AA,$AA,$FF,$FF,$FF,$FF,$FF,$FF,$AF,$AB,$FA,$EA,$DA,$DA
 10246 A384 D6 D6 D5 D5 AA AA +             .byte $D6,$D6,$D5,$D5,$AA,$AA,$FE,$FE,$FE,$BE,$AA,$AA,$AA,$AA,$BF,$BF
 10247 A394 BF BE AA AA AF AB +             .byte $BF,$BE,$AA,$AA,$AF,$AB,$A7,$A7,$97,$97,$57,$57,$EA,$EA,$DA,$D6
 10248 A3A4 D5 D5 D5 D4 FE FE +             .byte $D5,$D5,$D5,$D4,$FE,$FE,$BE,$AA,$AA,$55,$00,$00,$BF,$BF,$BE,$AA
 10249 A3B4 AA 55 00 00 AB AB +             .byte $AA,$55,$00,$00,$AB,$AB,$A7,$97,$57,$57,$57,$17,$FF,$FF,$FF,$FF
 10250 A3C4 FF FF FF FE D5 D5 +             .byte $FF,$FF,$FF,$FE,$D5,$D5,$D0,$C0,$FF,$FF,$FF,$95,$55,$00,$01,$01
 10251 A3D4 02 06 06 06 55 00 +             .byte $02,$06,$06,$06,$55,$00,$90,$90,$E0,$E4,$E4,$E4,$57,$57,$07,$03
 10252 A3E4 FF FF FF 56 FF FF +             .byte $FF,$FF,$FF,$56,$FF,$FF,$FF,$FF,$FF,$FF,$FF,$BF,$D0,$C0,$F0,$FF
 10253 A3F4 FF FF FF 95 01 01 +             .byte $FF,$FF,$FF,$95,$01,$01,$06,$06,$06,$06,$06,$06,$90,$90,$E0,$E4
 10254 A404 E4			            .byte $E4
 10255 A405 E4 E4 E4 07 03 0F + LA405       .byte $E4,$E4,$E4,$07,$03,$0F,$FF,$FF,$FF,$FF,$56,$FA,$FA,$F6,$F5,$E9
 10256 A415 AA 95		            .byte $AA,$95
 10257 A417 55 B5 9B 89 A8 6A + LA417       .byte $55,$B5,$9B,$89,$A8,$6A,$55,$5D,$59,$46,$96,$A5,$AA,$AA,$55,$FF
 10258 A427 AA E5 E6 5A AA AA +             .byte $AA,$E5,$E6,$5A,$AA,$AA,$55,$FF,$AA,$5E,$E6,$62,$2A,$A9,$55,$75
 10259 A437 65 AF AF 9F 5F 6B +             .byte $65,$AF,$AF,$9F,$5F,$6B,$AA,$56,$55,$40,$18,$19,$19,$19,$19,$19
 10260 A447 19 51 5D 55 40 00 +             .byte $19,$51,$5D,$55,$40,$00,$00,$00,$00,$00,$FF,$55,$00,$00,$01,$01
 10261 A457 01 00 FF 55 00 00 +             .byte $01,$00,$FF,$55,$00,$00,$90,$90,$90,$45,$75,$55,$01,$00,$00,$00
 10262 A467 00 01 19 19 19 19 +             .byte $00,$01,$19,$19,$19,$19,$19,$19,$19,$19,$19,$19,$19,$19,$19,$15
 10263 A477 00 00 FF FF FF FF +             .byte $00,$00,$FF,$FF,$FF,$FF,$55,$55,$AA,$02,$06,$06,$06,$06,$06,$46
 10264 A487 96 E0 E4 E4 E4 E4 +             .byte $96,$E0,$E4,$E4,$E4,$E4,$E4,$E5,$E6,$00,$FF,$FF,$FF,$FF,$55,$55
 10265 A497 AA 19 19 19 19 19 +             .byte $AA,$19,$19,$19,$19,$19,$19,$15,$00,$FF,$FF,$FF,$FF,$FE,$FA,$EA
 10266 A4A7 AA FF FF FF FF BF +             .byte $AA,$FF,$FF,$FF,$FF,$BF,$AF,$9F,$4F,$FF,$FD,$F6,$DA,$6A,$69,$68
 10267 A4B7 6A 57 A9 9A 86 A2 +             .byte $6A,$57,$A9,$9A,$86,$A2,$AA,$6A,$2A,$FF,$FF,$7F,$9F,$A7,$A9,$AA
 10268 A4C7 AA FF FF FF FF FF +             .byte $AA,$FF,$FF,$FF,$FF,$FF,$FF,$7F,$9F,$BF,$6E,$6E,$6E,$6E,$6E,$6E
 10269 A4D7 6E 6A 5A 55 50 40 +             .byte $6E,$6A,$5A,$55,$50,$40,$00,$04,$05,$55,$AA,$AA,$FF,$AA,$55,$65
 10270 A4E7 45 55 AA AA FF AA +             .byte $45,$55,$AA,$AA,$FF,$AA,$55,$69,$16,$55,$AA,$AA,$FF,$AA,$55,$55
 10271 A4F7 55 BF 6E 6E 6E 6E +             .byte $55,$BF,$6E,$6E,$6E,$6E,$6E,$6E,$6E,$A9,$64,$50,$50,$50,$50,$50
 10272 A507 90 05 0A 0A 0A 0A +             .byte $90,$05,$0A,$0A,$0A,$0A,$0A,$6A,$1A,$FF,$7F,$9F,$A7,$A9,$A9,$A9
 10273 A517 A9 A5 AA 55 00 00 +             .byte $A9,$A5,$AA,$55,$00,$00,$00,$00,$00,$5A,$AA,$55,$00,$00,$00,$00
 10274 A527 00 A9 A5 55 05 01 +             .byte $00,$A9,$A5,$55,$05,$01,$00,$04,$05,$6E,$22,$1A,$0A,$06,$02,$01
 10275 A537 00 AA AE A2 AA AA +             .byte $00,$AA,$AE,$A2,$AA,$AA,$AE,$A2,$55,$AA,$AA,$AE,$E2,$2A,$AE,$A2
 10276 A547 55 A5 AA EE 22 AA +             .byte $55,$A5,$AA,$EE,$22,$AA,$EE,$22,$55,$19,$04,$C0,$19,$19,$19,$19
 10277 A557 45 55 AA EE 22 AA +             .byte $45,$55,$AA,$EE,$22,$AA,$EE,$22,$55,$55,$65,$45,$55,$65,$45,$AA
 10278 A567 55 16 16 41 55 55 +             .byte $55,$16,$16,$41,$55,$55,$55,$AA,$55,$55,$55,$69,$81,$01,$15,$2A
 10279 A577 55 5B B8		            .byte $55,$5B,$B8
 10280 A57A 8A AB A8 AA AA 55 + LA57A       .byte $8A,$AB,$A8,$AA,$AA,$55,$A2,$AA,$AA,$AA,$AA,$AA,$AA,$55,$86,$A1
 10281 A58A A8 AA AA AA AA 55 +             .byte $A8,$AA,$AA,$AA,$AA,$55,$A9,$A8,$64,$10,$80,$80,$40,$00,$19,$04
 10282 A59A C0 6E 6E 6E 6E EF +             .byte $C0,$6E,$6E,$6E,$6E,$EF,$19,$19,$19,$19,$19,$19,$19,$19,$19,$19
 10283 A5AA 19 19 19 19 19 19 +             .byte $19,$19,$19,$19,$19,$19,$19,$04,$83,$B6,$B6,$B6,$B6,$FB,$00,$00
 10284 A5BA 00 00 00 00 00 00 +             .byte $00,$00,$00,$00,$00,$00,$AA,$95,$90,$90,$A8,$BC,$90,$90,$AA,$55
 10285 A5CA 00 00 28 3C 00 00 +             .byte $00,$00,$28,$3C,$00,$00,$AA,$56,$02,$02,$2A,$3E,$02,$02,$A8,$BC
 10286 A5DA 90 90 A8 BC 90 90 +             .byte $90,$90,$A8,$BC,$90,$90,$2A,$3E,$02,$02,$2A,$3E,$02,$02,$19,$19
 10287 A5EA 19 15 00 6A 19 19 +             .byte $19,$15,$00,$6A,$19,$19,$FF,$FF,$FF,$FF,$FF,$FF,$FF,$FF,$55,$AA
 10288 A5FA AA AA AA AA AA 55 +             .byte $AA,$AA,$AA,$AA,$AA,$55,$55,$73,$73,$55,$40,$40,$6A,$55,$55,$3B
 10289 A60A 37 5F 1F 1A A1 51 +             .byte $37,$5F,$1F,$1A,$A1,$51,$55,$7D,$ED,$DD,$FD,$AD,$69,$65,$00,$FF
 10290 A61A FF FF FF 00 55 AA +             .byte $FF,$FF,$FF,$00,$55,$AA,$40,$7F,$40,$7F,$40,$6A,$6A
 10291 A627 5A 01 F0 FF 3F CF + LA627       .byte $5A,$01,$F0,$FF,$3F,$CF,$AA,$AA,$55,$61,$0D,$FD,$ED,$DD,$A9,$A9
 10292 A637 A5 AA AA AA AA AA +             .byte $A5,$AA,$AA,$AA,$AA,$AA,$AA,$AA,$AA,$AA,$A6,$A2,$AA,$AA,$AA,$AA
 10293 A647 AA AA A5 95 95 85 +             .byte $AA,$AA,$A5,$95,$95,$85,$A0,$AA,$AA,$19,$19,$19,$59,$55,$55,$00
 10294 A657 AA AA 5A 56 56 52 +             .byte $AA,$AA,$5A,$56,$56,$52,$0A,$AA,$AA,$AA,$6A,$2A,$AA,$AA,$AA,$AA
 10295 A667 AA 00 00 80 80 A0 +             .byte $AA,$00,$00,$80,$80,$A0,$A0,$A8,$A8,$05,$50,$55,$55,$55,$55,$55
 10296 A677 55 00 55 55 55 55 +             .byte $55,$00,$55,$55,$55,$55,$55,$55,$55,$50,$05,$55,$55,$55,$55,$55
 10297 A687 55 00 00 02 02 0A +             .byte $55,$00,$00,$02,$02,$0A,$0A,$2A,$2A,$AA,$AA,$AA,$AA,$AA,$55,$00
 10298 A697 00 AA A9 A8 AA AA +             .byte $00,$AA,$A9,$A8,$AA,$AA,$55,$00,$00,$65,$45,$55,$00,$AA,$55,$00
 10299 A6A7 00 55 55 55 00 AA +             .byte $00,$55,$55,$55,$00,$AA,$55,$00,$00,$59,$51,$55,$00,$AA,$55,$00
 10300 A6B7 00 AA A9 A8 AA AA +             .byte $00,$AA,$A9,$A8,$AA,$AA,$AA,$AA,$AA,$AA,$9A,$8A,$AA,$AA,$55,$00
 10301 A6C7 00 FF FE FC F8 F0 +             .byte $00,$FF,$FE,$FC,$F8,$F0,$E0,$C0,$80,$01,$03,$07,$0F,$1F,$3F,$7F
 10302 A6D7 FF 80 C0 E0 F0 F8 +             .byte $FF,$80,$C0,$E0,$F0,$F8,$FC,$FE,$FF,$FF,$7F,$3F,$1F,$0F,$07,$03
 10303 A6E7 01 00 00 00 00 00 +             .byte $01,$00,$00,$00,$00,$00,$00,$00,$00,$FF,$FE,$FC,$F8,$F8,$FC,$FE
 10304 A6F7 FF 01 03 07 0F 0F +             .byte $FF,$01,$03,$07,$0F,$0F,$07,$03,$01,$00,$00,$00,$00,$00,$00,$FF
 10305 A707 FF FF 7F 3F 1F 1F +             .byte $FF,$FF,$7F,$3F,$1F,$1F,$3F,$7F,$FF,$03,$39,$39,$03,$27,$33,$39
 10306 A717 3D C7 93 39 39 39 +             .byte $3D,$C7,$93,$39,$39,$39,$01,$39,$39,$03,$39,$3F,$07,$3F,$3F,$3F
 10307 A727 3F 81 27 E7 E7 E7 +             .byte $3F,$81,$27,$E7,$E7,$E7,$E7,$E7,$E7,$C3,$99,$3F,$3F,$21,$39,$99
 10308 A737 C3 C7 93 39 39 39 +             .byte $C3,$C7,$93,$39,$39,$39,$39,$93,$C7,$3F,$3F,$3F,$3F,$3F,$3F,$39
 10309 A747 03 07 33 39 39 39 +             .byte $03,$07,$33,$39,$39,$39,$39,$33,$07,$FF,$FF,$FF,$FF,$FF,$FF,$CF
 10310 A757 CF FF FF FF FF FF +             .byte $CF,$FF,$FF,$FF,$FF,$FF,$FF,$FF,$FF,$FF,$FF,$FF,$FF,$FF,$FF,$FF
 10311 A767 FF FF FF FF FF FF +             .byte $FF,$FF,$FF,$FF,$FF,$FF,$FF,$FF,$FF,$FF,$FF,$FF,$FF,$FF,$FF,$FF
 10312 A777 FF FF FF FF FF FF +             .byte $FF,$FF,$FF,$FF,$FF,$FF,$FF,$FF,$FF,$FF,$FF,$FF,$FF,$FF,$FF,$FF
 10313 A787 FF FF FF FF FF FF +             .byte $FF,$FF,$FF,$FF,$FF,$FF,$FF,$FF,$FF,$FF,$FF,$FF,$FF,$FF,$FF,$FF
 10314 A797 FF FF FF FF FF FF +             .byte $FF,$FF,$FF,$FF,$FF,$FF,$FF,$FF,$FF,$FF,$FF,$FF,$FF,$FF,$FF,$FF
 10315 A7A7 FF FF FF FF FF FF +             .byte $FF,$FF,$FF,$FF,$FF,$FF,$FF,$FF,$FF,$FF,$FF,$FF,$FF,$FF,$FF,$FF
 10316 A7B7 FF FF FF FF FF FF +             .byte $FF,$FF,$FF,$FF,$FF,$FF,$FF,$FF,$FF,$FF,$FF,$FF,$FF,$FF,$FF,$FF
 10317 A7C7 FF FF FF FF FF FF +             .byte $FF,$FF,$FF,$FF,$FF,$FF,$FF,$FF,$FF,$FF,$FF,$FF,$FF,$FF,$FF,$FF
 10318 A7D7 FF FF FF FF FF FF +             .byte $FF,$FF,$FF,$FF,$FF,$FF,$FF,$FF,$FF,$FF,$FF,$FF,$FF,$FF,$FF,$FF
 10319 A7E7 FF FF FF FF FF FF +             .byte $FF,$FF,$FF,$FF,$FF,$FF,$FF,$FF,$FF,$FF,$FF,$FF,$FF,$FF,$FF,$FF
 10320 A7F7 FF FF FF FF FF FF +             .byte $FF,$FF,$FF,$FF,$FF,$FF,$FF,$FF,$FF,$00,$00,$00,$00,$00,$00,$00
 10321 A807 00 00 00 00 00 00 +             .byte $00,$00,$00,$00,$00,$00,$00,$00,$00,$00,$00,$00,$00,$00,$00,$00
 10322 A817 00 00 00 00 00 00 +             .byte $00,$00,$00,$00,$00,$00,$00,$00,$00,$00,$00,$00,$00,$00,$00,$00
 10323 A827 00 00 00 00 00 00 +             .byte $00,$00,$00,$00,$00,$00,$6C,$6D,$6E,$6F,$00,$00,$00,$00,$00,$00
 10324 A837 00 00 00 00 00 00 +             .byte $00,$00,$00,$00,$00,$00,$70,$71,$72,$73,$00,$00,$00,$00,$00,$00
 10325 A847 00 00 00 00 00 00 +             .byte $00,$00,$00,$00,$00,$00,$00,$00,$00,$00,$00,$00,$00,$00,$74,$75
 10326 A857 76 77 00 00 00 00 +             .byte $76,$77,$00,$00,$00,$00,$00,$00,$00,$00,$00,$00,$00,$78,$79,$7A
 10327 A867 7B 7C 7D 00 00 00 +             .byte $7B,$7C,$7D,$00,$00,$00,$00,$00,$00,$00,$00,$00,$00,$00,$00,$00
 10328 A877 00 00 00 00 00 78 +             .byte $00,$00,$00,$00,$00,$78,$7E,$7F,$80,$81,$7D,$00,$00,$00,$00,$00
 10329 A887 00 00 00 00 00 82 +             .byte $00,$00,$00,$00,$00,$82,$83,$84,$85,$86,$87,$00,$00,$00,$00,$00
 10330 A897 00 6C 6D 6E 6F 00 +             .byte $00,$6C,$6D,$6E,$6F,$00,$00,$00,$00,$00,$00,$00,$00,$82,$83,$84
 10331 A8A7 85 86 87 00 00 00 +             .byte $85,$86,$87,$00,$00,$00,$00,$00,$00,$00,$00,$00,$00,$88,$89,$8A
 10332 A8B7 8B 8C 8D 00 00 00 +             .byte $8B,$8C,$8D,$00,$00,$00,$00,$00,$00,$74,$75,$76,$77,$00,$00,$00
 10333 A8C7 00 00 00 00 00 88 +             .byte $00,$00,$00,$00,$00,$88,$89,$8A,$8B,$8C,$8D,$00,$00,$00,$00,$00
 10334 A8D7 00 00 00 00 00 8E +             .byte $00,$00,$00,$00,$00,$8E,$8F,$90,$91,$92,$93,$00,$94,$95,$00,$00
 10335 A8E7 78 7E 7F 80 81 7D +             .byte $78,$7E,$7F,$80,$81,$7D,$00,$00,$00,$00,$00,$00,$00,$8E,$8F,$90
 10336 A8F7 91 92 93 00 00 00 +             .byte $91,$92,$93,$00,$00,$00,$00,$00,$00,$96,$97,$98,$99,$9A,$9B,$9C
 10337 A907 9D 9E 9F 00 A0 A1 +             .byte $9D,$9E,$9F,$00,$A0,$A1,$A2,$00,$82,$83,$84,$85,$86,$87,$00,$00
 10338 A917 00 00 00 00 00 9A +             .byte $00,$00,$00,$00,$00,$9A,$9B,$A3,$A4,$A5,$9F,$00,$00,$00,$00,$00
 10339 A927 00 A6 A7 A8 A9 AA +             .byte $00,$A6,$A7,$A8,$A9,$AA,$AB,$AC,$AD,$AE,$AB,$AF,$B0,$B1,$B2,$00
 10340 A937 88 89 8A 8B 8C 8D +             .byte $88,$89,$8A,$8B,$8C,$8D,$00,$00,$00,$00,$00,$00,$00,$B3,$B4,$00
 10341 A947 00 B5 B6 00 00 00 +             .byte $00,$B5,$B6,$00,$00,$00,$00,$00,$00,$B7,$B8,$B9,$B9,$B9,$B9,$B9
 10342 A957 B9 B9 B9 B9 B9 BA +             .byte $B9,$B9,$B9,$B9,$B9,$BA,$B7,$00,$8E,$8F,$90,$91,$92,$93,$00,$00
 10343 A967 00 00 00 00 00 00 +             .byte $00,$00,$00,$00,$00,$00,$B4,$00,$00,$B4,$00,$00,$00,$00,$00,$00
 10344 A977 00 B7 BB B7 B7 B7 +             .byte $00,$B7,$BB,$B7,$B7,$B7,$B7,$B7,$B7,$B7,$B7,$B7,$B7,$BC,$B7,$00
 10345 A987 9A 9B A3 A4 A5 9F +             .byte $9A,$9B,$A3,$A4,$A5,$9F,$00,$00,$00,$00,$00,$00,$00,$00,$BD,$00
 10346 A997 00 BD 00 00 00 00 +             .byte $00,$BD,$00,$00,$00,$00,$00,$00,$00,$B7,$BB,$B7,$B7,$B7,$B7,$B7
 10347 A9A7 B7 B7 B7 B7 B7 BC +             .byte $B7,$B7,$B7,$B7,$B7,$BC,$B7,$00,$B3,$B4,$00,$BE,$B5,$B6,$00,$00
 10348 A9B7 00 BF BF BF BF BF +             .byte $00,$BF,$BF,$BF,$BF,$BF,$B4,$BF,$BF,$B4,$BF,$BF,$BF,$BF,$BF,$BF
 10349 A9C7 BF B7 BB B7 B7 B7 +             .byte $BF,$B7,$BB,$B7,$B7,$B7,$B7,$B7,$C0,$C1,$C2,$B7,$B7,$BC,$B7,$BF
 10350 A9D7 BF B4 BF BF B4 BF +             .byte $BF,$B4,$BF,$BF,$B4,$BF,$BF,$BF,$BF,$00,$00,$00,$00,$00,$00,$00
 10351 A9E7 00 00 00 00 00 D9 +             .byte $00,$00,$00,$00,$00,$D9,$DC,$00,$00,$00,$00,$00,$00,$00,$00,$00
 10352 A9F7 00 00 00 00 00 00 +             .byte $00,$00,$00,$00,$00,$00,$00,$00,$00,$00,$00,$00,$00,$00,$00,$00
 10353 AA07 00 00 00 00 00 00 +             .byte $00,$00,$00,$00,$00,$00,$00,$00,$00,$00,$00,$00,$D9,$DA,$DB,$DC
 10354 AA17 00 00 00 00 00	            .byte $00,$00,$00,$00,$00
 10355 AA1C 00 00 00 00 00 00 + LAA1C       .byte $00,$00,$00,$00,$00,$00,$00,$00,$00,$00
 10356 AA26 00 00 00 00 00 00 + LAA26       .byte $00,$00,$00,$00,$00,$00,$00,$00,$00,$00,$00,$00,$00,$00,$00,$00
 10357 AA36 00 00 00 00 D9 DA +             .byte $00,$00,$00,$00,$D9,$DA,$00,$00,$00,$00,$00,$00,$00,$00,$00,$00
 10358 AA46 00 00 00 00 00 00 +             .byte $00,$00,$00,$00,$00,$00,$00,$00,$00,$00,$00,$00,$00,$00,$00,$00
 10359 AA56 00 00 00 00 00 00 +             .byte $00,$00,$00,$00,$00,$00,$00,$00,$00,$00,$00,$DE,$DF,$DE,$DD,$DD
 10360 AA66 DD DD E1 E2 E3 E4 +             .byte $DD,$DD,$E1,$E2,$E3,$E4,$E5,$E6,$E7,$E8,$E9,$00,$E8,$E5,$E9,$EA
 10361 AA76 00 00 00 00 00 00 +             .byte $00,$00,$00,$00,$00,$00,$00,$00,$00,$00,$00,$00,$00,$00,$00,$00
 10362 AA86 00 00 00 00 DB DC +             .byte $00,$00,$00,$00,$DB,$DC,$00,$00,$D9,$DA,$00,$00,$00,$00,$00,$00
 10363 AA96 00 00 00 00 00 00 +             .byte $00,$00,$00,$00,$00,$00,$00,$00,$00,$00,$00,$00,$00,$00,$00,$00
 10364 AAA6 00 00 00 00 00 00 +             .byte $00,$00,$00,$00,$00,$00,$00,$00,$00,$00,$00,$00,$00,$DB,$DC,$D9
 10365 AAB6 DA 00 00 00 00 00 +             .byte $DA,$00,$00,$00,$00,$00,$00,$00,$00,$00,$00,$00,$E0,$E0,$E0,$00
 10366 AAC6 00 00 00 00 00 00 +             .byte $00,$00,$00,$00,$00,$00,$00,$00,$00,$00,$00,$00,$00,$00,$00,$00
 10367 AAD6 00 00 00 00 00 00 +             .byte $00,$00,$00,$00,$00,$00,$DB,$DA,$00,$00,$00,$00,$00,$00,$00,$00
 10368 AAE6 00 00 00 00 00 00 +             .byte $00,$00,$00,$00,$00,$00,$00,$00,$00,$00,$00,$00,$00,$00,$00,$00
 10369 AAF6 00 00 00 00 00 00 +             .byte $00,$00,$00,$00,$00,$00,$00,$00,$00,$00,$00,$00,$00,$00,$00,$00
 10370 AB06 00 00 00 00 00 00 +             .byte $00,$00,$00,$00,$00,$00,$00,$00,$00,$00,$00,$00,$00,$00,$00,$00
 10371 AB16 00 00 00 00 00 00 +             .byte $00,$00,$00,$00,$00,$00,$00,$00,$00,$00,$0B,$0B,$0B,$0B,$0B,$0B
 10372 AB26 0B 0B 0B 0B 0B 0B +             .byte $0B,$0B,$0B,$0B,$0B,$0B,$0B,$0B,$0B,$0B,$0B,$0B,$0B,$0B,$0B,$0B
 10373 AB36 0B 0B 0B 0B 0B 0B +             .byte $0B,$0B,$0B,$0B,$0B,$0B,$0B,$0B,$0B,$0B,$0B,$0B,$0B,$0B,$0B,$0B
 10374 AB46 0B 0B		            .byte $0B,$0B
 10375 AB48 53			LAB48       .byte $53
 10376 AB49 53 53 53 53 53 53 + LAB49       .byte $53,$53,$53,$53,$53,$53,$53,$53,$53,$53,$53,$53,$53,$53,$53,$53
 10377 AB59 53 53 53 53 53 53 +             .byte $53,$53,$53,$53,$53,$53,$53,$53,$53,$53,$53,$53,$53,$53,$53,$53
 10378 AB69 53 53 53 53 53 53	            .byte $53,$53,$53,$53,$53,$53
 10379 AB6F 53 53 53 53 53 53 + LAB6F       .byte $53,$53,$53,$53,$53,$53,$53,$53,$53,$53,$53,$53,$53,$53,$53,$53
 10380 AB7F 53 53 53 53 53 53 +             .byte $53,$53,$53,$53,$53,$53,$53,$53,$53,$53,$53,$53,$53,$53,$53,$53
 10381 AB8F 53 53 53 53 53 53 +             .byte $53,$53,$53,$53,$53,$53,$53,$53
 10382 AB97 53 53 53 53 53 53 + LAB97       .byte $53,$53,$53,$53,$53,$53,$53,$53,$53,$53,$53,$53,$53,$53,$53,$53
 10383 ABA7 53 53 53 53 53 53 +             .byte $53,$53,$53,$53,$53,$53,$53,$53,$53,$53,$53,$53,$53,$53,$53,$53
 10384 ABB7 53 53 53 53 53 53 +             .byte $53,$53,$53,$53,$53,$53,$53,$53
 10385 ABBF 53 33 33 33 33 33 + LABBF       .byte $53,$33,$33,$33,$33,$33,$33,$33,$33,$33,$33,$33,$33,$33,$33,$33
 10386 ABCF 33 33 33 33 33 33 +             .byte $33,$33,$33,$33,$33,$33,$33,$33,$33,$33,$33,$33,$33,$33,$33,$33
 10387 ABDF 33 33 33 33 33 33 +             .byte $33,$33,$33,$33,$33,$33,$33,$33,$33,$BF,$BF,$BF,$BF,$BF,$BF,$BF
 10388 ABEF BF BF BF BF BF BF +             .byte $BF,$BF,$BF,$BF,$BF,$BF,$BF,$BF,$BF,$C0,$C1,$C2,$C3,$C4,$C5,$C6
 10389 ABFF C7			            .byte $C7
 10390 AC00 00 00 00 00 00 00 + LAC00       .byte $00,$00,$00,$00,$00,$00,$00,$00,$00,$00,$00,$00,$00,$00,$00,$00
 10391 AC10 00 00 00 00 00 00 +             .byte $00,$00,$00,$00,$00,$00,$00,$00,$00,$00,$00,$00
 10392 AC1C 00 00 00 00 00 00 + LAC1C       .byte $00,$00,$00,$00,$00,$00,$00,$00,$00,$00,$00,$00,$00,$00,$00,$00
 10393 AC2C 00 00 00 00 00 00 +             .byte $00,$00,$00,$00,$00,$00,$00,$00,$00,$00,$00,$00,$00,$00,$00,$00
 10394 AC3C 00 00 00 00 FF FF +             .byte $00,$00,$00,$00,$FF,$FF,$FF,$FF,$FF,$FF,$FF,$FF,$FF,$FF,$FF,$FF
 10395 AC4C FF FF FF FF FF FF +             .byte $FF,$FF,$FF,$FF,$FF,$FF,$FF,$FF,$FF,$FF,$FF,$FF,$FF,$FF,$FF,$FF
 10396 AC5C FF FF FF FF FF FF +             .byte $FF,$FF,$FF,$FF,$FF,$FF,$FF,$FF,$FF,$FF,$FF,$FF,$FF,$FF,$FF,$FF
 10397 AC6C FF FF FF FF FF FF +             .byte $FF,$FF,$FF,$FF,$FF,$FF,$FF,$FF,$FF,$FF,$FF,$FF,$FF,$FF,$FF,$FF
 10398 AC7C FF FF FF FF FF FF +             .byte $FF,$FF,$FF,$FF,$FF,$FF,$FF,$FF,$FF,$FF,$FF,$FF,$FF,$FF,$FF,$FF
 10399 AC8C FF FF FF FF FF FF +             .byte $FF,$FF,$FF,$FF,$FF,$FF,$FF,$FF,$FF,$FF,$FF,$FF,$FF,$FF,$FF,$FF
 10400 AC9C FF FF FF FF FF FF +             .byte $FF,$FF,$FF,$FF,$FF,$FF,$FF,$FF,$FF,$FF,$FF,$FF,$FF,$FF,$FF,$FF
 10401 ACAC FF FF FF FF FF FF +             .byte $FF,$FF,$FF,$FF,$FF,$FF,$FF,$FF,$FF,$FF,$FF,$FF,$FF,$FF,$FF,$FF
 10402 ACBC FF FF FF FF FF FF +             .byte $FF,$FF,$FF,$FF,$FF,$FF,$FF,$FF,$FF,$FF,$FF,$FF,$FF,$FF,$FF,$FF
 10403 ACCC FF FF FF FF FF FF +             .byte $FF,$FF,$FF,$FF,$FF,$FF,$FF,$FF,$FF,$FF,$FF,$FF,$FF,$FF,$FF,$FF
 10404 ACDC FF FF FF FF FF FF +             .byte $FF,$FF,$FF,$FF,$FF,$FF,$FF,$FF,$FF,$FF,$FF,$FF,$FF,$FF,$FF,$FF
 10405 ACEC FF FF FF FF FF FF +             .byte $FF,$FF,$FF,$FF,$FF,$FF,$FF,$FF,$FF,$FF,$FF,$FF,$FF,$FF,$FF,$FF
 10406 ACFC FF FF FF FF FF FF +             .byte $FF,$FF,$FF,$FF,$FF,$FF,$FF,$FF,$FF,$FF,$FF,$FF,$FF,$FF,$FF,$FF
 10407 AD0C FF FF FF FF FF FF +             .byte $FF,$FF,$FF,$FF,$FF,$FF,$FF,$FF,$FF,$FF,$FF,$FF,$FF,$FF,$FF,$FF
 10408 AD1C FF FF FF FF FF FF +             .byte $FF,$FF,$FF,$FF,$FF,$FF,$FF,$FF,$FF,$FF,$FF,$FF,$FF,$FF,$FF,$FF
 10409 AD2C FF FF FF FF FF FF +             .byte $FF,$FF,$FF,$FF,$FF,$FF,$FF,$FF,$FF,$FF,$FF,$FF,$FF,$FF,$FF,$FF
 10410 AD3C FF FF FF FF FF FF +             .byte $FF,$FF,$FF,$FF,$FF,$FF,$FF,$FF,$FF,$FF,$FF,$FF,$FF,$FF,$FF,$FF
 10411 AD4C FF FF FF FF FF FF +             .byte $FF,$FF,$FF,$FF,$FF,$FF,$FF,$FF,$FF,$FF,$FF,$FF,$FF,$FF,$FF,$FF
 10412 AD5C FF FF FF FF FF FF +             .byte $FF,$FF,$FF,$FF,$FF,$FF,$FF,$FF,$FF,$FF,$FF,$FF,$FF,$FF,$FF,$FF
 10413 AD6C FF FF FF FF FF FF +             .byte $FF,$FF,$FF,$FF,$FF,$FF,$FF,$FF,$FF,$FF,$FF,$FF,$FF,$FF,$FF,$FF
 10414 AD7C FF FF FF FF FF FF	            .byte $FF,$FF,$FF,$FF,$FF,$FF
 10415 AD82 FF FF FF FF FF FF + LAD82       .byte $FF,$FF,$FF,$FF,$FF,$FF,$FF,$FF,$FF,$FF,$FF,$FF,$FF,$FF,$FF,$FF
 10416 AD92 FF FF FF FF FF FF +             .byte $FF,$FF,$FF,$FF,$FF,$FF,$FF,$FF,$FF,$FF,$FF,$FF,$FF,$FF,$FF,$FF
 10417 ADA2 FF FF FF FF FF FF +             .byte $FF,$FF,$FF,$FF,$FF,$FF,$FF,$FF,$FF,$FF,$FF,$FF,$FF,$FF,$FF,$FF
 10418 ADB2 FF FF FF FF FF FF +             .byte $FF,$FF,$FF,$FF,$FF,$FF,$FF,$FF,$FF,$FF,$FF,$FF,$FF,$FF,$FF,$FF
 10419 ADC2 FF FF FF FF FF FF +             .byte $FF,$FF,$FF,$FF,$FF,$FF,$FF,$FF,$FF,$FF,$FF,$FF,$FF,$FF,$FF,$FF
 10420 ADD2 FF FF FF FF FF FF +             .byte $FF,$FF,$FF,$FF,$FF,$FF,$FF,$FF,$FF,$FF,$FF,$FF,$FF,$FF,$FF,$FF
 10421 ADE2 FF FF FF FF FF FF +             .byte $FF,$FF,$FF,$FF,$FF,$FF,$FF,$FF,$FF,$FF,$FF,$FF,$FF,$FF,$FF,$FF
 10422 ADF2 FF FF FF FF FF FF +             .byte $FF,$FF,$FF,$FF,$FF,$FF,$FF,$FF,$FF,$FF,$FF,$FF,$FF,$FF,$FF,$FF
 10423 AE02 FF FF FF FF FF FF +             .byte $FF,$FF,$FF,$FF,$FF,$FF,$FF,$FF,$FF,$FF,$FF,$FF,$FF,$FF,$FF,$FF
 10424 AE12 FF FF FF FF FF FF +             .byte $FF,$FF,$FF,$FF,$FF,$FF,$FF,$FF,$FF,$FF,$FF,$FF,$FF,$FF,$FF,$FF
 10425 AE22 FF FF FF FF FF FF +             .byte $FF,$FF,$FF,$FF,$FF,$FF,$FF,$FF,$FF,$FF,$FF,$FF,$FF,$FF,$FF,$FF
 10426 AE32 FF FF FF FF FF FF +             .byte $FF,$FF,$FF,$FF,$FF,$FF,$FF,$FF,$FF,$FF,$FF,$FF,$FF,$FF,$FF,$FF
 10427 AE42 FF FF FF FF FF FF +             .byte $FF,$FF,$FF,$FF,$FF,$FF,$FF,$FF,$FF,$FF,$FF,$FF,$FF,$FF,$FF,$FF
 10428 AE52 FF FF FF FF FF FF +             .byte $FF,$FF,$FF,$FF,$FF,$FF,$FF,$FF,$FF,$FF,$FF,$FF,$FF,$FF,$FF,$FF
 10429 AE62 FF FF FF FF FF FF +             .byte $FF,$FF,$FF,$FF,$FF,$FF,$FF,$FF,$FF,$FF,$FF,$FF,$FF,$FF,$FF,$FF
 10430 AE72 FF FF FF FF FF FF +             .byte $FF,$FF,$FF,$FF,$FF,$FF,$FF,$FF,$FF,$FF,$FF,$FF,$FF,$FF,$FF,$FF
 10431 AE82 FF FF FF FF FF FF +             .byte $FF,$FF,$FF,$FF,$FF,$FF,$FF,$FF,$FF,$FF,$FF,$FF,$FF,$FF,$FF,$FF
 10432 AE92 FF FF FF FF FF FF +             .byte $FF,$FF,$FF,$FF,$FF,$FF,$FF,$FF,$FF,$FF,$FF,$FF,$FF,$FF,$FF,$FF
 10433 AEA2 FF FF FF FF FF FF +             .byte $FF,$FF,$FF,$FF,$FF,$FF,$FF,$FF,$FF,$FF,$FF,$FF,$FF,$FF,$FF,$FF
 10434 AEB2 FF FF FF FF FF FF +             .byte $FF,$FF,$FF,$FF,$FF,$FF,$FF,$FF,$FF,$FF,$FF,$FF,$FF,$FF,$FF,$FF
 10435 AEC2 FF FF FF FF FF FF +             .byte $FF,$FF,$FF,$FF,$FF,$FF,$FF,$FF,$FF,$FF,$FF,$FF,$FF,$FF,$FF,$FF
 10436 AED2 FF FF FF FF FF FF +             .byte $FF,$FF,$FF,$FF,$FF,$FF,$FF,$FF,$FF,$FF,$FF,$FF,$FF,$FF,$FF,$FF
 10437 AEE2 FF FF FF FF FF FF +             .byte $FF,$FF,$FF,$FF,$FF,$FF,$FF,$FF,$FF,$FF,$FF,$FF,$FF,$FF,$FF,$FF
 10438 AEF2 FF FF FF FF FF FF +             .byte $FF,$FF,$FF,$FF,$FF,$FF,$FF,$FF,$FF,$FF,$FF,$FF,$FF,$FF,$FF,$FF
 10439 AF02 FF FF FF FF FF FF +             .byte $FF,$FF,$FF,$FF,$FF,$FF,$FF,$FF,$FF,$FF,$FF,$FF,$FF,$FF,$FF,$FF
 10440 AF12 FF FF FF FF FF FF +             .byte $FF,$FF,$FF,$FF,$FF,$FF,$FF,$FF,$FF,$FF,$FF,$FF,$FF,$FF,$FF,$FF
 10441 AF22 FF FF FF FF FF FF +             .byte $FF,$FF,$FF,$FF,$FF,$FF,$FF,$FF,$FF,$FF,$FF,$FF,$FF,$FF,$FF,$FF
 10442 AF32 FF FF FF FF FF FF +             .byte $FF,$FF,$FF,$FF,$FF,$FF,$FF,$FF,$FF,$FF,$FF,$FF,$FF,$FF,$FF,$FF
 10443 AF42 FF FF FF FF FF FF +             .byte $FF,$FF,$FF,$FF,$FF,$FF,$FF,$FF,$FF,$FF,$FF,$FF,$FF,$FF,$FF,$FF
 10444 AF52 FF FF FF FF FF FF +             .byte $FF,$FF,$FF,$FF,$FF,$FF,$FF,$FF,$FF,$FF,$FF,$FF,$FF,$FF,$FF,$FF
 10445 AF62 FF FF FF FF FF FF +             .byte $FF,$FF,$FF,$FF,$FF,$FF,$FF,$FF,$FF,$FF,$FF,$FF,$FF,$FF,$FF,$FF
 10446 AF72 FF FF FF FF FF FF +             .byte $FF,$FF,$FF,$FF,$FF,$FF,$FF,$FF,$FF,$FF,$FF,$FF,$FF,$FF,$FF,$FF
 10447 AF82 FF FF FF FF FF FF +             .byte $FF,$FF,$FF,$FF,$FF,$FF,$FF,$FF,$FF,$FF,$FF,$FF,$FF,$FF,$FF,$FF
 10448 AF92 FF FF FF FF FF FF +             .byte $FF,$FF,$FF,$FF,$FF,$FF,$FF,$FF,$FF,$FF,$FF,$FF,$FF,$FF,$FF,$FF
 10449 AFA2 FF FF FF FF FF FF +             .byte $FF,$FF,$FF,$FF,$FF,$FF,$FF,$FF,$FF,$FF,$FF,$FF,$FF,$FF,$FF,$FF
 10450 AFB2 FF FF FF FF FF FF +             .byte $FF,$FF,$FF,$FF,$FF,$FF,$FF,$FF,$FF,$FF,$FF,$FF,$FF,$FF,$FF,$FF
 10451 AFC2 FF FF FF FF FF FF +             .byte $FF,$FF,$FF,$FF,$FF,$FF,$FF,$FF,$FF,$FF,$FF,$FF,$FF,$FF,$FF,$FF
 10452 AFD2 FF FF FF FF FF FF +             .byte $FF,$FF,$FF,$FF,$FF,$FF,$FF,$FF,$FF,$FF,$FF,$FF,$FF,$FF,$FF,$FF
 10453 AFE2 FF FF FF FF FF FF +             .byte $FF,$FF,$FF,$FF,$FF,$FF,$FF,$FF,$FF,$FF,$FF,$FF,$FF,$FF,$FF,$FF
 10454 AFF2 FF FF FF FF FF FF +             .byte $FF,$FF,$FF,$FF,$FF,$FF,$FF,$FF,$FF,$FF,$FF,$FF,$FF,$FF
 10455 B000 00 00 00 00 00 00 + LB000       .byte $00,$00,$00,$00,$00,$00,$00,$00,$00,$00,$00,$00,$00,$00,$00,$00
 10456 B010 00 00 00 00 00 00 +             .byte $00,$00,$00,$00,$00,$00,$00,$00,$00,$00,$00,$00,$00
 10457 B01D 00 00 00 00 00 00 + LB01D       .byte $00,$00,$00,$00,$00,$00,$00,$00,$00,$00,$00,$00,$00,$00,$00,$00
 10458 B02D 00 00 00 00 00 00 +             .byte $00,$00,$00,$00,$00,$00,$00,$00,$00,$00,$00,$00,$00,$00,$00,$00
 10459 B03D 00 00 00		            .byte $00,$00,$00
 10460 B040 00 00 00 00 00 00 + LB040       .byte $00,$00,$00,$00,$00,$00,$00,$00,$00,$00,$00,$00,$00,$00,$00,$00
 10461 B050 00 00 00 00 00 00 +             .byte $00,$00,$00,$00,$00,$00,$00,$00,$00,$00,$00,$00,$00,$00,$00,$00
 10462 B060 00 00 00 00 00 00 +             .byte $00,$00,$00,$00,$00,$00,$00,$00,$00,$00,$00,$00,$00,$00,$00,$00
 10463 B070 00 00 00 00 00 00 +             .byte $00,$00,$00,$00,$00,$00,$00,$00,$00,$00,$00,$00,$00,$00,$00
 10464 B07F 00			LB07F       .byte $00
 10465 B080 00 00 00 00 00 00 + LB080       .byte $00,$00,$00,$00,$00,$00,$00,$00,$00,$00,$00,$00,$00,$00,$00,$00
 10466 B090 00 00 00 00 00 00 +             .byte $00,$00,$00,$00,$00,$00,$00,$00,$00,$00,$00,$00,$00,$00,$00,$00
 10467 B0A0 00 00 00 00 00 00 +             .byte $00,$00,$00,$00,$00,$00,$00,$00,$00,$00,$00,$00,$00,$00,$00,$00
 10468 B0B0 00 00 00 00 00 00 +             .byte $00,$00,$00,$00,$00,$00,$00,$00,$00,$00,$00,$00,$00,$00,$00,$00
 10469 B0C0 00 00 00 00 00 00 + LB0C0       .byte $00,$00,$00,$00,$00,$00,$00,$00,$00,$00,$00,$00,$00,$00,$00,$00
 10470 B0D0 00 00 00 00 00 00 +             .byte $00,$00,$00,$00,$00,$00,$00,$00,$00,$00,$00,$00,$00,$00,$00,$00
 10471 B0E0 00 00 00 00 00 00 +             .byte $00,$00,$00,$00,$00,$00,$00,$00,$00,$00,$00,$00,$00,$00,$00,$00
 10472 B0F0 00 00 00 00 00 00 +             .byte $00,$00,$00,$00,$00,$00,$00,$00,$00,$00,$00,$00,$00,$00,$00,$00
 10473 B100 00 00 00 00 00 00 + LB100       .byte $00,$00,$00,$00,$00,$00,$00,$00,$00,$00,$00,$00,$00,$00,$00,$00
 10474 B110 00 00 00 00 00 00 +             .byte $00,$00,$00,$00,$00,$00,$00,$00,$00,$00,$00,$00,$00,$00,$00,$00
 10475 B120 00 00 00 00 00 00 +             .byte $00,$00,$00,$00,$00,$00,$00,$00,$00,$00,$00,$00,$00,$00,$00,$00
 10476 B130 00 00 00 00 00 00 +             .byte $00,$00,$00,$00,$00,$00,$00,$00,$00,$00,$00,$00,$00,$00,$00,$00
 10477 B140 00 00 00 00 00 00 + LB140       .byte $00,$00,$00,$00,$00,$00,$00,$00,$00,$00,$00,$00,$00,$00,$00,$00
 10478 B150 00 00 00 00 00 00 +             .byte $00,$00,$00,$00,$00,$00,$00,$00,$00,$00,$00,$00,$00,$00,$00,$00
 10479 B160 00 00 00 00 00 00 +             .byte $00,$00,$00,$00,$00,$00,$00,$00,$00,$00,$00,$00,$00,$00,$00,$00
 10480 B170 00 00 00 00 00 00 +             .byte $00,$00,$00,$00,$00,$00,$00,$00,$00,$00,$00,$00,$00,$00,$00,$00
 10481 B180 00 00 00 00 00 00 + LB180       .byte $00,$00,$00,$00,$00,$00,$00,$00,$00,$00,$00,$00,$00,$00,$00,$00
 10482 B190 00 00 00 00 00 00 +             .byte $00,$00,$00,$00,$00,$00,$00,$00,$00,$00,$00,$00,$00,$00,$00,$00
 10483 B1A0 00 00 00 00 00 00 +             .byte $00,$00,$00,$00,$00,$00,$00,$00,$00,$00,$00,$00,$00,$00,$00,$00
 10484 B1B0 00 00 00 00 00 00 +             .byte $00,$00,$00,$00,$00,$00,$00,$00,$00,$00,$00,$00,$00,$00,$00,$00
 10485 B1C0 00 00 00 00 00 00 + LB1C0       .byte $00,$00,$00,$00,$00,$00,$00,$00,$00,$00,$00,$00,$00,$00,$00,$00
 10486 B1D0 00 00 00 00 00 00 +             .byte $00,$00,$00,$00,$00,$00,$00,$00,$00,$00,$00,$00,$00,$00,$00,$00
 10487 B1E0 00 00 00 00 00 00 +             .byte $00,$00,$00,$00,$00,$00,$00,$00,$00,$00,$00,$00,$00,$00,$00,$00
 10488 B1F0 00 00 00 00 00 00 +             .byte $00,$00,$00,$00,$00,$00,$00,$00,$00,$00,$00,$00,$00,$00,$00,$00
 10489 B200 0E 0F 12 0B 00 0A + LB200       .byte $0E,$0F,$12,$0B,$00,$0A,$80,$0C,$0F,$03,$04,$FF,$02,$0F,$0B,$11
 10490 B210 04 14 09 14 09 0F +             .byte $04,$14,$09,$14,$09,$0F,$0D,$80,$0C,$0F,$03,$04,$FF,$10,$12,$09
 10491 B220 06 09 0D 00 0A 80 +             .byte $06,$09,$0D,$00,$0A,$80,$07,$12,$00,$11,$08,$09,$01,$13,$FF,$0C
 10492 B230 04 14 00 0A 80 05 +             .byte $04,$14,$00,$0A,$80,$05,$03,$09,$14,$09,$0F,$0D,$FF
 10493 B23D 00			LB23D       .byte $00
 10494 B23E 01 02 03 05 09 0A + LB23E       .byte $01,$02,$03,$05,$09,$0A,$00
 10495 B245 06 03 00		LB245       .byte $06,$03,$00
 10496 B248 2E 16 99		LB248       .byte $2E,$16,$99
 10497 B24B 0A 0C 0F 09 09 0F + LB24B       .byte $0A,$0C,$0F,$09,$09,$0F,$0C,$0A
 10498 B253 00			LB253       .byte $00
 10499 B254 00			LB254       .byte $00
 10500 B255 00			LB255       .byte $00
 10501 B256 08			LB256       .byte $08
 10502 B257 5F 6F 7F 8F		LB257       .byte $5F,$6F,$7F,$8F
 10503 B25B B2 B2 B2 B2 00 00 + LB25B       .byte $B2,$B2,$B2,$B2,$00,$00,$00,$08,$00,$00,$0B,$0B,$00,$0B,$0C,$0B
 10504 B26B 0B 0C 0F 09 00 00 +             .byte $0B,$0C,$0F,$09,$00,$00,$00,$08,$00,$00,$09,$0F,$00,$09,$08,$0F
 10505 B27B 09 08 07 09 00 00 +             .byte $09,$08,$07,$09,$00,$00,$00,$08,$00,$00,$02,$0F,$00,$02,$0A,$0F
 10506 B28B 02 0A 07 09 00 00 +             .byte $02,$0A,$07,$09,$00,$00,$00,$08,$00,$00,$05,$0B,$00,$05,$03,$0B
 10507 B29B 05 03 0D		            .byte $05,$03,$0D
 10508 B29E 09 00 06 0E 0D 01 + LB29E       .byte $09,$00,$06,$0E,$0D,$01,$07,$0A,$04,$06
 10509 B2A8 00 00 04 04 04 04 + LB2A8       .byte $00,$00,$04,$04,$04,$04,$08,$08,$08,$08,$0C
 10510 B2B3 0C 0C 08 04 00	LB2B3       .byte $0C,$0C,$08,$04,$00
 10511 B2B8 DC DE DF E0 E1 E8 + LB2B8       .byte $DC,$DE,$DF,$E0,$E1,$E8,$E9,$EA,$EB,$C2,$B7,$F4,$F9,$CF,$7D,$7E
 10512 B2C8 7F 80 57 65 66 67 +             .byte $7F,$80,$57,$65,$66,$67,$68,$3F
 10513 B2D0 00 00 00 00 00 00 + LB2D0       .byte $00,$00,$00,$00,$00,$00,$00,$00,$00,$00,$00,$00,$00,$08,$0E,$0E
 10514 B2E0 0E 0E 0E 0E 0E 0E +             .byte $0E,$0E,$0E,$0E,$0E,$0E,$0E,$0E,$0E
 10515 B2E9 00 00 7C 04 7C 64 + LB2E9       .byte $00,$00,$7C,$04,$7C,$64,$7C,$00,$00,$00,$7C,$44,$60,$64,$7C,$00
 10516 B2F9 7E 42 40 60 60 62 +             .byte $7E,$42,$40,$60,$60,$62,$7E,$00,$04,$04
 10517 B303 7C 44 64 64 7C 00 + LB303       .byte $7C,$44,$64,$64,$7C,$00,$00,$00,$7C,$44,$7C,$60,$7C,$00,$7C,$40
 10518 B313 40 7C 60 60 7C 00 +             .byte $40,$7C,$60,$60,$7C,$00,$00,$00,$7C,$44,$64,$7C,$04,$7C,$7E,$42
 10519 B323 40 66 62 62 7E 00 +             .byte $40,$66,$62,$62,$7E,$00,$40,$40,$7C,$44,$64,$64,$64,$00,$18,$00
 10520 B333 10 10 18 18 18 00 +             .byte $10,$10,$18,$18,$18,$00,$10,$10,$18,$18,$18,$18,$18,$00,$00,$00
 10521 B343 FE 92 DA DA DA 00 +             .byte $FE,$92,$DA,$DA,$DA,$00,$FF,$89,$89,$C9,$C9,$C9,$C9,$00,$00,$00
 10522 B353 7C 44 64 64 64 00 +             .byte $7C,$44,$64,$64,$64,$00,$7E,$42,$42,$62,$62,$62,$62,$00,$00,$00
 10523 B363 7C 44 64 64 7C 00 +             .byte $7C,$44,$64,$64,$7C,$00,$7E,$46,$42,$42,$42,$42,$7E,$00,$00,$00
 10524 B373 7C 44 64 7C 40 40 +             .byte $7C,$44,$64,$7C,$40,$40,$00,$00,$3C,$20,$30,$30,$30,$00,$00,$00
 10525 B383 7C 40 7C 0C 7C 00 +             .byte $7C,$40,$7C,$0C,$7C,$00,$10,$10,$3C,$10,$18,$18,$18,$00,$00,$00
 10526 B393 00 00 00 00 00 00 +             .byte $00,$00,$00,$00,$00,$00,$00,$00,$00,$00,$00,$00,$00,$00,$00,$00
 10527 B3A3 00 00 00 00 00 00 +             .byte $00,$00,$00,$00,$00,$00,$00,$00,$00,$00,$00,$00,$00,$00,$00,$00
 10528 B3B3 00 00 00 00 00 00 +             .byte $00,$00,$00,$00,$00,$00,$00,$00,$00,$00,$00,$00,$00,$00,$00,$00
 10529 B3C3 00 00 00 00 00 00 +             .byte $00,$00,$00,$00,$00,$00,$00,$00,$00,$00,$00,$00,$00,$00,$00,$00
 10530 B3D3 00 00 00 00 00 00 +             .byte $00,$00,$00,$00,$00,$00,$00,$00,$00,$00,$00,$00,$00,$00,$00,$00
 10531 B3E3 00 00 00 00 00 00 +             .byte $00,$00,$00,$00,$00,$00,$00,$00,$00,$00,$00,$00,$00,$00,$00,$00
 10532 B3F3 00 00 00 00 00 00 +             .byte $00,$00,$00,$00,$00,$00,$00,$00,$00,$00,$00,$00,$00,$00,$00,$00
 10533 B403 00 00 00 00 00 00 +             .byte $00,$00,$00,$00,$00,$00,$00,$00,$00,$00,$00,$00,$00,$00,$00,$00
 10534 B413 00 00 00 00 00 00 +             .byte $00,$00,$00,$00,$00,$00,$00,$00,$00,$00,$00,$00,$00,$00,$00,$00
 10535 B423 00 00 00		            .byte $00,$00,$00
 10536 B426 00 00 00 00 00 00 + LB426       .byte $00,$00,$00,$00,$00,$00,$00,$00,$00,$00,$00,$00,$00,$00,$00,$00
 10537 B436 00 00 00 00 00 00 +             .byte $00,$00,$00,$00,$00,$00,$00,$00,$00,$00,$00,$00,$00,$00,$00,$00
 10538 B446 00 00 00 00 00 00 +             .byte $00,$00,$00,$00,$00,$00,$00,$00,$00,$00,$00,$00,$00,$00,$00,$00
 10539 B456 00 00 00 00 00 00 +             .byte $00,$00,$00,$00,$00,$00,$00,$00,$00,$00,$00,$00,$00,$00,$00,$00
 10540 B466 00 00 00 00 00 00 +             .byte $00,$00,$00,$00,$00,$00,$00,$00,$00,$00,$00,$00,$00,$00,$00,$00
 10541 B476 00 00 00 00 00 00 +             .byte $00,$00,$00,$00,$00,$00,$00,$00,$00,$00,$00,$00,$00,$00,$00,$00
 10542 B486 00 00 00 00 00 00 +             .byte $00,$00,$00,$00,$00,$00,$00,$00,$00,$00,$00,$00,$00,$00,$00,$00
 10543 B496 00 00 00 00 00 00 +             .byte $00,$00,$00,$00,$00,$00,$00,$00,$00,$00,$00,$00,$00,$00,$00,$00
 10544 B4A6 00 00 00 00 00 00 +             .byte $00,$00,$00,$00,$00,$00,$00,$00,$00,$00,$00,$00,$00,$00,$00,$00
 10545 B4B6 00 00 00 00 00 00 +             .byte $00,$00,$00,$00,$00,$00,$00,$00,$00,$00,$00,$00,$00,$00,$00,$00
 10546 B4C6 00 00 00 00 00 00 +             .byte $00,$00,$00,$00,$00,$00,$00,$00,$00,$00,$00,$00,$00,$00,$00,$00
 10547 B4D6 00 00 00 00 00 00 +             .byte $00,$00,$00,$00,$00,$00,$00,$00,$00,$00,$00,$00,$00,$00,$00,$00
 10548 B4E6 00 00 00 00 00 00 +             .byte $00,$00,$00,$00,$00,$00,$00,$00,$00,$00,$00,$00,$00,$00,$00,$00
 10549 B4F6 00 00 00 00 00 00 +             .byte $00,$00,$00,$00,$00,$00,$00,$00,$00,$00,$00,$00,$00,$00,$00,$00
 10550 B506 00 00 00 00 00 00 +             .byte $00,$00,$00,$00,$00,$00,$00,$00,$00,$00,$00,$00,$00,$00,$00,$00
 10551 B516 00 00 00 00 00 00 +             .byte $00,$00,$00,$00,$00,$00,$00,$00,$00,$00,$00,$00,$00,$00,$00,$00
 10552 B526 00 00 00 00 00 00 +             .byte $00,$00,$00,$00,$00,$00,$00,$00,$00,$00,$00,$00,$00,$00,$00,$00
 10553 B536 00 00 00 00 00 00 +             .byte $00,$00,$00,$00,$00,$00,$00,$00,$00,$00,$00,$00,$00,$00,$00,$00
 10554 B546 00 00 00 00 00 00 +             .byte $00,$00,$00,$00,$00,$00,$00,$00,$00,$00,$00,$00,$00,$00,$00,$00
 10555 B556 00 00 00 00 00 00 +             .byte $00,$00,$00,$00,$00,$00,$00,$00,$00,$00,$00,$00,$00,$00,$00,$00
 10556 B566 00 00 00 00 00 00 +             .byte $00,$00,$00,$00,$00,$00,$00,$00,$00,$00,$00,$00,$00,$00,$00,$00
 10557 B576 00 00 00 00 00 00 +             .byte $00,$00,$00,$00,$00,$00,$00,$00,$00,$00,$00,$00,$00,$00,$00,$00
 10558 B586 00 00 00 00 00 00 +             .byte $00,$00,$00,$00,$00,$00,$00,$00,$00,$00,$00,$00,$00,$00,$00,$00
 10559 B596 00 00 00 00 00 00 +             .byte $00,$00,$00,$00,$00,$00,$00,$00,$00,$00,$00,$00,$00,$00,$00,$00
 10560 B5A6 00 00 00 00 00 00 +             .byte $00,$00,$00,$00,$00,$00,$00,$00,$00,$00,$00,$00,$00,$00,$00,$00
 10561 B5B6 00 00 00 00 00 00 +             .byte $00,$00,$00,$00,$00,$00,$00,$00,$00,$00,$00,$00,$00,$00,$00,$00
 10562 B5C6 00 00 00 00 00 00 +             .byte $00,$00,$00,$00,$00,$00,$00,$00,$00,$00,$00,$00,$00,$00,$00,$00
 10563 B5D6 00 00 00 00 00 00 +             .byte $00,$00,$00,$00,$00,$00,$00,$00,$00,$00,$00,$00,$00,$00,$00,$00
 10564 B5E6 00 00 00 00 00 00 +             .byte $00,$00,$00,$00,$00,$00,$00,$00,$00,$00,$00,$00,$00,$00,$00,$00
 10565 B5F6 00 00 00 00 00 00 +             .byte $00,$00,$00,$00,$00,$00,$00,$00,$00,$00,$00,$00,$00,$00,$00,$00
 10566 B606 00 00 00 00 00 00 +             .byte $00,$00,$00,$00,$00,$00,$00,$00,$00,$00,$00,$00,$00,$00,$00,$00
 10567 B616 00 00 00 00 00 00 +             .byte $00,$00,$00,$00,$00,$00,$00,$00,$00,$00,$00,$00,$00,$00,$00,$00
 10568 B626 00 00 00 00 00 00 +             .byte $00,$00,$00,$00,$00,$00,$00,$00,$00,$00,$00,$00,$00,$00,$00,$00
 10569 B636 00 00 00 00 00 00 +             .byte $00,$00,$00,$00,$00,$00,$00,$00,$00,$00,$00,$00,$00,$00,$00,$00
 10570 B646 00 00 00 00 00 00 +             .byte $00,$00,$00,$00,$00,$00,$00,$00,$00,$00,$00,$00,$00,$00,$00,$00
 10571 B656 00 00 00 00 00 00 +             .byte $00,$00,$00,$00,$00,$00,$00,$00,$00,$00,$00,$00,$00,$00,$00,$00
 10572 B666 00 00 00 00 00 00 +             .byte $00,$00,$00,$00,$00,$00,$00,$00,$00,$00,$00,$00,$00,$00,$00,$00
 10573 B676 00 00 00 00 00 00 +             .byte $00,$00,$00,$00,$00,$00,$00,$00,$00,$00,$00,$00,$00,$00,$00,$00
 10574 B686 00 00 00 00 00 00 +             .byte $00,$00,$00,$00,$00,$00,$00,$00,$00,$00,$00,$00,$00,$00,$00,$00
 10575 B696 00 00 00 00 00 00 +             .byte $00,$00,$00,$00,$00,$00,$00,$00,$00,$00,$00,$00,$00,$00,$00,$00
 10576 B6A6 00 00 00 00 00 00 +             .byte $00,$00,$00,$00,$00,$00,$00,$00,$00,$00,$00,$00,$00,$00,$00,$00
 10577 B6B6 00 00 00 00 00 00 +             .byte $00,$00,$00,$00,$00,$00,$00,$00,$00,$00,$00,$00,$00,$00,$00,$00
 10578 B6C6 00 00 00 00 00 00 +             .byte $00,$00,$00,$00,$00,$00,$00,$00,$00,$00,$00,$00,$00,$00,$00,$00
 10579 B6D6 00 00 00 00 00 00 +             .byte $00,$00,$00,$00,$00,$00,$00,$00,$00,$00,$00,$00,$00,$00,$00,$00
 10580 B6E6 00 00 00 00 00 00 +             .byte $00,$00,$00,$00,$00,$00,$00,$00,$00,$00,$00,$00,$00,$00,$00,$00
 10581 B6F6 00 00 00 00 00 00 +             .byte $00,$00,$00,$00,$00,$00,$00,$00,$00,$00,$00,$00,$00,$00,$00,$00
 10582 B706 00 00 00 00 00 00 +             .byte $00,$00,$00,$00,$00,$00,$00,$00,$00,$00,$00,$00,$00,$00,$00,$00
 10583 B716 00 00 00 00 00 00 +             .byte $00,$00,$00,$00,$00,$00,$00,$00,$00,$00,$00,$00,$00,$00,$00,$00
 10584 B726 00 00 00 00 00 00 +             .byte $00,$00,$00,$00,$00,$00,$00,$00,$00,$00,$00,$00,$00,$00,$00,$00
 10585 B736 00 00 00 00 00 00 +             .byte $00,$00,$00,$00,$00,$00,$00,$00,$00,$00,$00,$00,$00,$00,$00,$00
 10586 B746 00 00 00 00 00 00 +             .byte $00,$00,$00,$00,$00,$00,$00,$00,$00,$00,$00,$00,$00,$00,$00,$00
 10587 B756 00 00 00 00 00 00 +             .byte $00,$00,$00,$00,$00,$00,$00,$00,$00,$00,$00,$00,$00,$00,$00,$00
 10588 B766 00 00 00 00 00 00 +             .byte $00,$00,$00,$00,$00,$00,$00,$00,$00,$00,$00,$00,$00,$00,$00,$00
 10589 B776 00 00 00 00 00 00 +             .byte $00,$00,$00,$00,$00,$00,$00,$00,$00,$00,$00,$00,$00,$00,$00,$00
 10590 B786 00 00 00 00		            .byte $00,$00,$00,$00
 10591 B78A 00 00 00 00 00 00 + LB78A       .byte $00,$00,$00,$00,$00,$00,$00,$00,$00,$00,$00,$00,$00,$00,$00,$00
 10592 B79A 00 00 00 00 00 00 +             .byte $00,$00,$00,$00,$00,$00,$00,$00,$00,$00,$00,$00,$00,$00,$00,$00
 10593 B7AA 00 00 00 00 00 00 +             .byte $00,$00,$00,$00,$00,$00,$00,$00,$00,$00,$00,$00,$00,$00,$00,$00
 10594 B7BA 00 00 00 00 00 00 +             .byte $00,$00,$00,$00,$00,$00,$00,$00,$00,$00,$00,$00,$00,$00,$00,$00
 10595 B7CA 00 00 00 00 00 00 +             .byte $00,$00,$00,$00,$00,$00,$00,$00,$00,$00,$00,$00,$00,$00,$00,$00
 10596 B7DA 00 00 00 00 00 00 +             .byte $00,$00,$00,$00,$00,$00,$00,$00,$00,$00,$00,$00,$00,$00,$00,$00
 10597 B7EA 00 00 00 00 00 00 +             .byte $00,$00,$00,$00,$00,$00,$00,$00,$00,$00,$00,$00,$00,$00,$00,$00
 10598 B7FA 00 00 00 00 00 00 +             .byte $00,$00,$00,$00,$00,$00,$00,$00,$00,$00,$00,$00,$00,$00,$00,$00
 10599 B80A 00 00 00 00 00 00 +             .byte $00,$00,$00,$00,$00,$00,$00,$00,$00,$00,$00,$00,$00,$00,$00,$00
 10600 B81A 00 00 00 00 00 00 +             .byte $00,$00,$00,$00,$00,$00,$00,$00,$00,$00,$00,$00,$00,$00,$00,$00
 10601 B82A 00 00 00 00 00 00 +             .byte $00,$00,$00,$00,$00,$00,$00,$00,$00,$00,$00,$00,$00,$00,$00,$00
 10602 B83A 00 00 00 00 00 00 +             .byte $00,$00,$00,$00,$00,$00,$00,$00,$00,$00,$00,$00,$00,$00,$00,$00
 10603 B84A 00 00 00 00 00 00 +             .byte $00,$00,$00,$00,$00,$00,$00,$00,$00,$00,$00,$00,$00,$00,$00,$00
 10604 B85A 00 00 00 00 00 00 +             .byte $00,$00,$00,$00,$00,$00,$00,$00,$00,$00,$00,$00,$00,$00,$00,$00
 10605 B86A 00 00 00 00 00 00 +             .byte $00,$00,$00,$00,$00,$00,$00,$00,$00,$00,$00,$00,$00,$00,$00,$00
 10606 B87A 00 00 00 00 00 00 +             .byte $00,$00,$00,$00,$00,$00,$00,$00,$00,$00,$00,$00,$00,$00,$00,$00
 10607 B88A 00 00 00 00 00 00 +             .byte $00,$00,$00,$00,$00,$00,$00,$00,$00,$00,$00,$00,$00,$00,$00,$00
 10608 B89A 00 00 00 00 00 00 +             .byte $00,$00,$00,$00,$00,$00,$00,$00,$00,$00,$00,$00,$00,$00,$00,$00
 10609 B8AA 00 00 00 00 00 00 +             .byte $00,$00,$00,$00,$00,$00,$00,$00,$00,$00,$00,$00,$00,$00,$00,$00
 10610 B8BA 00 00 00 00 00 00 +             .byte $00,$00,$00,$00,$00,$00,$00,$00,$00,$00,$00,$00,$00,$00,$00,$00
 10611 B8CA 00 00 00 00 00 00 +             .byte $00,$00,$00,$00,$00,$00,$00,$00,$00,$00,$00,$00,$00,$00,$00,$00
 10612 B8DA 00 00 00 00 00 00 +             .byte $00,$00,$00,$00,$00,$00,$00,$00,$00,$00,$00,$00,$00,$00,$00,$00
 10613 B8EA 00 00 00 00 00 00 +             .byte $00,$00,$00,$00,$00,$00,$00,$00,$00,$00,$00,$00,$00,$00,$00,$00
 10614 B8FA 00 00 00 00 00 00 +             .byte $00,$00,$00,$00,$00,$00,$58,$16,$61,$16,$EE,$08,$DC
 10615 B907 94 1A 38 0B AE 05 + LB907       .byte $94,$1A,$38,$0B,$AE,$05,$74,$6A,$2E,$E8,$15
 10616 B912 D9 A8 26 71 15 E0 + LB912       .byte $D9,$A8,$26,$71,$15,$E0,$0A,$A8,$A0,$55,$B0,$8A,$E6,$55,$5C,$6A
 10617 B922 31 4C 16 21 A0 8E +             .byte $31,$4C,$16,$21,$A0,$8E,$D5,$0A,$DA,$64,$0C,$16,$02,$00,$01,$01
 10618 B932 5C 90 0E 20 D2 F9 +             .byte $5C,$90,$0E,$20,$D2,$F9,$F0,$1E,$24,$28,$50,$04,$05,$A1,$D0,$04
 10619 B942 49 FF 25 A1 85 A1 +             .byte $49,$FF,$25,$A1,$85,$A1,$20,$B4,$F9,$24,$A1,$10,$06,$A9,$40,$85
 10620 B952 F0 85 0F 20 07 0D +             .byte $F0,$85,$0F,$20,$07,$0D,$20,$D5,$F9,$0A,$90,$06,$A9,$00,$85,$5C
 10621 B962 F0 20 10 22 A2 0F +             .byte $F0,$20,$10,$22,$A2,$0F,$B5,$E0,$29,$E0,$D0,$07,$A9,$FF,$95,$E0
 10622 B972 20 08 12 CA D0 F0 +             .byte $20,$08,$12,$CA,$D0,$F0,$E8,$86,$5B,$A9,$01,$8D,$44,$E6,$A5,$5C
 10623 B982 D0 02 E6 1F 38 60 +             .byte $D0,$02,$E6,$1F,$38,$60,$A5,$50,$29,$03,$D0,$24,$A5,$29,$29,$30
 10624 B992 F0 1E A6 E0 29 20 +             .byte $F0,$1E,$A6,$E0,$29,$20,$D0,$07,$CA,$10,$0B,$A2,$17,$D0,$07,$E8
 10625 B9A2 E0 18 90 02 A2 00 +             .byte $E0,$18,$90,$02,$A2,$00,$86,$E0,$8E,$20,$02,$86,$0D,$20,$F7,$38
 10626 B9B2 18 60 A2 01 A0 00 +             .byte $18,$60,$A2,$01,$A0,$00,$A5,$A1,$85,$29,$A9,$30,$06,$29,$90,$01
 10627 B9C2 8A 99 52 50 09 80 +             .byte $8A,$99,$52,$50,$09,$80,$99,$7A,$50,$C8,$E8,$E0,$09,$90,$EB,$60
 10628 B9D2 A2 07 0C A2 0F A9 +             .byte $A2,$07,$0C,$A2,$0F,$A9,$01,$85,$29,$BD,$F2,$F9,$20,$50,$0B,$3D
 10629 B9E2 02 FA C9 01 26 29 +             .byte $02,$FA,$C9,$01,$26,$29,$CA,$90,$F0,$A5,$29,$49,$FF,$85,$29,$60
 10630 B9F2 F7 F7 FB FB FD FD +             .byte $F7,$F7,$FB,$FB,$FD,$FD,$7F,$7F,$FF,$FF,$FF,$FF,$DF,$DF,$FB,$FD
 10631 BA02 08 01 08 01 08 01 +             .byte $08,$01,$08,$01,$08,$01,$08,$01,$00,$00,$00,$00,$08,$01,$04,$20
 10632 BA12 00 00 00 00 00 00 +             .byte $00,$00,$00,$00,$00,$00,$00,$00,$00,$00,$00,$00,$00,$00,$00,$00
 10633 BA22 00 00 00 00 00 00 +             .byte $00,$00,$00,$00,$00,$00,$00,$00,$00,$00,$00,$00,$00,$00,$00,$00
 10634 BA32 00 00 00 00 00 00 +             .byte $00,$00,$00,$00,$00,$00,$00,$00,$00,$00,$00,$00,$00,$00,$00,$00
 10635 BA42 00 00 00 00 00 00 +             .byte $00,$00,$00,$00,$00,$00,$00,$00,$00,$00,$00,$00,$00,$00,$00,$00
 10636 BA52 00 00 00 00 00 00 +             .byte $00,$00,$00,$00,$00,$00,$00,$00,$00,$00,$00,$00,$00,$00,$00,$00
 10637 BA62 00 00 00 00 00 00 +             .byte $00,$00,$00,$00,$00,$00,$00,$00,$00,$00,$00,$00,$00,$00,$00,$00
 10638 BA72 00 00 00 00 00 00 +             .byte $00,$00,$00,$00,$00,$00,$00,$00,$00,$00,$00,$00,$00,$00,$00,$00
 10639 BA82 00 00 00 00 00 00 +             .byte $00,$00,$00,$00,$00,$00,$00,$00,$00,$00,$00,$00,$00,$00,$00,$00
 10640 BA92 00 00 00 00 00 00 +             .byte $00,$00,$00,$00,$00,$00,$00,$00,$00,$00,$00,$00,$00,$00,$00,$00
 10641 BAA2 00 00 00 00 00 00 +             .byte $00,$00,$00,$00,$00,$00,$00,$00,$00,$00,$00,$00,$00,$00,$00,$00
 10642 BAB2 00 00 00 00 00 00 +             .byte $00,$00,$00,$00,$00,$00,$00,$00,$00,$00,$00,$00,$00,$00,$00,$00
 10643 BAC2 00 00 00 00 00 00 +             .byte $00,$00,$00,$00,$00,$00,$00,$00,$00,$00,$00,$00,$00,$00,$00,$00
 10644 BAD2 00 00 00 00 00 00 +             .byte $00,$00,$00,$00,$00,$00,$00,$00,$00,$00,$00,$00,$00,$00,$00,$00
 10645 BAE2 00 00 00 00 00 00 +             .byte $00,$00,$00,$00,$00,$00,$00,$00,$00,$00,$00,$00,$00,$00,$00,$00
 10646 BAF2 00 00 00 00 00 00 +             .byte $00,$00,$00,$00,$00,$00,$00,$00,$00,$00,$00,$00,$00,$00,$00,$00
 10647 BB02 00 00 00 00 00 00 +             .byte $00,$00,$00,$00,$00,$00,$00,$00,$00,$00,$00,$00,$00,$00,$00,$00
 10648 BB12 00 00 00 00 00 00 + LBB12       .byte $00,$00,$00,$00,$00,$00,$00,$00,$00
 10649 BB1B 00 00 00 00 00 00 + LBB1B       .byte $00,$00,$00,$00,$00,$00,$00,$00,$00,$00,$00,$00,$00,$00,$00,$00
 10650 BB2B 00 00 00 00 00	            .byte $00,$00,$00,$00,$00
 10651 BB30 00 00 00 00 00 00 + LBB30       .byte $00,$00,$00,$00,$00,$00,$00,$00,$00,$00,$00,$00,$00,$00,$00,$00
 10652 BB40 00 00 00 00 00 00 +             .byte $00,$00,$00,$00,$00,$00,$00,$00,$00,$00,$00,$00,$00,$00,$00,$00
 10653 BB50 00 00 00 00 00 00 +             .byte $00,$00,$00,$00,$00,$00,$00,$00,$00,$00,$00,$00,$00,$00,$00,$00
 10654 BB60 00 00 00 00 00 00 +             .byte $00,$00,$00,$00,$00,$00,$00,$00,$00,$00,$00,$00,$00,$00,$00,$00
 10655 BB70 00 00 00 00 00 00 +             .byte $00,$00,$00,$00,$00,$00,$00,$00,$00,$00,$00,$00,$00,$00,$00,$00
 10656 BB80 00 00 00 00 00 00 +             .byte $00,$00,$00,$00,$00,$00,$00,$00,$00,$00,$00,$00,$00,$00,$00,$00
 10657 BB90 00 00 00 00 00 00 +             .byte $00,$00,$00,$00,$00,$00,$00,$00,$00,$00,$00,$00,$00,$00,$00,$00
 10658 BBA0 00 00 00 00 00 00 +             .byte $00,$00,$00,$00,$00,$00,$00,$00,$00,$00,$00,$00,$00,$00,$00,$00
 10659 BBB0 00 00 00 00 00 00 +             .byte $00,$00,$00,$00,$00,$00,$00,$00,$00,$00,$00,$00,$00,$00,$00,$00
 10660 BBC0 00 00 00 00 00 00 +             .byte $00,$00,$00,$00,$00,$00,$00,$00,$00,$00,$00,$00,$00,$00,$00,$00
 10661 BBD0 00 00 00 00 00 00 +             .byte $00,$00,$00,$00,$00,$00,$00,$00,$00,$00,$00,$00,$00,$00,$00,$00
 10662 BBE0 00 00 00 00 00 00 +             .byte $00,$00,$00,$00,$00,$00,$00,$00,$00,$00,$00,$00,$00,$00,$00,$00
 10663 BBF0 00 00 00 00 00 00 +             .byte $00,$00,$00,$00,$00,$00,$00,$00,$00,$00,$00,$00,$00,$00,$00,$00
 10664 BC00 00 00 00 00 00 00 +             .byte $00,$00,$00,$00,$00,$00,$00,$00,$00,$00,$00,$00,$00,$00,$00,$00
 10665 BC10 00 00 00 00 00 00 +             .byte $00,$00,$00,$00,$00,$00,$00,$00,$00,$00,$00,$00,$00,$00,$00,$00
 10666 BC20 00 00 00 00 00 00 +             .byte $00,$00,$00,$00,$00,$00,$00,$00,$00,$00,$00,$00,$00,$00,$00,$00
 10667 BC30 00 00 00 00 00 00 +             .byte $00,$00,$00,$00,$00,$00,$00,$00,$00,$00,$00,$00,$00,$00,$00,$00
 10668 BC40 00 00 00 00 00 00 +             .byte $00,$00,$00,$00,$00,$00,$00,$00,$00,$00,$00,$00,$00,$00,$00,$00
 10669 BC50 00 00 00 00 00 00 +             .byte $00,$00,$00,$00,$00,$00,$00,$00,$00,$00,$00,$00,$00,$00,$00,$00
 10670 BC60 00 00 00 00 00 00 +             .byte $00,$00,$00,$00,$00,$00,$00,$00,$00,$00,$00,$00,$00,$00,$00,$00
 10671 BC70 00 00 00 00 00 00 +             .byte $00,$00,$00,$00,$00,$00,$00,$00,$00,$00,$00,$00,$00,$00,$00,$00
 10672 BC80 00 00 00 00 00 00 +             .byte $00,$00,$00,$00,$00,$00,$00,$00,$00,$00,$00,$00,$00,$00,$00,$00
 10673 BC90 00 00 00 00 00 00 +             .byte $00,$00,$00,$00,$00,$00,$00,$00,$00,$00,$00,$00,$00,$00,$00,$00
 10674 BCA0 00 00 00 00 00 00 +             .byte $00,$00,$00,$00,$00,$00,$00,$00,$00,$00,$00,$00,$00,$00,$00,$00
 10675 BCB0 00 00 00 00 00 00 +             .byte $00,$00,$00,$00,$00,$00,$00,$00,$00,$00,$00,$00,$00,$00,$00,$00
 10676 BCC0 00 00 00 00 00 00 +             .byte $00,$00,$00,$00,$00,$00,$00,$00,$00,$00,$00,$00,$00,$00,$00,$00
 10677 BCD0 00 00 00 00 00 00 +             .byte $00,$00,$00,$00,$00,$00,$00,$00,$00,$00,$00,$00,$00,$00,$00,$00
 10678 BCE0 00 00 00 00 00 00 +             .byte $00,$00,$00,$00,$00,$00,$00,$00,$00,$00,$00,$00,$00,$00,$00,$00
 10679 BCF0 00 00 00 00 00 00 +             .byte $00,$00,$00,$00,$00,$00,$00,$00,$00,$00,$00,$00,$00,$00,$00,$00
 10680 BD00 00 00 00 00 00 00 +             .byte $00,$00,$00,$00,$00,$00,$00,$00,$00,$00,$00,$00,$00,$00,$00,$00
 10681 BD10 00 00 00 00 00 00 +             .byte $00,$00,$00,$00,$00,$00,$00,$00,$00,$00,$00,$00
 10682 BD1C 00 00 00 00 00 00 + LBD1C       .byte $00,$00,$00,$00,$00,$00,$00,$00,$00,$00,$00,$00,$00,$00,$00,$00
 10683 BD2C 00 00 00 00 00 00 +             .byte $00,$00,$00,$00,$00,$00,$00,$00,$00,$00,$00,$00,$00,$00,$00,$00
 10684 BD3C 00 00 00 00 00 00 +             .byte $00,$00,$00,$00,$00,$00,$00,$00,$00,$00,$00,$00,$00,$00,$00,$00
 10685 BD4C 00 00 00 00 00 00 +             .byte $00,$00,$00,$00,$00,$00,$00,$00,$00,$00,$00,$00,$00,$00,$00,$00
 10686 BD5C 00 00 00 00 00 00 +             .byte $00,$00,$00,$00,$00,$00,$00,$00,$00,$00,$00,$00,$00,$00,$00,$00
 10687 BD6C 00 00 00 00 00 00 +             .byte $00,$00,$00,$00,$00,$00,$00,$00,$00,$00,$00,$00,$00,$00,$00,$00
 10688 BD7C 00 00 00 00 00 00 +             .byte $00,$00,$00,$00,$00,$00,$00,$00,$00,$00,$00,$00,$00,$00,$00,$00
 10689 BD8C 00 00 00 00 00 00 +             .byte $00,$00,$00,$00,$00,$00,$00,$00,$00,$00,$00,$00,$00,$00,$00,$00
 10690 BD9C 00 00 00 00 00 00 +             .byte $00,$00,$00,$00,$00,$00,$00,$00,$00,$00,$00,$00,$00,$00,$00,$00
 10691 BDAC 00 00 00 00 00 00 +             .byte $00,$00,$00,$00,$00,$00,$00,$00,$00,$00,$00,$00,$00,$00,$00,$00
 10692 BDBC 00 00 00 00 00 00 +             .byte $00,$00,$00,$00,$00,$00,$00,$00,$00,$00,$00,$00,$00,$00,$00,$00
 10693 BDCC 00 00 00 00 00 00 +             .byte $00,$00,$00,$00,$00,$00,$00,$00,$00,$00,$00,$00,$00,$00,$00,$00
 10694 BDDC 00 00 00 00 00 00 +             .byte $00,$00,$00,$00,$00,$00,$00,$00,$00,$00,$00,$00,$00,$00,$00,$00
 10695 BDEC 00 00 00 00 00 00 +             .byte $00,$00,$00,$00,$00,$00,$00,$00,$00,$00,$00,$00,$00,$00,$00,$00
 10696 BDFC 00 00 00 00 00 00 +             .byte $00,$00,$00,$00,$00,$00,$00,$00,$00,$00,$00,$00,$00,$00,$00,$00
 10697 BE0C 00 00 00 00 00 00 +             .byte $00,$00,$00,$00,$00,$00,$00,$00,$00,$00,$00,$00,$00,$00,$00,$00
 10698 BE1C 00 00 00 00 00 00 +             .byte $00,$00,$00,$00,$00,$00,$00,$00,$00,$00,$00,$00,$00,$00,$00,$00
 10699 BE2C 00 00 00 00 00 00 +             .byte $00,$00,$00,$00,$00,$00,$00,$00,$00,$00,$00,$00,$00,$00,$00,$00
 10700 BE3C 00 00 00 00 00 00 +             .byte $00,$00,$00,$00,$00,$00,$00,$00,$00,$00,$00,$00,$00,$00,$00,$00
 10701 BE4C 00 00 00 00 00 00 +             .byte $00,$00,$00,$00,$00,$00,$00,$00,$00,$00,$00,$00,$00,$00,$00,$00
 10702 BE5C 00 00 00 00 00 00 +             .byte $00,$00,$00,$00,$00,$00,$00,$00,$00,$00,$00,$00,$00,$00,$00,$00
 10703 BE6C 00 00 00 00 00 00 +             .byte $00,$00,$00,$00,$00,$00,$00,$00,$00,$00,$00,$00,$00,$00,$00,$00
 10704 BE7C 00 00 00 00 00 00 +             .byte $00,$00,$00,$00,$00,$00,$00,$00,$00,$00,$00,$00,$00,$00,$00,$00
 10705 BE8C 00 00 00 00 00 00 +             .byte $00,$00,$00,$00,$00,$00,$00,$00,$00,$00,$00,$00,$00,$00,$00,$00
 10706 BE9C 00 00 00 00 00 00 +             .byte $00,$00,$00,$00,$00,$00,$00,$00,$00,$00,$00,$00,$00,$00,$00,$00
 10707 BEAC 00 00 00 00 00 00 +             .byte $00,$00,$00,$00,$00,$00,$00,$00,$00,$00,$00,$00,$00,$00,$00,$00
 10708 BEBC 00 00 00 00 00 00 +             .byte $00,$00,$00,$00,$00,$00,$00,$00,$00,$00,$00,$00,$00,$00,$00,$00
 10709 BECC 00 00 00 00 00 00 +             .byte $00,$00,$00,$00,$00,$00,$00,$00,$00,$00,$00,$00,$00,$00,$00,$00
 10710 BEDC 00 00 00 00 00 00 +             .byte $00,$00,$00,$00,$00,$00,$00,$00,$00,$00,$00,$00,$00,$00,$00,$00
 10711 BEEC 00 00 00 00 00 00 +             .byte $00,$00,$00,$00,$00,$00,$00,$00,$00,$00,$00,$00,$00,$00,$00,$00
 10712 BEFC 00 00 00 00		            .byte $00,$00,$00,$00
 10713 BF00 00 00 00 00 00 00 + LBF00       .byte $00,$00,$00,$00,$00,$00,$00,$00,$00
 10714 BF09 00 00 00 00 00 00 + LBF09       .byte $00,$00,$00,$00,$00,$00,$00,$00,$00,$00,$00,$00,$00,$00,$00,$00
 10715 BF19 00 00 00 00 00 00 +             .byte $00,$00,$00,$00,$00,$00,$00,$00,$00,$00,$00,$00,$00,$00,$00,$00
 10716 BF29 00 00 00 00 00 00 +             .byte $00,$00,$00,$00,$00,$00,$00,$00,$00,$00,$00,$00,$00,$00,$00,$00
 10717 BF39 00 00 00 00 00 00 +             .byte $00,$00,$00,$00,$00,$00,$00,$00,$00,$00,$00,$00,$00,$00,$00,$00
 10718 BF49 00 00 00 00 00 00 +             .byte $00,$00,$00,$00,$00,$00,$00,$00,$00,$00,$00,$00,$00,$00,$00,$00
 10719 BF59 00 00 00 00 00 00 +             .byte $00,$00,$00,$00,$00,$00,$00,$00,$00,$00,$00,$00,$00,$00,$00,$00
 10720 BF69 00 00 00 00 00 00 +             .byte $00,$00,$00,$00,$00,$00,$00,$00,$00,$00,$00,$00,$00,$00,$00,$00
 10721 BF79 00 00 00 00 00 00 +             .byte $00,$00,$00,$00,$00,$00,$00,$00,$00,$00,$00,$00,$00,$00,$00,$00
 10722 BF89 00 00 00 00 00 00 +             .byte $00,$00,$00,$00,$00,$00,$00,$00,$00,$00,$00,$00,$00,$00,$00,$00
 10723 BF99 00 00 00 00 00 00 +             .byte $00,$00,$00,$00,$00,$00,$00,$00,$00,$00,$00,$00,$00,$00,$00,$00
 10724 BFA9 00 00 00 00 00 00 +             .byte $00,$00,$00,$00,$00,$00,$00,$00,$00,$00,$00,$00,$00,$00,$00,$00
 10725 BFB9 00 00 00 00 00 00 +             .byte $00,$00,$00,$00,$00,$00,$00,$00,$00,$00,$00,$00,$00,$00,$00,$00
 10726 BFC9 00 00 00 00 00 00 +             .byte $00,$00,$00,$00,$00,$00,$00,$00,$00,$00,$00,$00,$00,$00,$00,$00
 10727 BFD9 00 00 00 00 00 00 +             .byte $00,$00,$00,$00,$00,$00,$00,$00,$00,$00,$00,$00,$00,$00,$00,$00
 10728 BFE9 00 00 00 00 00 00 +             .byte $00,$00,$00,$00,$00,$00,$00,$00,$00,$00,$00,$00,$00,$00,$00,$00
 10729 BFF9 00 00 00 00 00 00	            .byte $00,$00,$00,$00,$00,$00
 10730 BFFF 00			LBFFF       .byte $00
 10731 C000 00 00 00 00 00 00 + LC000       .byte $00,$00,$00,$00,$00,$00,$00,$00,$00,$00,$00,$00,$00,$00,$00,$00
 10732 C010 00 00 00 00 00 00 +             .byte $00,$00,$00,$00,$00,$00,$00,$00,$00,$00,$00,$00,$00,$00,$00,$00
 10733 C020 00 00 00 00 00 00 +             .byte $00,$00,$00,$00,$00,$00,$00,$00,$00,$00,$00,$00,$00,$00,$00,$00
 10734 C030 00 00 00 00 00 00 +             .byte $00,$00,$00,$00,$00,$00,$00,$00,$00,$00,$00,$00,$00,$00,$00,$00
 10735 C040 00 00 00 00 00 00 +             .byte $00,$00,$00,$00,$00,$00,$00,$00,$00,$00,$00,$00,$00,$00,$00,$00
 10736 C050 00 00 00 00 00 00 +             .byte $00,$00,$00,$00,$00,$00,$00,$00,$00,$00,$00,$00,$00,$00,$00,$00
 10737 C060 00 00 00 00 00 00 +             .byte $00,$00,$00,$00,$00,$00,$00,$00,$00,$00,$00,$00,$00,$00,$00,$00
 10738 C070 00 00 00 00 00 00 +             .byte $00,$00,$00,$00,$00,$00,$00,$00,$00,$00,$00,$00,$00,$00,$00,$00
 10739 C080 00 00 00 00 00 00 +             .byte $00,$00,$00,$00,$00,$00,$00,$00,$00,$00,$00,$00,$00,$00,$00,$00
 10740 C090 00 00 00 00 00 00 +             .byte $00,$00,$00,$00,$00,$00,$00,$00,$00,$00,$00,$00,$00,$00,$00,$00
 10741 C0A0 00 00 00 00 00 00 +             .byte $00,$00,$00,$00,$00,$00,$00,$00,$00,$00,$00,$00,$00,$00,$00,$00
 10742 C0B0 00 00 00 00 00 00 +             .byte $00,$00,$00,$00,$00,$00,$00,$00,$00,$00,$00,$00,$00,$00,$00,$00
 10743 C0C0 00 00 00 00 00 00 +             .byte $00,$00,$00,$00,$00,$00,$00,$00,$00,$00,$00,$00,$00,$00,$00,$00
 10744 C0D0 00 00 00 00 00 00 +             .byte $00,$00,$00,$00,$00,$00,$00,$00,$00,$00,$00,$00,$00,$00,$00,$00
 10745 C0E0 00 00 00 00 00 00 +             .byte $00,$00,$00,$00,$00,$00,$00,$00,$00,$00,$00,$00,$00,$00,$00,$00
 10746 C0F0 00 00 00 00 00 00 +             .byte $00,$00,$00,$00,$00,$00,$00,$00,$00,$00,$00,$00,$00,$00,$00,$00
 10747 C100 00 70 70 80 70 70 + LC100       .byte $00,$70,$70,$80,$70,$70,$70,$70,$70,$70,$70,$70,$70,$70,$70,$70
 10748 C110 A0 A0 A0 A0 10 10	LC110       .byte $A0,$A0,$A0,$A0,$10,$10
 10749 C116 00 70 10 10 70 70 + LC116       .byte $00,$70,$10,$10,$70,$70,$10,$10,$10,$00,$90,$90,$70,$70,$90,$90
 10750 C126 70 70 00 00 00 00	            .byte $70,$70,$00,$00,$00,$00
 10751 C12C 90 00 00 00 90 90 + LC12C       .byte $90,$00,$00,$00,$90,$90,$70,$70,$70,$70,$90,$90,$80,$80,$80,$80
 10752 C13C 10 10 10 10 70 70 +             .byte $10,$10,$10,$10,$70,$70,$70,$70,$90,$90,$90,$90,$70,$70,$70,$70
 10753 C14C 90 90 90 90 70 90 +             .byte $90,$90,$90,$90,$70,$90,$70,$90,$90,$90,$70,$70,$90,$90,$70,$70
 10754 C15C 70 70 90 70 00 90 +             .byte $70,$70,$90,$70,$00,$90,$70,$90,$20,$20,$20,$20,$70,$70,$90,$90
 10755 C16C 90 90 70 70 90 90 +             .byte $90,$90,$70,$70,$90,$90,$70,$70,$70,$90,$90,$70,$70,$70,$70,$70
 10756 C17C 90 70 00 00 50 50 +             .byte $90,$70,$00,$00,$50,$50,$50,$50,$50,$50,$50,$50,$50,$50,$50,$50
 10757 C18C 50 B0 B0 B0		            .byte $50,$B0,$B0,$B0
 10758 C190 50 50 50 50 50 50 + LC190       .byte $50,$50,$50,$50,$50,$50,$50,$50,$50,$50,$50,$50,$50,$50,$00,$00
 10759 C1A0 70 70 90 90 90 90 +             .byte $70,$70,$90,$90,$90,$90,$90,$90,$70,$70,$70,$70,$90,$90,$70,$70
 10760 C1B0 90 70 70 90 70 90 +             .byte $90,$70,$70,$90,$70,$90,$90,$90,$90,$90,$90,$90,$70,$70,$70,$90
 10761 C1C0 90 90 90 90 70 70 +             .byte $90,$90,$90,$90,$70,$70,$70,$70,$90,$90,$90,$90,$70,$70,$70,$70
 10762 C1D0 90 70 90 70 90 90 +             .byte $90,$70,$90,$70,$90,$90,$70,$70,$90,$90,$70,$70,$70,$70,$70,$70
 10763 C1E0 70 70 40 40 40 40 +             .byte $70,$70,$40,$40,$40,$40,$40,$40,$40,$40,$40,$40
 10764 C1EC 00 00 00 00 00 00 + LC1EC       .byte $00,$00,$00,$00,$00,$00,$00,$00,$00,$00,$00,$00,$00,$00,$00,$00
 10765 C1FC 00 00 00 00		            .byte $00,$00,$00,$00
 10766 C200 87 87 87 87 27 2E + LC200       .byte $87,$87,$87,$87,$27,$2E,$2E,$24,$25,$D4,$D6,$26,$34,$68,$69,$36
 10767 C210 31 BF BF 33 30 30 +             .byte $31,$BF,$BF,$33,$30,$30,$30,$30,$31,$BF,$BF,$23,$24,$30,$30,$30
 10768 C220 30 30 75 27 20 BF +             .byte $30,$30,$75,$27,$20,$BF,$BF,$33,$20,$BF,$BF,$33,$20,$BF,$BF,$23
 10769 C230 31 BF BF 23 30 30 +             .byte $31,$BF,$BF,$23,$30,$30,$30,$30,$20,$BF,$BF,$23,$24,$30,$75,$27
 10770 C240 C0 40 3C 3F 3C 3F +             .byte $C0,$40,$3C,$3F,$3C,$3F,$44,$C4,$C8,$C9,$CA,$CB,$3C,$3F,$3C,$3F
 10771 C250 00 67 66 00 3C 3F +             .byte $00,$67,$66,$00,$3C,$3F,$3C,$3F,$78,$A4,$A7,$A9,$B9,$DC,$DF,$26
 10772 C260 3C 3F 3C 3F 3C 3F +             .byte $3C,$3F,$3C,$3F,$3C,$3F,$3C,$3F,$3C,$3F,$3C,$76,$BC,$BE,$BF,$23
 10773 C270 24 AC AD 27 24 AC +             .byte $24,$AC,$AD,$27,$24,$AC,$AD,$27,$34,$68,$69,$36,$00,$00,$00,$00
 10774 C280 87 87 87 87 D8 D2 + LC280       .byte $87,$87,$87,$87,$D8,$D2,$D2,$D9,$2E,$D0,$D1,$2E,$62,$38,$3A,$63
 10775 C290 31 A0 A2 33 BF A0 +             .byte $31,$A0,$A2,$33,$BF,$A0,$A2,$BF,$31,$A0,$A2,$BF,$31,$A0,$A2,$BF
 10776 C2A0 BF A0 A2 33 BF A0 +             .byte $BF,$A0,$A2,$33,$BF,$A0,$A2,$33,$BF,$A0,$A2,$33,$BF,$A0,$A2,$BF
 10777 C2B0 31 A0 A2 BF BF A0 +             .byte $31,$A0,$A2,$BF,$BF,$A0,$A2,$BF,$BF,$A0,$A2,$BF,$31,$A0,$A2,$33
 10778 C2C0 C1 41 2F 3E 3D 2F +             .byte $C1,$41,$2F,$3E,$3D,$2F,$45,$C5,$48,$49,$4A,$4B,$3D,$2F,$2F,$3E
 10779 C2D0 64 14 14 65 3D 00 +             .byte $64,$14,$14,$65,$3D,$00,$00,$3E,$79,$A5,$16,$AA,$BA,$DD,$E0,$2E
 10780 C2E0 3D 6C 6E 3E 3D 3E +             .byte $3D,$6C,$6E,$3E,$3D,$3E,$3D,$3E,$3D,$00,$B6,$B7,$3D,$BD,$BE,$BF
 10781 C2F0 B0 B2 B3 B1 B0 B4 +             .byte $B0,$B2,$B3,$B1,$B0,$B4,$B5,$B1,$62,$70,$72,$63,$00,$00,$00,$00
 10782 C300 87 87 87 87 DA D3 + LC300       .byte $87,$87,$87,$87,$DA,$D3,$D3,$DB,$2E,$D0,$D1,$2E,$62,$39,$3B,$63
 10783 C310 31 A1 A3 33 BF A1 +             .byte $31,$A1,$A3,$33,$BF,$A1,$A3,$BF,$31,$A1,$A3,$BF,$31,$A1,$A3,$BF
 10784 C320 BF A1 A3 33 BF A1 +             .byte $BF,$A1,$A3,$33,$BF,$A1,$A3,$33,$BF,$A1,$A3,$33,$BF,$A1,$A3,$BF
 10785 C330 31 A1 A3 BF BF A1 +             .byte $31,$A1,$A3,$BF,$BF,$A1,$A3,$BF,$BF,$A1,$A3,$BF,$31,$A1,$A3,$33
 10786 C340 C2 42 2F 3F 3C 2F +             .byte $C2,$42,$2F,$3F,$3C,$2F,$46,$C6,$3C,$2F,$2F,$3F,$4C,$4D,$4E,$4F
 10787 C350 65 14 14 64 3C 00 +             .byte $65,$14,$14,$64,$3C,$00,$00,$3F,$7A,$A5,$16,$AA,$BA,$DD,$E0,$2E
 10788 C360 3C 6D 6F 3F 3C 3F +             .byte $3C,$6D,$6F,$3F,$3C,$3F,$3C,$3F,$3C,$B6,$B7,$BF,$3C,$00,$BD,$BE
 10789 C370 B0 B2 B3 B1 B0 B4 +             .byte $B0,$B2,$B3,$B1,$B0,$B4,$B5,$B1,$62,$71,$73,$63,$00,$00,$00
 10790 C37F 00			LC37F       .byte $00
 10791 C380 87 87 87 87 26 2E + LC380       .byte $87,$87,$87,$87,$26,$2E,$2E,$25,$24,$D5,$D7,$27,$35,$6A,$6B,$37
 10792 C390 31 BF BF 33 32 32 +             .byte $31,$BF,$BF,$33,$32,$32,$32,$32,$25,$74,$32,$32,$31,$BF,$BF,$22
 10793 C3A0 21 BF BF 33 32 32 +             .byte $21,$BF,$BF,$33,$32,$32,$32,$26,$21,$BF,$BF,$33,$32,$32,$32,$32
 10794 C3B0 31 BF BF 22 21 BF +             .byte $31,$BF,$BF,$22,$21,$BF,$BF,$22,$21,$BF,$BF,$22,$25,$74,$32,$26
 10795 C3C0 C3 43 3D 3E 3D 3E +             .byte $C3,$43,$3D,$3E,$3D,$3E,$47,$C7,$3D,$3E,$3D,$3E,$CC,$CD,$CE,$CF
 10796 C3D0 00 66 67 00 3D 3E +             .byte $00,$66,$67,$00,$3D,$3E,$3D,$3E,$7B,$A6,$A8,$AB,$BB,$DE,$E1,$27
 10797 C3E0 3D 3E 3D 3E 3D 3E +             .byte $3D,$3E,$3D,$3E,$3D,$3E,$3D,$3E,$B8,$B7,$BF,$22,$3D,$3E,$3D,$77
 10798 C3F0 25 AE AF 26 25 AE +             .byte $25,$AE,$AF,$26,$25,$AE,$AF,$26,$35,$6A,$6B,$37,$00,$00,$00,$00
 10799 C400 92 17 0F 15 1E 0E +             .byte $92,$17,$0F,$15,$1E,$0E,$17,$0C,$0E,$8D,$12,$1C,$19,$18,$1C,$0A
 10800 C410 15 9C 0E 1B 1F 0A +             .byte $15,$9C,$0E,$1B,$1F,$0A,$17,$1D,$C2,$0E,$1C,$1C,$0E,$17,$10,$0E
 10801 C420 1B C2 0A 12 17 1D +             .byte $1B,$C2,$0A,$12,$17,$1D,$0E,$17,$0A,$17,$0C,$0E,$8C,$1B,$0E,$54
 10802 C430 9C 0E 17 1D 12 17 +             .byte $9C,$0E,$17,$1D,$12,$17,$0E,$15,$8B,$0A,$1D,$1D,$15,$0E,$9C,$0E
 10803 C440 0C 1E 1B 12 1D 22 +             .byte $0C,$1E,$1B,$12,$1D,$22,$8C,$18,$42,$42,$0A,$17,$0D,$9B,$18,$0B
 10804 C450 18 1D 8D 1B 18 12 +             .byte $18,$1D,$8D,$1B,$18,$12,$0D,$8C,$22,$0B,$18,$1B,$10,$8E,$17,$1D
 10805 C460 1B 22 8C 15 0A 1C +             .byte $1B,$22,$8C,$15,$0A,$1C,$1C,$91,$0E,$12,$10,$11,$1D,$D4,$0E,$12
 10806 C470 10 11 1D 8D 1B 12 +             .byte $10,$11,$1D,$8D,$1B,$12,$1F,$0E,$8B,$1B,$0A,$12,$17,$8A,$1B,$42
 10807 C480 0A 42 0E 17 1D 9C +             .byte $0A,$42,$0E,$17,$1D,$9C,$0E,$17,$1C,$18,$1B,$1C,$30,$30,$01,$B0
 10808 C490 30 30 30 30 30 30 +             .byte $30,$30,$30,$30,$30,$30,$30,$30,$30,$02,$B0,$30,$30,$30,$30,$30
 10809 C4A0 30 30 30 30 03 97 +             .byte $30,$30,$30,$30,$03,$97,$18,$1D,$0E,$1C,$AF,$30,$97,$18,$17,$0E
 10810 C4B0 8A 17 1D 12 2E 10 +             .byte $8A,$17,$1D,$12,$2E,$10,$1B,$0A,$1F,$8B,$12,$19,$0E,$0D,$0A,$15
 10811 C4C0 91 18 1F 0E 1B D4 +             .byte $91,$18,$1F,$0E,$1B,$D4,$11,$0E,$0E,$15,$1C,$9D,$1B,$0A,$0C,$14
 10812 C4D0 1C 9C 19 0E 0C 1D +             .byte $1C,$9C,$19,$0E,$0C,$1D,$1B,$0A,$15,$9C,$18,$17,$12,$0C,$9E,$15
 10813 C4E0 1D 1B 0A 2E 1C 18 +             .byte $1D,$1B,$0A,$2E,$1C,$18,$17,$12,$0C,$9C,$1E,$0B,$1C,$18,$17,$12
 10814 C4F0 0C 92 17 0F 1B 0A +             .byte $0C,$92,$17,$0F,$1B,$0A,$2E,$1B,$0E,$0D,$9B,$0A,$0D,$0A,$1B,$9D
 10815 C500 1B 12 19 0E 0D 0A +             .byte $1B,$12,$19,$0E,$0D,$0A,$15,$95,$12,$10,$11,$1D,$91,$0E,$0A,$1F
 10816 C510 22 8D 1E 1D 22 9D +             .byte $22,$8D,$1E,$1D,$22,$9D,$11,$0E,$9D,$11,$12,$1C,$98,$17,$0E,$98
 10817 C520 0F 8F 12 1B 1C 1D +             .byte $0F,$8F,$12,$1B,$1C,$1D,$9D,$18,$9E,$1C,$0E,$9C,$22,$1C,$1D,$0E
 10818 C530 42 97 0E 1E 1D 1B +             .byte $42,$97,$0E,$1E,$1D,$1B,$18,$17,$12,$0C,$AE,$30,$92,$1C,$9C,$12
 10819 C540 42 19 15 0E 9B 1E +             .byte $42,$19,$15,$0E,$9B,$1E,$0B,$0B,$12,$1C,$11,$8C,$18,$42,$42,$18
 10820 C550 17 8D 0E 1F 12 0C +             .byte $17,$8D,$0E,$1F,$12,$0C,$0E,$92,$17,$C2,$18,$1C,$1D,$9C,$19,$0A
 10821 C560 0C 0E 8C 1B 0A 0F +             .byte $0C,$0E,$8C,$1B,$0A,$0F,$1D,$C2,$0A,$12,$17,$1D,$0A,$12,$17,$8A
 10822 C570 8C 15 0E 0A 17 9C +             .byte $8C,$15,$0E,$0A,$17,$9C,$11,$12,$19,$95,$0A,$1C,$0E,$1B,$30,$1B
 10823 C580 12 0F 15 0E 8D 12 +             .byte $12,$0F,$15,$0E,$8D,$12,$1C,$1B,$1E,$19,$1D,$18,$1B,$95,$18,$54
 10824 C590 9E 1C 0E 0D 99 1B +             .byte $9E,$1C,$0E,$0D,$99,$1B,$18,$1D,$0E,$0C,$1D,$8A,$1B,$0E,$0A,$1C
 10825 C5A0 8F 1B 18 42 92 17 +             .byte $8F,$1B,$18,$42,$92,$17,$1D,$1B,$1E,$0D,$0E,$1B,$1C,$9C,$15,$18
 10826 C5B0 54 8B 1E 1D 9C 1E +             .byte $54,$8B,$1E,$1D,$9C,$1E,$1B,$0E,$97,$18,$1D,$8B,$1E,$12,$15,$1D
 10827 C5C0 92 17 1D 18 91 0E +             .byte $92,$17,$1D,$18,$91,$0E,$0A,$0D,$95,$0A,$1C,$0E,$1B,$1C,$8A,$0C
 10828 C5D0 1D 12 1F 12 1D 22 +             .byte $1D,$12,$1F,$12,$1D,$22,$91,$0E,$15,$42,$0E,$1D,$9C,$0E,$15,$0F
 10829 C5E0 2E 19 18 54 0E 1B +             .byte $2E,$19,$18,$54,$0E,$1B,$0E,$0D,$8A,$17,$0D,$8C,$18,$17,$1D,$1B
 10830 C5F0 18 15 8A 17 22 8F +             .byte $18,$15,$8A,$17,$22,$8F,$18,$1B,$9C,$11,$18,$1B,$1D,$9D,$12,$42
 10831 C600 0E 8A 1B 0E 9D 1E +             .byte $0E,$8A,$1B,$0E,$9D,$1E,$1B,$1B,$0E,$1D,$C2,$18,$1E,$17,$1D,$0E
 10832 C610 0D 9F 0E 1B 1C 12 +             .byte $0D,$9F,$0E,$1B,$1C,$12,$18,$17,$9E,$17,$12,$1D,$9D,$11,$0A,$1D
 10833 C620 A2 18 1E 8C 1E 1B +             .byte $A2,$18,$1E,$8C,$1E,$1B,$1B,$0E,$17,$1D,$15,$22,$D4,$12,$15,$15
 10834 C630 99 1B 0E 19 0A 1B +             .byte $99,$1B,$0E,$19,$0A,$1B,$0E,$8B,$18,$0A,$1B,$0D,$CB,$18,$0B,$18
 10835 C640 2E 3F 1B 0E 12 10 +             .byte $2E,$3F,$1B,$0E,$12,$10,$11,$1D,$0E,$1B,$8E,$15,$12,$42,$12,$17
 10836 C650 0A 1D 0E 8A 15 15 +             .byte $0A,$1D,$0E,$8A,$15,$15,$9B,$18,$10,$1E,$0E,$9B,$18,$0B,$18,$1D
 10837 C660 1C 99 0A 1B 0A 0D +             .byte $1C,$99,$0A,$1B,$0A,$0D,$1B,$18,$12,$0D,$C2,$0E,$1D,$0A,$11,$0A
 10838 C670 54 14 91 0E 54 1C +             .byte $54,$14,$91,$0E,$54,$1C,$1D,$1B,$18,$42,$18,$90,$1B,$0A,$0F,$1D
 10839 C680 10 18 15 0D 8B 15 +             .byte $10,$18,$15,$0D,$8B,$15,$0A,$0B,$10,$18,$1B,$12,$1E,$1C,$30,$16
 10840 C690 4F 9B 0E 0D 30 3B +             .byte $4F,$9B,$0E,$0D,$30,$3B,$0A,$1B,$0C,$11,$0E,$1D,$1D,$0A,$9B,$0E
 10841 C6A0 1D 1D 0A 2E 0B 0E +             .byte $1D,$1D,$0A,$2E,$0B,$0E,$0A,$1C,$1D,$92,$1D,$1C,$17,$18,$1D,$0A
 10842 C6B0 1B 0D 0E 17 1E 0F +             .byte $1B,$0D,$0E,$17,$1E,$0F,$0F,$9D,$1B,$0A,$17,$1C,$0F,$0E,$1B,$D4
 10843 C6C0 12 1C 11 8D 0E 1C +             .byte $12,$1C,$11,$8D,$0E,$1C,$12,$10,$17,$0E,$0D,$8B,$22,$BD,$1B,$26
 10844 C6D0 C6 0A 1C 1D 0E 1B +             .byte $C6,$0A,$1C,$1D,$0E,$1B,$17,$0A,$14,$8F,$12,$1D,$1D,$0E,$0D,$D4
 10845 C6E0 12 1D 11 8C 0A 19 +             .byte $12,$1D,$11,$8C,$0A,$19,$0A,$0B,$15,$0E,$98,$0B,$1C,$0E,$1B,$1F
 10846 C6F0 0A 1D 12 18 17 8B +             .byte $0A,$1D,$12,$18,$17,$8B,$1B,$12,$0D,$10,$0E,$8A,$12,$1B,$15,$18
 10847 C700 0C 14 9B 0E 0A 0C +             .byte $0C,$14,$9B,$0E,$0A,$0C,$1D,$18,$1B,$9B,$0E,$1C,$0E,$0A,$1B,$0C
 10848 C710 11 9C 1D 18 1B 0E +             .byte $11,$9C,$1D,$18,$1B,$0E,$1C,$9C,$1D,$0A,$1D,$0E,$1B,$18,$18,$42
 10849 C720 1C 9B 0E 19 0A 12 +             .byte $1C,$9B,$0E,$19,$0A,$12,$1B,$1C,$9A,$1E,$0A,$1B,$1D,$0E,$1B,$1C
 10850 C730 9B 18 0B 18 2E 1C +             .byte $9B,$18,$0B,$18,$2E,$1C,$1D,$18,$1B,$0E,$1C,$9E,$19,$19,$0E,$1B
 10851 C740 30 0C 0A 1B 10 18 +             .byte $30,$0C,$0A,$1B,$10,$18,$C2,$12,$0D,$30,$0C,$0A,$1B,$10,$18,$9F
 10852 C750 0E 11 12 0C 15 0E +             .byte $0E,$11,$12,$0C,$15,$0E,$30,$11,$18,$15,$0D,$9C,$11,$1E,$1D,$1D
 10853 C760 15 0E 30 0B 0A 22 +             .byte $15,$0E,$30,$0B,$0A,$22,$8E,$17,$10,$12,$17,$0E,$0E,$1B,$12,$17
 10854 C770 10 C2 0A 12 17 1D +             .byte $10,$C2,$0A,$12,$17,$1D,$0E,$17,$0A,$17,$0C,$0E,$8C,$1B,$0E,$0A
 10855 C780 1D 0E 0D 9E 19 95 +             .byte $1D,$0E,$0D,$9E,$19,$95,$0A,$1B,$10,$0E,$91,$0E,$0A,$19,$1C,$92
 10856 C790 1D 1C 9C 0C 18 18 +             .byte $1D,$1C,$9C,$0C,$18,$18,$19,$8C,$18,$15,$15,$0E,$0C,$1D,$92,$1D
 10857 C7A0 9D 11 0E 17 92 17 +             .byte $9D,$11,$0E,$17,$92,$17,$1D,$0E,$1B,$17,$0A,$15,$15,$22,$8C,$11
 10858 C7B0 0E 0A 19 0E 1B C2 +             .byte $0E,$0A,$19,$0E,$1B,$C2,$0A,$12,$17,$15,$22,$9C,$0E,$1B,$1F,$12
 10859 C7C0 17 10 8D 1B 12 17 +             .byte $17,$10,$8D,$1B,$12,$17,$14,$1C,$9D,$1B,$0A,$22,$98,$17,$C8,$1B
 10860 C7D0 0C 11 0A 1B 0D C6 +             .byte $0C,$11,$0A,$1B,$0D,$C6,$0A,$1B,$1C,$0D,$0E,$17,$BE,$17,$1D,$0E
 10861 C7E0 1B 19 1B 12 1C 0E +             .byte $1B,$19,$1B,$12,$1C,$0E,$1C,$C2,$18,$1F,$12,$17,$10,$9C,$42,$0A
 10862 C7F0 15 15 99 0A 0C 14 +             .byte $15,$15,$99,$0A,$0C,$14,$0A,$10,$0E,$1C,$8C,$15,$0A,$42,$19,$95
 10863 C800 18 54 0E 1B 8B 18 +             .byte $18,$54,$0E,$1B,$8B,$18,$0D,$22,$8E,$0A,$1B,$15,$22,$9D,$22,$19
 10864 C810 0E 92 42 19 0E 0D +             .byte $0E,$92,$42,$19,$0E,$0D,$0E,$C2,$18,$1D,$12,$18,$17,$8C,$18,$17
 10865 C820 0F 12 17 0E 0D 8D +             .byte $0F,$12,$17,$0E,$0D,$8D,$1E,$1B,$12,$17,$10,$8F,$15,$12,$10,$11
 10866 C830 1D C2 1E 15 1D 12 +             .byte $1D,$C2,$1E,$15,$1D,$12,$19,$15,$0E,$8A,$1B,$42,$1C,$8C,$0A,$1B
 10867 C840 1B 22 98 1E 1D 8E +             .byte $1B,$22,$98,$1E,$1D,$8E,$0F,$0F,$12,$0C,$12,$0E,$17,$1D,$15,$22
 10868 C850 8A 0F 1D 0E 1B C3 +             .byte $8A,$0F,$1D,$0E,$1B,$C3,$1E,$19,$12,$1D,$0E,$1B,$96,$17,$0C,$12
 10869 C860 0D 0E 17 1D 9C 1E +             .byte $0D,$0E,$17,$1D,$9C,$1E,$19,$19,$15,$12,$0E,$0D,$9D,$0E,$0A,$42
 10870 C870 9D 11 0E 1C 0E 8A +             .byte $9D,$11,$0E,$1C,$0E,$8A,$0B,$15,$0E,$8C,$11,$0E,$0C,$14,$1C,$98
 10871 C880 17 15 22 97 18 95 +             .byte $17,$15,$22,$97,$18,$95,$18,$17,$10,$0E,$1B,$9C,$1D,$0A,$17,$0D
 10872 C890 0A 1B 0D 9C 0E 1B +             .byte $0A,$1B,$0D,$9C,$0E,$1B,$1F,$12,$0C,$0E,$C6,$12,$15,$12,$1D,$0A
 10873 C8A0 1B 22 9F 0E 1B 22 +             .byte $1B,$22,$9F,$0E,$1B,$22,$9B,$0E,$15,$12,$0A,$0B,$15,$0E,$99,$0A
 10874 C8B0 1D 1B 18 15 8A 1C +             .byte $1D,$1B,$18,$15,$8A,$1C,$9C,$18,$18,$17,$8D,$0E,$1D,$0E,$0C,$1D
 10875 C8C0 0E 0D 99 18 54 0E +             .byte $0E,$0D,$99,$18,$54,$0E,$1B,$0F,$1E,$15,$9C,$0E,$17,$1C,$18,$1B
 10876 C8D0 1C 8E 21 1D 0E 1B +             .byte $1C,$8E,$21,$1D,$0E,$1B,$42,$12,$17,$0A,$1D,$18,$1B,$8A,$1B,$0C
 10877 C8E0 11 12 1F 0E 8D 0A +             .byte $11,$12,$1F,$0E,$8D,$0A,$1D,$0A,$9C,$18,$42,$0E,$9B,$0E,$0A,$1C
 10878 C8F0 18 17 9E 17 14 17 +             .byte $18,$17,$9E,$17,$14,$17,$18,$54,$17,$92,$17,$1C,$1D,$12,$15,$1C
 10879 C900 90 1B 0E 0A 1D 8F +             .byte $90,$1B,$0E,$0A,$1D,$8F,$0E,$0A,$1B,$C1,$1E,$42,$0A,$17,$8A,$0D
 10880 C910 1F 0E 1B 1C 0A 1B +             .byte $1F,$0E,$1B,$1C,$0A,$1B,$12,$0E,$1C,$90,$1B,$0E,$0E,$17,$A2,$0E
 10881 C920 15 15 18 54 8A 42 +             .byte $15,$15,$18,$54,$8A,$42,$0B,$0E,$1B,$9B,$0E,$0D,$8E,$21,$19,$0E
 10882 C930 1B 12 42 0E 17 1D +             .byte $1B,$12,$42,$0E,$17,$1D,$0A,$15,$97,$0E,$54,$8C,$18,$17,$1F,$0E
 10883 C940 17 12 0E 17 0C 0E +             .byte $17,$12,$0E,$17,$0C,$0E,$D4,$0A,$1B,$17,$12,$17,$10,$2F,$99,$1B
 10884 C950 12 42 18 0D 0E 95 +             .byte $12,$42,$18,$0D,$0E,$95,$18,$17,$10,$D4,$0A,$1C,$C2,$0A,$22,$8C
 10885 C960 1B 1E 1C 11 0E 0D +             .byte $1B,$1E,$1C,$11,$0E,$0D,$8C,$18,$17,$10,$1B,$0A,$1D,$1E,$15,$0A
 10886 C970 1D 12 18 17 1C 25 +             .byte $1D,$12,$18,$17,$1C,$25,$8C,$15,$0E,$0A,$1B,$97,$18,$54,$8B,$18
 10887 C980 17 1E 1C 82 00 00 +             .byte $17,$1E,$1C,$82,$00,$00,$00,$91,$12,$10,$11,$15,$22,$9C,$18,$19
 10888 C990 11 12 1C 1D 12 0C +             .byte $11,$12,$1C,$1D,$12,$0C,$0A,$1D,$0E,$0D,$98,$54,$17,$8A,$17,$98
 10889 C9A0 1F 0E 1B 2E 0D 1B +             .byte $1F,$0E,$1B,$2E,$0D,$1B,$12,$1F,$0E,$17,$8F,$0A,$1C,$1D,$9D,$18
 10890 C9B0 18 15 0B 18 21 9C +             .byte $18,$15,$0B,$18,$21,$9C,$15,$0A,$1F,$0E,$9B,$0A,$1B,$0E,$C7,$12
 10891 C9C0 0C 11 18 15 1C 18 +             .byte $0C,$11,$18,$15,$1C,$18,$17,$BC,$18,$42,$19,$0A,$17,$22,$9D,$0A
 10892 C9D0 17 14 C0 12 15 15 +             .byte $17,$14,$C0,$12,$15,$15,$0E,$17,$8A,$1E,$1D,$18,$2E,$0C,$0A,$17
 10893 C9E0 17 18 17 8B 0E 8F +             .byte $17,$18,$17,$8B,$0E,$8F,$0E,$54,$91,$0A,$1F,$0E,$8E,$17,$1D,$0E
 10894 C9F0 1B 0E 0D 9E 17 12 +             .byte $1B,$0E,$0D,$9E,$17,$12,$1D,$1C,$8E,$1F,$0E,$1B,$8F,$0A,$1B,$9C
 10895 CA00 18 8A 54 0A 1B 0D +             .byte $18,$8A,$54,$0A,$1B,$0D,$0E,$0D,$BF
 10896 CA09 00			LCA09       .byte $00
 10897 CA0A 00			LCA0A       .byte $00
 10898 CA0B 00 00 08 D0 FF 1C + LCA0B       .byte $00,$00,$08,$D0,$FF,$1C,$00,$01,$00,$00,$00,$00,$00,$00,$10,$A0
 10899 CA1B FF 28 00 01 00 00 +             .byte $FF,$28,$00,$01,$00,$00,$00,$00,$00,$00,$12,$80,$FF,$09,$24,$02
 10900 CA2B 00 00 00 00 12 00 +             .byte $00,$00,$00,$00,$12,$00,$04,$50,$00,$09,$06,$07,$00,$0E,$10,$FF
 10901 CA3B 00 00 40 00 1C 1D +             .byte $00,$00,$40,$00,$1C,$1D,$1D,$0D,$00,$00,$00,$00,$40,$00,$04,$50
 10902 CA4B 00 20 20 07 00 08 +             .byte $00,$20,$20,$07,$00,$08,$05,$00,$04,$00,$14,$60,$FF,$10,$10,$05
 10903 CA5B 00 00 00 00 14 00 +             .byte $00,$00,$00,$00,$14,$00,$20,$40,$00,$08,$08,$08,$00,$00,$00,$00
 10904 CA6B 20 00 2D 00 E0 E0 +             .byte $20,$00,$2D,$00,$E0,$E0,$00,$01,$00,$00,$00,$00,$00,$00,$0C,$00
 10905 CA7B F1 10 00 01 00 00 +             .byte $F1,$10,$00,$01,$00,$00,$00,$00,$00,$00,$28,$00,$E1,$60,$00,$01
 10906 CA8B 00 00 00 00 00 00 +             .byte $00,$00,$00,$00,$00,$00,$20,$00,$E8,$60,$00,$01,$00,$00,$00,$00
 10907 CA9B 00 00 10 00 C7 60 +             .byte $00,$00,$10,$00,$C7,$60,$00,$01,$00,$00,$00,$00,$00,$00,$0C,$00
 10908 CAAB CD 20 20 04 00 08 +             .byte $CD,$20,$20,$04,$00,$08,$40,$00,$00,$00,$80,$00,$00,$C0,$00,$01
 10909 CABB 00 00 00 00 00 00 +             .byte $00,$00,$00,$00,$00,$00,$0C,$90,$FF,$0B,$04,$05,$00,$00,$00
 10910 CACA 00 00 00 08 C0 00 + LCACA       .byte $00,$00,$00,$08,$C0,$00,$04,$08,$02,$00,$0F,$F0,$FF,$00,$00,$02
 10911 CADA FA FF 28 00 01 00 +             .byte $FA,$FF,$28,$00,$01,$00,$00,$00,$00,$00,$80,$02,$FC,$FF,$40,$00
 10912 CAEA 01 00 00 00 00 00 +             .byte $01,$00,$00,$00,$00,$00,$00,$20,$00,$CD,$60,$00,$01,$00,$08,$40
 10913 CAFA 00 00 00 10 E0 00 +             .byte $00,$00,$00,$10,$E0,$00,$08,$00,$01,$00,$00,$00,$00,$00,$00,$10
 10914 CB0A B0 FF 04 04 04 00 +             .byte $B0,$FF,$04,$04,$04,$00,$00,$00,$00,$00,$00,$0B,$D0,$FF,$38,$00
 10915 CB1A 01 00 00 00 00 00 +             .byte $01,$00,$00,$00,$00,$00,$00,$01,$F5,$00
 10916 CB24 13			LCB24       .byte $13
 10917 CB25 08			LCB25       .byte $08
 10918 CB26 0A 00 00 00 00 08 + LCB26       .byte $0A,$00,$00,$00,$00,$08,$00,$04,$03,$07,$03,$04,$04,$00,$0F,$D0
 10919 CB36 FF 04 00 06 20 00 +             .byte $FF,$04,$00,$06,$20,$00,$07,$04,$04,$00,$0E,$00,$00,$06,$00,$30
 10920 CB46 00 E0 E0 00 01 00 +             .byte $00,$E0,$E0,$00,$01,$00,$00,$00,$00,$00,$00,$34,$00,$D7,$0F,$00
 10921 CB56 01 00 00 00 00 00 +             .byte $01,$00,$00,$00,$00,$00,$00,$20,$00,$E8,$7D,$00,$01,$00,$00,$00
 10922 CB66 00 00 00 10 00 C7 +             .byte $00,$00,$00,$10,$00,$C7,$7D,$00,$01,$00,$00,$00,$00,$00,$00,$0C
 10923 CB76 00 CD 7D 00 01 00 +             .byte $00,$CD,$7D,$00,$01,$00,$08,$40,$00
 10924 CB7F 00 05 05 05 0B 07 + LCB7F       .byte $00,$05,$05,$05,$0B,$07,$08,$06,$00,$09,$00,$07,$07,$06,$08,$04
 10925 CB8F 0A 02 05 05 08 0A +             .byte $0A,$02,$05,$05,$08,$0A,$00,$09,$03,$02,$0B,$09,$00,$07,$06,$08
 10926 CB9F 10 20 40 10 80 80 + LCB9F       .byte $10,$20,$40,$10,$80,$80,$20,$10,$40,$10,$10,$40
 10927 CBAB 55 55 55 00 00 00 + LCBAB       .byte $55,$55,$55,$00,$00,$00,$55,$55,$55,$33,$80,$00
 10928 CBB7 F8 F8 F8 56 CF FA + LCBB7       .byte $F8,$F8,$F8,$56,$CF,$FA,$CD,$CD,$CD,$FC,$F0,$F9
 10929 CBC3 10 10 10 80 FF 08 + LCBC3       .byte $10,$10,$10,$80,$FF,$08,$80,$80,$80,$10,$30,$02
 10930 CBCF 30 58 79 A4 C3 DB + LCBCF       .byte $30,$58,$79,$A4,$C3,$DB,$03,$22,$3F,$5A,$8A,$A6,$C7,$E0,$FE,$23
 10931 CBDF 45 74 9A B5 DE 09 +             .byte $45,$74,$9A,$B5,$DE,$09,$30,$54
 10932 CBE7 00 00 00 00 00 00 + LCBE7       .byte $00,$00,$00,$00,$00,$00,$01,$01,$01,$01,$01,$01,$01,$01,$01,$02
 10933 CBF7 02 02 02 02 02 03 +             .byte $02,$02,$02,$02,$02,$03,$03,$03,$6B,$00,$6C,$00,$6D,$00,$6E,$00
 10934 CC07 64 1B 19 19 4F 32 +             .byte $64,$1B,$19,$19,$4F,$32,$32,$32,$0A,$50,$00,$37,$FE,$2A,$51,$33
 10935 CC17 52 53 61 54 55 0A +             .byte $52,$53,$61,$54,$55,$0A,$56,$3D,$57,$58,$FE,$4F,$59,$5A,$5B,$FF
 10936 CC27 63 00 64 00 65 00 +             .byte $63,$00,$64,$00,$65,$00,$20,$20,$89,$55,$1E,$19,$19,$1F,$23,$32
 10937 CC37 34 35 01 0A FE 36 +             .byte $34,$35,$01,$0A,$FE,$36,$37,$38,$39,$3A,$3B,$2E,$3C,$3D,$3E,$3F
 10938 CC47 FF 73 00 72 00 20 +             .byte $FF,$73,$00,$72,$00,$20,$20,$20,$20,$7A,$3D,$1A,$19,$19,$1F,$32
 10939 CC57 32 8A 74 75 76 2E +             .byte $32,$8A,$74,$75,$76,$2E,$3E,$8B,$8C,$8D,$2C,$35,$FE,$8E,$8C,$8F
 10940 CC67 33 43 2E 90 35 FE +             .byte $33,$43,$2E,$90,$35,$FE,$91,$33,$92,$DC,$93,$FF,$5B,$00,$5C,$00
 10941 CC77 5D 00 20 20 9C 4E +             .byte $5D,$00,$20,$20,$9C,$4E,$1A,$31,$19,$1F,$32,$32,$26,$28,$02,$0A
 10942 CC87 FE 2B 2C 29 2D 2E +             .byte $FE,$2B,$2C,$29,$2D,$2E,$2F,$29,$1A,$30,$FF,$5B,$00,$5C,$00,$6F
 10943 CC97 00 20 20 A3 53 25 +             .byte $00,$20,$20,$A3,$53,$25,$31,$19,$1F,$32,$32,$94,$5C,$2C,$29,$1A
 10944 CCA7 02 0A FF 79 00 5A +             .byte $02,$0A,$FF,$79,$00,$5A,$00,$20,$20,$20,$20,$78,$2F,$1E,$31,$19
 10945 CCB7 1F 32 32 2A 0A 33 +             .byte $1F,$32,$32,$2A,$0A,$33,$43,$95,$56,$96,$97,$FE,$3D,$98,$33,$5B
 10946 CCC7 99 29 4E FE 4C 74 +             .byte $99,$29,$4E,$FE,$4C,$74,$9A,$53,$9B,$9C,$FF,$7A,$00,$7F,$00,$20
 10947 CCD7 20 20 20 6B 17 1A +             .byte $20,$20,$20,$6B,$17,$1A,$19,$19,$1F,$32,$32,$36,$37,$56,$9D,$9E
 10948 CCE7 9F FE A0 33 5B 99 +             .byte $9F,$FE,$A0,$33,$5B,$99,$29,$A1,$A2,$FF,$81,$00,$80,$00,$20,$20
 10949 CCF7 20 20 6B 1F 1D 19 +             .byte $20,$20,$6B,$1F,$1D,$19,$19,$1F,$32,$32,$A3,$A4,$03,$0A,$FE,$8C
 10950 CD07 1D A5 A6 99 9E 3B +             .byte $1D,$A5,$A6,$99,$9E,$3B,$FF,$5B,$00,$7B,$00,$5A,$00,$20,$20,$8D
 10951 CD17 39 1E 31 19 1F 32 +             .byte $39,$1E,$31,$19,$1F,$32,$32,$48,$04,$0A,$FE,$A7,$2E,$11,$04,$A8
 10952 CD27 A9 FF 7A 00 7B 00 +             .byte $A9,$FF,$7A,$00,$7B,$00,$5D,$00,$20,$20,$84,$2A,$1A,$31,$4F,$1F
 10953 CD37 23 32 3F 04 0A FE +             .byte $23,$32,$3F,$04,$0A,$FE,$77,$78,$AA,$AB,$2E,$AC,$AD,$81,$2E,$29
 10954 CD47 3F AE FE 66 3B 4C +             .byte $3F,$AE,$FE,$66,$3B,$4C,$AF,$29,$B0,$B1,$59,$B2,$78,$3D,$B3,$2C
 10955 CD57 B4 FF 7A 00 8B 00 +             .byte $B4,$FF,$7A,$00,$8B,$00,$8A,$00,$20,$20,$94,$33,$1A,$31,$19,$1F
 10956 CD67 32 32 E9 04 0B FE +             .byte $32,$32,$E9,$04,$0B,$FE,$BA,$5C,$61,$AC,$8E,$E4,$E8,$FF,$73,$00
 10957 CD77 58 00 59 00 20 20 +             .byte $58,$00,$59,$00,$20,$20,$9D,$4A,$1B,$31,$19,$1F,$32,$32,$A3,$05
 10958 CD87 0B FE B5 2E AC AD +             .byte $0B,$FE,$B5,$2E,$AC,$AD,$34,$A9,$B6,$B7,$FE,$B8,$B9,$B2,$FF,$66
 10959 CD97 00 7C 00 7D 00 7E +             .byte $00,$7C,$00,$7D,$00,$7E,$00,$B0,$3E,$1B,$31,$19,$1F,$32,$32,$BA
 10960 CDA7 05 0B FE B2 78 29 +             .byte $05,$0B,$FE,$B2,$78,$29,$3F,$FF,$8E,$00,$8F,$00,$90,$00,$91,$00
 10961 CDB7 AC 5D 1B 31 19 1F +             .byte $AC,$5D,$1B,$31,$19,$1F,$32,$32,$3D,$E2,$E3,$37,$FE,$B5,$2E,$54
 10962 CDC7 29 64 99 8E E4 FF +             .byte $29,$64,$99,$8E,$E4,$FF,$66,$00,$67,$68,$69,$00,$6A,$00,$C1,$79
 10963 CDD7 1B 31 40 1F 22 32 +             .byte $1B,$31,$40,$1F,$22,$32,$42,$08,$06,$0B,$FE,$43,$2E,$44,$45,$2C
 10964 CDE7 29 3F 46 47 FE 3D +             .byte $29,$3F,$46,$47,$FE,$3D,$48,$49,$4A,$37,$FF,$85,$00,$86,$00,$20
 10965 CDF7 20 20 20 78 1D 1A +             .byte $20,$20,$20,$78,$1D,$1A,$31,$4F,$1F,$23,$32,$E3,$06,$0B,$FE,$B7
 10966 CE07 E1 4C 74 29 EB EC +             .byte $E1,$4C,$74,$29,$EB,$EC,$FE,$B4,$59,$DF,$BD,$EA,$FF,$6B,$00,$87
 10967 CE17 00 20 20 20 20 6D +             .byte $00,$20,$20,$20,$20,$6D,$3B,$1E,$31,$4F,$1F,$22,$32,$48,$06,$0B
 10968 CE27 FE 4F 59 4C 4D 29 +             .byte $FE,$4F,$59,$4C,$4D,$29,$5A,$FE,$B4,$59,$5B,$99,$3D,$9E,$ED,$A2
 10969 CE37 FE DB F0 77 78 E5 +             .byte $FE,$DB,$F0,$77,$78,$E5,$EF,$99,$29,$EE,$5C,$FF,$5E,$00,$5F,$62
 10970 CE47 60 00 61 00 C1 66 +             .byte $60,$00,$61,$00,$C1,$66,$1B,$31,$41,$21,$24,$32,$27,$28,$07,$0B
 10971 CE57 FE 41 33 4C 4D 29 +             .byte $FE,$41,$33,$4C,$4D,$29,$4E,$FE,$2B,$2C,$29,$2D,$38,$BB,$78,$29
 10972 CE67 BC FF 8C 00 8D 00 +             .byte $BC,$FF,$8C,$00,$8D,$00,$69,$00,$6A,$00,$BB,$8C,$1B,$31,$41,$1F
 10973 CE77 24 32 2A 5C 33 29 +             .byte $24,$32,$2A,$5C,$33,$29,$2B,$95,$43,$74,$29,$BC,$FF,$92,$00,$93
 10974 CE87 00 94 00 95 00 C1 +             .byte $00,$94,$00,$95,$00,$C1,$E3,$1B,$31,$4F,$1F,$32,$32,$BD,$27,$28
 10975 CE97 07 0B FE B7 3D F1 +             .byte $07,$0B,$FE,$B7,$3D,$F1,$F2,$F7,$F6,$F3,$BB,$FE,$B4,$59,$29,$39
 10976 CEA7 C3 07 F4 F5 4C FF +             .byte $C3,$07,$F4,$F5,$4C,$FF,$70,$71,$20,$20,$20,$20,$20,$20,$64,$1C
 10977 CEB7 1A 31 4F 1F 24 23 +             .byte $1A,$31,$4F,$1F,$24,$23,$3D,$BD,$BE,$1A,$5D,$33,$77,$4D,$2A,$0B
 10978 CEC7 FE 91 61 BF 29 3F +             .byte $FE,$91,$61,$BF,$29,$3F,$53
 10979 CECE 65 47 C0 C1 C0 C2 + LCECE       .byte $65,$47,$C0,$C1,$C0,$C2,$74,$C3,$C4,$FF,$88,$00,$89,$00,$20,$20
 10980 CEDE 20 20 6E 22 1A 31 +             .byte $20,$20,$6E,$22,$1A,$31,$4F,$1F,$24,$32,$A3,$A4,$1A,$08,$0B,$FE
 10981 CEEE 77 78 E5 E6 1A 5D + LCEEE       .byte $77,$78,$E5,$E6,$1A,$5D,$FE,$2A,$0B,$33,$BD,$E7,$49,$33,$4B,$BE
 10982 CEFE FF 74 00 75 76 77 +             .byte $FF,$74,$00,$75,$76,$77,$00,$78,$00,$A2,$4F,$1D,$31,$C5,$1F,$24
 10983 CF0E 32 2A 0B DA 73 46 +             .byte $32,$2A,$0B,$DA,$73,$46,$C6,$C7,$FE,$56,$C8,$CA,$C9,$91,$CB,$CC
 10984 CF1E CD 38 CE CF FF 82 +             .byte $CD,$38,$CE,$CF,$FF,$82,$00,$83,$00,$84,$00,$70,$71,$BB,$A2,$1A
 10985 CF2E D8 4F 23 24 22 D4 +             .byte $D8,$4F,$23,$24,$22,$D4,$09,$0C,$FE,$77,$78,$3D,$D5,$A4,$2C,$12
 10986 CF3E FE 5B 99 3D 08 0B +             .byte $FE,$5B,$99,$3D,$08,$0B,$1A,$5D,$56,$D6,$FE,$D7,$29,$00,$37,$DB
 10987 CF4E 4B 54 3D D8 12 56 +             .byte $4B,$54,$3D,$D8,$12,$56,$D9,$FF
 10988 CF56 20 34 48 5C 70 84 + LCF56       .byte $20,$34,$48,$5C,$70,$84,$18,$2C,$40,$54
 10989 CF60 68 7C 90 24 38 4C + LCF60       .byte $68,$7C,$90,$24,$38,$4C,$60,$80
 10990 CF68 51			LCF68       .byte $51
 10991 CF69 51			LCF69       .byte $51
 10992 CF6A 51			LCF6A       .byte $51
 10993 CF6B 51 51 52 52 52 52	LCF6B       .byte $51,$51,$52,$52,$52,$52
 10994 CF71 52 52 52 53 53 53 + LCF71       .byte $52,$52,$52,$53,$53,$53,$53,$53,$40
 10995 CF7A 68			LCF7A       .byte $68
 10996 CF7B 90			LCF7B       .byte $90
 10997 CF7C B8 E0 08 30 58 80 + LCF7C       .byte $B8,$E0,$08,$30,$58,$80,$A8,$D0,$F8,$20,$48,$70,$98,$C0
 10998 CF8A 67			LCF8A       .byte $67
 10999 CF8B 64			LCF8B       .byte $64
 11000 CF8C 65			LCF8C       .byte $65
 11001 CF8D 66 67 64 65		LCF8D       .byte $66,$67,$64,$65
 11002 CF91 40			LCF91       .byte $40
 11003 CF92 80			LCF92       .byte $80
 11004 CF93 01			LCF93       .byte $01
 11005 CF94 02			LCF94       .byte $02
 11006 CF95 04			LCF95       .byte $04
 11007 CF96 08			LCF96       .byte $08
 11008 CF97 10 20 40 80 01 02	LCF97       .byte $10,$20,$40,$80,$01,$02
 11009 CF9D 00 40 80 C0 00 40 + LCF9D       .byte $00,$40,$80,$C0,$00,$40,$80,$C0
 11010 CFA5 54 54 54 54 55 55 + LCFA5       .byte $54,$54,$54,$54,$55,$55,$55,$55
 11011 CFAD FF 01 00 00 FF 01 + LCFAD       .byte $FF,$01,$00,$00,$FF,$01,$FE,$FF,$FE,$02,$01,$02
 11012 CFB9 FE FE FF 01 02 02 + LCFB9       .byte $FE,$FE,$FF,$01,$02,$02,$FF
 11013 CFC0 00 01 FF 00 01	LCFC0       .byte $00,$01,$FF,$00,$01
 11014 CFC5 FF FC FB F0 FB FC + LCFC5       .byte $FF,$FC,$FB,$F0,$FB,$FC,$FF,$F1,$F3,$FE,$F6,$F0,$F6,$FE,$F3,$F1
 11015 CFD5 F7 FA F2 F0		            .byte $F7,$FA,$F2,$F0
 11016 CFD9 F2 FA F7		LCFD9       .byte $F2,$FA,$F7
 11017 CFDC F1			LCFDC       .byte $F1
 11018 CFDD 05 07 08 02 05 07 + LCFDD       .byte $05,$07,$08,$02,$05,$07,$08,$02
 11019 CFE5 15 17 18 12		LCFE5       .byte $15,$17,$18,$12
 11020 CFE9 01 02 03 04 05 06 + LCFE9       .byte $01,$02,$03,$04,$05,$06,$07,$08,$09,$0A,$0B,$0C,$0D,$0E,$0F
 11021 CFF8 0E			LCFF8       .byte $0E
 11022 CFF9 01 02 03 04 05 06	LCFF9       .byte $01,$02,$03,$04,$05,$06
 11023 CFFF 05			LCFFF       .byte $05
 11024 D000 A2 33		            ldx #$33
 11025 D002 BD 3D 03		LD002       lda PUPBT1,X
 11026 D005 9D 00 B1		            sta LB100,X
 11027 D008 CA			            dex
 11028 D009 10 F7		            bpl LD002
 11029 D00B A2 74		            ldx #$74
 11030 D00D A0 D1		            ldy #$D1
 11031 D00F 20 18 E0		            jsr LE018
 11032 D012 A2 00		            ldx #$00
 11033 D014 A0 B1		            ldy #$B1
 11034 D016 86 31		            stx CHKSUM
 11035 D018 84 32		            sty BUFRLO
 11036 D01A A9 80		            lda #$80
 11037 D01C 8D 2C D0		            sta LD02A+2
 11038 D01F A2 00		LD01F       ldx #$00
 11039 D021 AD 2C D0		LD021       lda LD02A+2
 11040 D024 C5 32		            cmp BUFRLO
 11041 D026 B0 0D		LD026       bcs LD035
 11042 D028 A9 30		            lda #$30
 11043 D02A 9D 00 80		LD02A       sta L8000,X
 11044 D02D E8			            inx
 11045 D02E D0 FA		            bne LD02A
 11046 D030 EE 2C D0		LD030       inc LD02A+2
 11047 D033 D0 EC		            bne LD021
 11048 D035 A0 00		LD035       ldy #$00
 11049 D037 B1 31		            lda (CHKSUM),Y
 11050 D039 C9 FF		            cmp #$FF
 11051 D03B F0 37		            beq LD074
 11052 D03D 85 34		            sta BFENLO
 11053 D03F C8			            iny
 11054 D040 B1 31		            lda (CHKSUM),Y
 11055 D042 85 33		            sta BUFRHI
 11056 D044 C8			            iny
 11057 D045 D0 04		            bne LD04B
 11058 D047 20 5B D0		LD047       jsr LD05B
 11059 D04A C8			            iny
 11060 D04B B1 31		LD04B       lda (CHKSUM),Y
 11061 D04D 10 F8		            bpl LD047
 11062 D04F 98			            tya
 11063 D050 18			            clc
 11064 D051 65 31		            adc CHKSUM
 11065 D053 85 31		            sta CHKSUM
 11066 D055 90 DE		            bcc LD035
 11067 D057 E6 32		            inc BUFRLO
 11068 D059 D0 C6		            bne LD021
 11069 D05B 20 68 D0		LD05B       jsr LD068
 11070 D05E C9 BA		            cmp #$BA
 11071 D060 90 12		            bcc LD074
 11072 D062 C9 DA		            cmp #$DA
 11073 D064 B0 0E		            bcs LD074
 11074 D066 69 A0		            adc #$A0
 11075 D068 81 33		LD068       sta (BUFRHI,X)
 11076 D06A 09 80		            ora #$80
 11077 D06C E6 34		            inc BFENLO
 11078 D06E 81 33		            sta (BUFRHI,X)
 11079 D070 C6 34		            dec BFENLO
 11080 D072 E6 33		            inc BUFRHI
 11081 D074 60			LD074       rts
 11082 D075 A9 4F		LD075       lda #$4F
 11083 D077 0C			            .byte $0C
 11084 D078 A9 3C		            lda #$3C
 11085 D07A 8D 89 D0		            sta LD088+1
 11086 D07D A2 00		            ldx #$00
 11087 D07F BD 8B D0		LD07F       lda LD08B,X
 11088 D082 9D 00 4C		            sta L4C00,X
 11089 D085 E8			            inx
 11090 D086 D0 F7		            bne LD07F
 11091 D088 4C 00 4C		LD088       jmp L4C00
 11092 D08B EE 19 D0		LD08B       inc COLPF3
 11093 D08E 4C 7E EA		            jmp LEA7E
 11094 D091 A2 80		            ldx #$80
 11095 D093 B5 00		LD093       lda L0000,X
 11096 D095 9D 00 BF		            sta LBF00,X
 11097 D098 A9 00		            lda #$00
 11098 D09A 95 00		            sta L0000,X
 11099 D09C E8			            inx
 11100 D09D D0 F4		            bne LD093
 11101 D09F 8E A1 02		            stx TMPLBT
 11102 D0A2 8E 02 03		            stx DCOMND
 11103 D0A5 A9 36		            lda #$36
 11104 D0A7 85 01		            sta NGFLAG
 11105 D0A9 2C 11 D0		LD0A9       bit TRIG1
 11106 D0AC 10 FB		            bpl LD0A9
 11107 D0AE 8E 30 D0		            stx LD030
 11108 D0B1 8E 11 D0		            stx GRAFM
 11109 D0B4 8E 18 D4		            stx LD416+2
 11110 D0B7 8E 1A D0		            stx COLBK
 11111 D0BA E8			            inx
 11112 D0BB 8E 19 D0		            stx COLPF3
 11113 D0BE A9 81		            lda #$81
 11114 D0C0 8D 0D DC		            sta LDC0D
 11115 D0C3 AD 0D DC		            lda LDC0D
 11116 D0C6 60			            rts
 11117 D0C7 20 06 4C		            jsr L4C06
 11118 D0CA AE 09 CA		            ldx LCA09
 11119 D0CD F0 2A		            beq LD0F9
 11120 D0CF 20 D2 4C		            jsr L4CD2
 11121 D0D2 A9 00		            lda #$00
 11122 D0D4 20 D5 FF		            jsr JKEYON
 11123 D0D7 4C 6F 4C		            jmp L4C6F
 11124 D0DA 20 06 4C		            jsr L4C06
 11125 D0DD AE 09 CA		            ldx LCA09
 11126 D0E0 F0 17		            beq LD0F9
 11127 D0E2 A0 53		            ldy #$53
 11128 D0E4 20 D2 4C		            jsr L4CD2
 11129 D0E7 A2 38		            ldx #$38
 11130 D0E9 A0 03		            ldy #$03
 11131 D0EB 86 C1		            stx L00C1
 11132 D0ED 84 C2		            sty L00C2
 11133 D0EF A2 4D		            ldx #$4D
 11134 D0F1 A0 03		            ldy #$03
 11135 D0F3 A9 C1		            lda #$C1
 11136 D0F5 20 D8 FF		            jsr LFFD8
 11137 D0F8 80			            .byte $80
 11138 D0F9 38			LD0F9       sec
 11139 D0FA 78			            sei
 11140 D0FB A2 80		            ldx #$80
 11141 D0FD BD 00 BF		LD0FD       lda LBF00,X
 11142 D100 95 00		            sta L0000,X
 11143 D102 E8			            inx
 11144 D103 D0 F8		            bne LD0FD
 11145 D105 A9 7F		            lda #$7F
 11146 D107 8D 0D DC		            sta LDC0D
 11147 D10A 20 CB 1E		            jsr L1ECB
 11148 D10D A0 00		            ldy #$00
 11149 D10F AD 13 03		            lda TEMP1+1
 11150 D112 F0 08		            beq LD11C
 11151 D114 10 0C		            bpl LD122
 11152 D116 A9 48		            lda #$48
 11153 D118 A2 40		            ldx #$40
 11154 D11A D0 0A		            bne LD126
 11155 D11C A9 A1		LD11C       lda #$A1
 11156 D11E A2 3F		            ldx #$3F
 11157 D120 D0 04		            bne LD126
 11158 D122 A9 46		LD122       lda #$46
 11159 D124 A2 3E		            ldx #$3E
 11160 D126 8D B7 4C		LD126       sta L4CB7
 11161 D129 8E 06 DD		            stx LDD06
 11162 D12C 8C 07 DD		            sty LDD06+1
 11163 D12F A9 11		            lda #$11
 11164 D131 A2 80		            ldx #$80
 11165 D133 EC 12 D0		LD133       cpx TRIG2
 11166 D136 D0 FB		            bne LD133
 11167 D138 EC 12 D0		LD138       cpx TRIG2
 11168 D13B D0 00		            bne LD13D
 11169 D13D A0 09		LD13D       ldy #$09
 11170 D13F 88			LD13F       dey
 11171 D140 D0 FD		            bne LD13F
 11172 D142 46 68		            lsr SAVADR
 11173 D144 E8			            inx
 11174 D145 D0 F1		            bne LD138
 11175 D147 A0 07		            ldy #$07
 11176 D149 88			LD149       dey
 11177 D14A D0 FD		            bne LD149
 11178 D14C 8D 0F DD		            sta LDD0E+1
 11179 D14F A9 01		            lda #$01
 11180 D151 8D 1A D0		            sta COLBK
 11181 D154 8D 19 D0		            sta COLPF3
 11182 D157 AD 0D DC		            lda LDC0D
 11183 D15A C6 01		            dec NGFLAG
 11184 D15C 60			            rts
 11185 D15D 8C E8 4C		            sty L4CE8
 11186 D160 A9 01		            lda #$01
 11187 D162 A8			            tay
 11188 D163 20 BA FF		            jsr LFFBA
 11189 D166 A9 05		            lda #$05
 11190 D168 A2 E4		            ldx #$E4
 11191 D16A A0 4C		            ldy #$4C
 11192 D16C 4C BD FF		            jmp LFFBD
 11193 D16F 40			            rti
 11194 D170 30 3A		            bmi LD1AC
 11195 D172 50 3F		LD172       bvc LD1B3
 11196 D174 34			            .byte $34
 11197 D175 B1 FF		            lda (L00FF),Y
 11198 D177 82			            .byte $82
 11199 D178 0E 41 3E		            asl L3E40+1
 11200 D17B 50 4C		            bvc LD1C8+1
 11201 D17D 48			            pha
 11202 D17E 47 FF 82 2B 3A	            .byte $47,$FF,$82,$2B,$3A
 11203 D183 30 0F		            bmi LD194
 11204 D185 15 0E		            ora APPMHI,X
 11205 D187 0E FF 1D		            asl L1DFF
 11206 D18A 30 30		            bmi LD1BC
 11207 D18C 18			            clc
 11208 D18D 0F			            .byte $0F
 11209 D18E 30 30		            bmi LD1C0
 11210 D190 4B FF		            .byte $4B,$FF
 11211 D192 18			            clc
 11212 D193 0B			            .byte $0B
 11213 D194 18			LD194       clc
 11214 D195 2E 3F 1B		            rol L1B3D+2
 11215 D198 0E 12 FD		            asl LFD12
 11216 D19B 10 11		            bpl LD1AE
 11217 D19D 1D 0E 1B		            ora L1B0D+1,X
 11218 D1A0 1C EB 03 17 FF 82 +             .byte $1C,$EB,$03,$17,$FF,$82,$53
 11219 D1A7 4D 11 0E		            eor L0E11
 11220 D1AA 30 00		            bmi LD1AC
 11221 D1AC 00 FF		LD1AC       .byte $00,$FF
 11222 D1AE 01 30		LD1AE       ora (L0030,X)
 11223 D1B0 16 17		            asl ICCOMT,X
 11224 D1B2 0F			            .byte $0F
 11225 D1B3 15 1E		LD1B3       ora ABUFPT+2,X
 11226 D1B5 0E FF 17		            asl L17FE+1
 11227 D1B8 0C			            .byte $0C
 11228 D1B9 0E 30 3D		            asl L3D2F+1
 11229 D1BC 0E 1F 12		LD1BC       asl L121F
 11230 D1BF 7F			            .byte $7F
 11231 D1C0 F9 03 0C		LD1C0       sbc L0C03,Y
 11232 D1C3 18			            clc
 11233 D1C4 17 1C 12 1C		            .byte $17,$1C,$12,$1C
 11234 D1C8 1D FB 1C		LD1C8       ora L1CFB,X
 11235 D1CB 82 7B 3A 17 E2 13	            .byte $82,$7B,$3A,$17,$E2,$13
 11236 D1D1 0A			            asl
 11237 D1D2 17 FF		            .byte $17,$FF
 11238 D1D4 30 1D		            bmi LD1F3
 11239 D1D6 1B			            .byte $1B
 11240 D1D7 0A			            asl
 11241 D1D8 17 1C 42 12 FF	            .byte $17,$1C,$42,$12,$FF
 11242 D1DD 1D 82 AD		            ora LAD82,X
 11243 D1E0 4D 18 19		            eor L1918
 11244 D1E3 30 1C		            bmi LD201
 11245 D1E5 F5 0C		            sbc DOSINI,X
 11246 D1E7 18			            clc
 11247 D1E8 1B			            .byte $1B
 11248 D1E9 0E 98 04		            asl L0498
 11249 D1EC 1D AE 03		            ora IOCB6+ICAX5,X
 11250 D1EF 0D FF 0A		            ora L0AFE+1
 11251 D1F2 22			            .byte $22
 11252 D1F3 2F			LD1F3       .byte $2F
 11253 D1F4 84 10		            sty POKMSK
 11254 D1F6 19 1B 0E		            ora L0E1B,Y
 11255 D1F9 FF 1C		            .byte $FF,$1C
 11256 D1FB 0E 17 1D		            asl L1D17
 11257 D1FE 1C			            .byte $1C
 11258 D1FF 84 2A		LD1FF       sty ICAX1Z
 11259 D201 12 FF		LD201       .byte $12,$FF
 11260 D203 1D 1C 30		            ora L301C,X
 11261 D206 54			            .byte $54
 11262 D207 0A			            asl
 11263 D208 22			            .byte $22
 11264 D209 30 1D		            bmi LD227+1
 11265 D20B BF			            .byte $BF
 11266 D20C 18			            clc
 11267 D20D E1 05		            sbc (RAMLO+1,X)
 11268 D20F 3B			            .byte $3B
 11269 D210 0E 1D 0A		            asl L0A1B+2
 11270 D213 30 3C		            bmi LD24F+2
 11271 D215 FF			            .byte $FF
 11272 D216 0E 1D 12		            asl L121D
 11273 D219 30 30		            bmi LD24A+1
 11274 D21B 1C 22 1C FB		            .byte $1C,$22,$1C,$FB
 11275 D21F 1D 0E 42		            ora L420D+1,X
 11276 D222 84 52		            sty LMARGN
 11277 D224 5F 03		            .byte $5F,$03
 11278 D226 0A			            asl
 11279 D227 30 FF		LD227       bmi LD227+1
 11280 D229 30 11		            bmi LD23A+2
 11281 D22B 0E 15 42		            asl L4214+1
 11282 D22E 0E 1D 27		            asl L271D
 11283 D231 FD 30 54		            sbc L5430,X
 11284 D234 11 12		            ora (RTCLOK),Y
 11285 D236 0C			            .byte $0C
 11286 D237 11 F9		            ora (L00F9),Y
 11287 D239 04			            .byte $04
 11288 D23A 0E FF 17		LD23A       asl L17FE+1
 11289 D23D 30 30		            bmi LD26D+2
 11290 D23F 19 15 0A		            ora L0A15,Y
 11291 D242 0C			            .byte $0C
 11292 D243 0E FF 0D		            asl L0DFF
 11293 D246 84 7A		            sty KEYDEF+1
 11294 D248 18			            clc
 11295 D249 17			            .byte $17
 11296 D24A 15 22		LD24A       ora ICCOMZ,X
 11297 D24C 30 FE		LD24C       bmi LD24C
 11298 D24E 0C			            .byte $0C
 11299 D24F 0E 1B 1D		LD24F       asl L1D19+2
 11300 D252 0A			            asl
 11301 D253 12 17 9E 03 FF	            .byte $12,$17,$9E,$03,$FF
 11302 D258 1D 0A 27		            ora L270A,X
 11303 D25B 30 17		            bmi LD274
 11304 D25D 0A			            asl
 11305 D25E 42			            .byte $42
 11306 D25F 0E 3F EB		            asl LEB3F
 11307 D262 03			            .byte $03
 11308 D263 A1 04		            lda (RAMLO,X)
 11309 D265 30 18		            bmi LD27E+1
 11310 D267 54 17		            .byte $54,$17
 11311 D269 86 2A		            stx ICAX1Z
 11312 D26B FF 1B		            .byte $FF,$1B
 11313 D26D 0E 19 18		LD26D       asl L1818+1
 11314 D270 1B			            .byte $1B
 11315 D271 1D 0E 0D		            ora L0D0D+1,X
 11316 D274 BF			LD274       .byte $BF
 11317 D275 30 88		            bmi LD1FF
 11318 D277 03			            .byte $03
 11319 D278 0E 1B 12		            asl L121A+1
 11320 D27B 17			            .byte $17
 11321 D27C 10 30		            bpl LD2AE
 11322 D27E 7D 57 03		LD27E       adc IOCB1+ICPTH,X
 11323 D281 1E 17 0C		            asl L0C17,X
 11324 D284 11 0A		            ora (DOSVEC),Y
 11325 D286 EA			            nop
 11326 D287 05 0F		            ora APPMHI+1
 11327 D289 FF 12		            .byte $FF,$12
 11328 D28B 0E 15 0D		            asl L0D14+1
 11329 D28E 86 52		            stx LMARGN
 11330 D290 18			            clc
 11331 D291 1F DF		            .byte $1F,$DF
 11332 D293 0E 1B 91		            asl L911B
 11333 D296 03 1B		            .byte $03,$1B
 11334 D298 18			            clc
 11335 D299 0B			            .byte $0B
 11336 D29A 18			            clc
 11337 D29B 1D DE 2D		            ora L2DDE,X
 11338 D29E 1C			            .byte $1C
 11339 D29F 15 04		            ora RAMLO,X
 11340 D2A1 1D 1B 18		            ora L181A+1,X
 11341 D2A4 15 D8		            ora L00D8,X
 11342 D2A6 03 DF 12		            .byte $03,$DF,$12
 11343 D2A9 1D 26 05		            ora L0526,X
 11344 D2AC 11 0A		            ora (DOSVEC),Y
 11345 D2AE 15 1D		LD2AE       ora ABUFPT+1,X
 11346 D2B0 86 FF		LD2B0       stx L00FF
 11347 D2B2 7A			            .byte $7A
 11348 D2B3 15 18		            ora DSKFMS,X
 11349 D2B5 0C			            .byte $0C
 11350 D2B6 0A			            asl
 11351 D2B7 1D 12 18		            ora L1812,X
 11352 D2BA 74			            .byte $74
 11353 D2BB 7E 03 0A		            ror L0A03,X
 11354 D2BE 17			            .byte $17
 11355 D2BF 0D 29 05		            ora L0528+1
 11356 D2C2 30 ED		            bmi LD2B0+1
 11357 D2C4 09 18		            ora #$18
 11358 D2C6 03 BF		            .byte $03,$BF
 11359 D2C8 18			            clc
 11360 D2C9 17 03 1B 87 0B	            .byte $17,$03,$1B,$87,$0B
 11361 D2CE 49 0A		            eor #$0A
 11362 D2D0 1B FF		            .byte $1B,$FF
 11363 D2D2 0A			            asl
 11364 D2D3 0D 1B 18		            ora L181A+1
 11365 D2D6 12			            .byte $12
 11366 D2D7 0D 30 30		            ora L302E+2
 11367 D2DA FE 4B 0E		            inc L0E4B,X
 11368 D2DD 0D 1E 21		            ora L211E
 11369 D2E0 88			            dey
 11370 D2E1 2A			            rol
 11371 D2E2 35 03		            and CASINI+1,X
 11372 D2E4 CF			            .byte $CF
 11373 D2E5 30 0A		            bmi LD2F1
 11374 D2E7 2A			            rol
 11375 D2E8 03 EB 04 1C		            .byte $03,$EB,$04,$1C
 11376 D2EC 26 30		            rol L0030
 11377 D2EE 3E EE 0A		            rol L0AEE,X
 11378 D2F1 0C			LD2F1       .byte $0C
 11379 D2F2 11 18		            ora (DSKFMS),Y
 11380 D2F4 03			            .byte $03
 11381 D2F5 11 12		            ora (RTCLOK),Y
 11382 D2F7 19 A4 03		            ora IOCB6+ICBAL,Y
 11383 D2FA FF 1B 1B 12		            .byte $FF,$1B,$1B,$12
 11384 D2FE 0E 1C 30		            asl L301C
 11385 D301 0A			            asl
 11386 D302 88			            dey
 11387 D303 BF 52		            .byte $BF,$52
 11388 D305 B1 04		            lda (RAMLO),Y
 11389 D307 17			            .byte $17
 11390 D308 18			            clc
 11391 D309 1B 42		            .byte $1B,$42
 11392 D30B 0A			            asl
 11393 D30C 15 FF		            ora L00FF,X
 11394 D30E 30 0A		            bmi LD319+1
 11395 D310 0C			            .byte $0C
 11396 D311 1D 12 1F		            ora L1F12,X
 11397 D314 12			            .byte $12
 11398 D315 1D 3D E7		            ora LE73D,X
 11399 D318 04			            .byte $04
 11400 D319 A9 03		LD319       lda #$03
 11401 D31B 1D 11 0A		            ora L0A11,X
 11402 D31E 1D 66 06		            ora L0666,X
 11403 D321 88			            dey
 11404 D322 B7 7A 5F		            .byte $B7,$7A,$5F
 11405 D325 05 1C		            ora ABUFPT
 11406 D327 30 11		            bmi LD338+2
 11407 D329 03 1F 12 1C BF	            .byte $03,$1F,$12,$1C,$BF
 11408 D32E 1E D5 03		            asl PRNBUF+21,X
 11409 D331 1B			            .byte $1B
 11410 D332 0A			            asl
 11411 D333 17			            .byte $17
 11412 D334 10 0E		            bpl LD344
 11413 D336 26 FF		            rol L00FF
 11414 D338 4D 11 12		LD338       eor L1210+1
 11415 D33B 1C			            .byte $1C
 11416 D33C 30 0D		            bmi LD34B
 11417 D33E 0A			            asl
 11418 D33F 1D FF 0A		            ora L0AFE+1,X
 11419 D342 30 12		            bmi LD356
 11420 D344 1C			LD344       .byte $1C
 11421 D345 8A			            txa
 11422 D346 05 20		            ora ICHIDZ
 11423 D348 30 FF		LD348       bmi LD348+1
 11424 D34A 40			            rti
 11425 D34B 1B			LD34B       .byte $1B
 11426 D34C 0A			            asl
 11427 D34D 0F			            .byte $0F
 11428 D34E 1D 10 18		            ora L180E+2,X
 11429 D351 15 FF		            ora L00FF,X
 11430 D353 0D 30 45		            ora L4530
 11431 D356 1D 0D 26		LD356       ora L260C+1,X
 11432 D359 30 01		            bmi LD35C
 11433 D35B FF			            .byte $FF
 11434 D35C 09 08		LD35C       ora #$08
 11435 D35E 05 30		            ora L0030
 11436 D360 2E 30 02		            rol SDLSTL
 11437 D363 00			            .byte $00
 11438 D364 F6 01		            inc NGFLAG,X
 11439 D366 00			            .byte $00
 11440 D367 8A			            txa
 11441 D368 2A			            rol
 11442 D369 8D 03 10		            sta L1002+1
 11443 D36C 18			            clc
 11444 D36D 51 04		            eor (RAMLO),Y
 11445 D36F FE 0B 0A		            inc L0A0A+1,X
 11446 D372 1D 1D 15		            ora L151D,X
 11447 D375 0E 30 55		            asl L5530
 11448 D378 05 FF		            ora L00FF
 11449 D37A 1C			            .byte $1C
 11450 D37B 30 1D		            bmi LD398+2
 11451 D37D 18			            clc
 11452 D37E 30 30		            bmi LD3B0
 11453 D380 1B			            .byte $1B
 11454 D381 0E FF 12		            asl L12FE+1
 11455 D384 17 0F		            .byte $17,$0F
 11456 D386 18			            clc
 11457 D387 1B 0C		            .byte $1B,$0C
 11458 D389 0E 8A B7		            asl LB78A
 11459 D38C 52			            .byte $52
 11460 D38D F9 03 30		            sbc L3002+1,Y
 11461 D390 0A			            asl
 11462 D391 5C 03		            .byte $5C,$03
 11463 D393 18			            clc
 11464 D394 1B			            .byte $1B
 11465 D395 1D FF 30		            ora L30FF,X
 11466 D398 1D 12 42		LD398       ora L4212,X
 11467 D39B 0E 26 30		            asl L3026
 11468 D39E 4D 7F 11		            eor L117F
 11469 D3A1 03			            .byte $03
 11470 D3A2 11 0E		            ora (APPMHI),Y
 11471 D3A4 15 42		            ora CRITIC,X
 11472 D3A6 0E 1D 30		            asl L301C+1
 11473 D3A9 FF			            .byte $FF
 11474 D3AA 30 11		            bmi LD3BD
 11475 D3AC 0A			            asl
 11476 D3AD 1C			            .byte $1C
 11477 D3AE 8A			            txa
 11478 D3AF 7A			            .byte $7A
 11479 D3B0 42			LD3B0       .byte $42
 11480 D3B1 0E FF 1B		            asl L1BFE+1
 11481 D3B4 10 0E		            bpl LD3C3+1
 11482 D3B6 0D 30 54		            ora L5430
 11483 D3B9 12			LD3B9       .byte $12
 11484 D3BA 1D FE 11		            ora L11FE,X
 11485 D3BD 30 14		LD3BD       bmi LD3D1+2
 11486 D3BF 17			            .byte $17
 11487 D3C0 18			            clc
 11488 D3C1 54 17		            .byte $54,$17
 11489 D3C3 2D 06 FB		LD3C3       and LFB06
 11490 D3C6 15 0A		            ora DOSVEC,X
 11491 D3C8 22			            .byte $22
 11492 D3C9 18			            clc
 11493 D3CA 1E 5C 03		            asl IOCB1+ICAX3,X
 11494 D3CD 0A			            asl
 11495 D3CE 1D F9 8A		            ora L8AF9,X
 11496 D3D1 AE 3A 15		LD3D1       ldx L153A
 11497 D3D4 15 C2		            ora L00C2,X
 11498 D3D6 05 A2		            ora L00A2
 11499 D3D8 03			            .byte $03
 11500 D3D9 19 FF 30		            ora L30FF,Y
 11501 D3DC 1C 0C		            .byte $1C,$0C
 11502 D3DE 18			            clc
 11503 D3DF 1B			            .byte $1B
 11504 D3E0 0E 2F 8C		            asl L8C2E+1
 11505 D3E3 9D 2A 17		            sta L172A,X
 11506 D3E6 04			            .byte $04
 11507 D3E7 DE 03 54		            dec L5403,X
 11508 D3EA 18			            clc
 11509 D3EB 1B			            .byte $1B
 11510 D3EC 60			            rts
 11511 D3ED 03			            .byte $03
 11512 D3EE 0D FF 0E		            ora L0EFE+1
 11513 D3F1 0F			            .byte $0F
 11514 D3F2 0E 17 0C		            asl L0C17
 11515 D3F5 0E 1C 26		            asl L261C
 11516 D3F8 EB			            .byte $EB
 11517 D3F9 8C 52 12		            sty L1251+1
 11518 D3FC 27			            .byte $27
 11519 D3FD 03			LD3FD       .byte $03
 11520 D3FE 30 B9		            bmi LD3B9
 11521 D400 04			            .byte $04
 11522 D401 0E 17 7F		            asl L7F17
 11523 D404 A6 03		            ldx CASINI+1
 11524 D406 22			LD406       .byte $22
 11525 D407 30 1C		            bmi LD424+1
 11526 D409 1E 19 19		            asl L1918+1,X
 11527 D40C 15 FF		            ora L00FF,X
 11528 D40E 22			            .byte $22
 11529 D40F 30 30		            bmi LD440+1
 11530 D411 0A			            asl
 11531 D412 17			LD412       .byte $17
 11532 D413 0D 30 19		LD413       ora L1930
 11533 D416 FE 18 54		LD416       inc L5418,X
 11534 D419 0E 1B 1C		LD419       asl L1C1B
 11535 D41C 8C 7A A5		            sty LA57A
 11536 D41F 03			            .byte $03
 11537 D420 FB 1B		LD420       .byte $FB,$1B
 11538 D422 30 3C		            bmi LD45E+2
 11539 D424 06 04		LD424       asl RAMLO
 11540 D426 55 03		            eor CASINI+1,X
 11541 D428 42			            .byte $42
 11542 D429 18			            clc
 11543 D42A BF			            .byte $BF
 11544 D42B 1D A8 03		            ora IOCB6+ICBLL,X
 11545 D42E 0E 1B 42		            asl L421A+1
 11546 D431 12 17		            .byte $12,$17
 11547 D433 0A			            asl
 11548 D434 FF			            .byte $FF
 11549 D435 15 26		            ora ICPTLZ,X
 11550 D437 8E 04 49		            stx L4904
 11551 D43A 15 1E		            ora ABUFPT+2,X
 11552 D43C 10 BF		            bpl LD3FD
 11553 D43E 30 E0		            bmi LD420
 11554 D440 05 13		LD440       ora RTCLOK+1
 11555 D442 18			            clc
 11556 D443 22 1C		            .byte $22,$1C
 11557 D445 1D 12 FA		            ora LFA12,X
 11558 D448 0C 14		            .byte $0C,$14
 11559 D44A 30 12		            bmi LD45E
 11560 D44C 17			            .byte $17
 11561 D44D 2A			            rol
 11562 D44E 03			            .byte $03
 11563 D44F 19 3D 04		            ora L043C+1,Y
 11564 D452 FB 02		            .byte $FB,$02
 11565 D454 8E 2B 4D		            stx L4D2B
 11566 D457 54			            .byte $54
 11567 D458 1E 03 0D		            asl L0D02+1,X
 11568 D45B 12 FF 1C		            .byte $12,$FF,$1C
 11569 D45E 1D 1B 0E		LD45E       ora L0E1B,X
 11570 D461 1C 1C		            .byte $1C,$1C
 11571 D463 30 0B		            bmi LD470
 11572 D465 FB			            .byte $FB
 11573 D466 0E 0A 0C		            asl L0C0A
 11574 D469 18			            clc
 11575 D46A 17 8F 03		            .byte $17,$8F,$03
 11576 D46D 11 0A		            ora (DOSVEC),Y
 11577 D46F EF			            .byte $EF
 11578 D470 1F			LD470       .byte $1F
 11579 D471 0E 30 F1		            asl LF130
 11580 D474 03			            .byte $03
 11581 D475 0E 17 8E		            asl L8E17
 11582 D478 52 7F		            .byte $52,$7F
 11583 D47A 66 04		            ror RAMLO
 11584 D47C 30 1B		            bmi LD499
 11585 D47E 18			            clc
 11586 D47F 0B			            .byte $0B
 11587 D480 18			            clc
 11588 D481 1D 30 79		            ora L7930,X
 11589 D484 73 03		            .byte $73,$03
 11590 D486 0E 15 0F		            asl L0F15
 11591 D489 27 82 03		            .byte $27,$82,$03
 11592 D48C 11 03		            ora (CASINI+1),Y
 11593 D48E 0A			            asl
 11594 D48F FF 17		            .byte $FF,$17
 11595 D491 30 30		            bmi LD4C3
 11596 D493 1E 19 10		            asl L1017+2,X
 11597 D496 1B			            .byte $1B
 11598 D497 0A			            asl
 11599 D498 FF			            .byte $FF
 11600 D499 0D 0E 0D		LD499       ora L0D0D+1
 11601 D49C 8E 7B 3A		            stx L3A7B
 11602 D49F 0D 0D F3		            ora LF30D
 11603 D4A2 12			            .byte $12
 11604 D4A3 1D 12 18		            ora L1812,X
 11605 D4A6 8A			            txa
 11606 D4A7 03 9F 03 0F		            .byte $03,$9F,$03,$0F
 11607 D4AB 18			            clc
 11608 D4AC E5 1B		            sbc DSKUTL+1
 11609 D4AE 42			            .byte $42
 11610 D4AF 0A			            asl
 11611 D4B0 F2 04		            .byte $F2,$04
 11612 D4B2 58			            cli
 11613 D4B3 03 0B		            .byte $03,$0B
 11614 D4B5 08			            php
 11615 D4B6 03			            .byte $03
 11616 D4B7 30 7F		            bmi LD537+1
 11617 D4B9 22 03		            .byte $22,$03
 11618 D4BB 90 2A		            bcc LD4E7
 11619 D4BD 1B			            .byte $1B
 11620 D4BE 0E 0C 18		            asl L180B+1
 11621 D4C1 1F FF		            .byte $1F,$FF
 11622 D4C3 0E 1B 0E		LD4C3       asl L0E1B
 11623 D4C6 0D 26 30		            ora L3026
 11624 D4C9 4C 12 FE		            jmp LFE12
 11625 D4CC 42 12		            .byte $42,$12
 11626 D4CE 15 0A		            ora DOSVEC,X
 11627 D4D0 1B			            .byte $1B
 11628 D4D1 30 42		            bmi LD515
 11629 D4D3 8A			            txa
 11630 D4D4 03 FB		            .byte $03,$FB
 11631 D4D6 0A			            asl
 11632 D4D7 10 0E		            bpl LD4E7
 11633 D4D9 1C			            .byte $1C
 11634 D4DA 30 37		            bmi LD513
 11635 D4DC 03			            .byte $03
 11636 D4DD 0E 90 FF		            asl LFF90
 11637 D4E0 52 0C		            .byte $52,$0C
 11638 D4E2 0A			            asl
 11639 D4E3 19 0A 0B		            ora L0B09+1,Y
 11640 D4E6 12			            .byte $12
 11641 D4E7 15 FD		LD4E7       ora L00FD,X
 11642 D4E9 12			            .byte $12
 11643 D4EA 1D 22 26		            ora L2621+1,X
 11644 D4ED 30 4D		            bmi LD53C
 11645 D4EF 89 04		            .byte $89,$04
 11646 D4F1 11 FF		            ora (L00FF),Y
 11647 D4F3 0E 15 42		            asl L4214+1
 11648 D4F6 0E 1D 30		            asl L301C+1
 11649 D4F9 0A			            asl
 11650 D4FA 15 BF		            ora L00BF,X
 11651 D4FC 1C			            .byte $1C
 11652 D4FD 59 03 1E		            eor L1E01+2,Y
 11653 D500 1C			LD500       .byte $1C
 11654 D501 0E 1C 90		            asl L901A+2
 11655 D504 7A F3 1C		            .byte $7A,$F3,$1C
 11656 D507 11 12		            ora (RTCLOK),Y
 11657 D509 19 02 05		            ora L0502,Y
 11658 D50C 6D 05 1C		            adc L1C03+2
 11659 D50F 30 EF		            bmi LD500
 11660 D511 42			            .byte $42
 11661 D512 0A			            asl
 11662 D513 22			LD513       .byte $22
 11663 D514 48			            pha
 11664 D515 03			LD515       .byte $03
 11665 D516 30 18		            bmi LD530
 11666 D518 0B			            .byte $0B
 11667 D519 1D FB 0A		            ora L0AFB,X
 11668 D51C 12 17		            .byte $12,$17
 11669 D51E 0E 0D 4A		            asl L4A0D
 11670 D521 03 22 92 DF		            .byte $03,$22,$92,$DF
 11671 D525 0A			            asl
 11672 D526 49 31		            eor #$31
 11673 D528 05 0F		            ora APPMHI+1
 11674 D52A 12 1B		            .byte $12,$1B
 11675 D52C 0E 30 7F		            asl L7F30
 11676 D52F 13			            .byte $13
 11677 D530 04			LD530       .byte $04
 11678 D531 15 0A		            ora DOSVEC,X
 11679 D533 22 92		            .byte $22,$92
 11680 D535 2A			            rol
 11681 D536 1C			            .byte $1C
 11682 D537 1D A4 18		LD537       ora L18A4,X
 11683 D53A 84 03		LD53A       sty CASINI+1
 11684 D53C 30 6B		LD53C       bmi LD5A9
 11685 D53E 03 1A 03		            .byte $03,$1A,$03
 11686 D541 11 9F		            ora (L009F),Y
 11687 D543 06 B3		            asl L00B3
 11688 D545 04			            .byte $04
 11689 D546 8D 1C 12		            sta L121C
 11690 D549 03			            .byte $03
 11691 D54A C9 04		            cmp #$04
 11692 D54C 13 03 92 52 2B 03	            .byte $13,$03,$92,$52,$2B,$03
 11693 D552 0E FF 17		            asl L17FE+1
 11694 D555 0E 1B 10		            asl L101A+1
 11695 D558 22			            .byte $22
 11696 D559 30 30		            bmi LD589+2
 11697 D55B 0C FB		            .byte $0C,$FB
 11698 D55D 15 18		            ora DSKFMS,X
 11699 D55F 0A			            asl
 11700 D560 14			            .byte $14
 11701 D561 30 35		            bmi LD598
 11702 D563 03			            .byte $03
 11703 D564 30 30		            bmi LD596
 11704 D566 FD 19 1B		            sbc L1B19,X
 11705 D569 18			            clc
 11706 D56A 1D 0E 0C		            ora L0C0E,X
 11707 D56D 2F			            .byte $2F
 11708 D56E 06 18		            asl DSKFMS
 11709 D570 FD 0F 92		            sbc L920D+2,X
 11710 D573 7A			            .byte $7A
 11711 D574 0A			            asl
 11712 D575 0C 0C 47 03 12 D7 +             .byte $0C,$0C,$47,$03,$12,$D7,$17
 11713 D57C 10 27		            bpl LD5A4+1
 11714 D57E 04			            .byte $04
 11715 D57F 30 BA		            bmi LD53A+1
 11716 D581 05 2D		            ora ICAX4Z
 11717 D583 1C			            .byte $1C
 11718 D584 30 FF		LD584       bmi LD584+1
 11719 D586 0C			            .byte $0C
 11720 D587 18			            clc
 11721 D588 42			            .byte $42
 11722 D589 19 1E 1D		LD589       ora L1D1E,Y
 11723 D58C 0E 1B DF		            asl LDF1B
 11724 D58F 30 0A		            bmi LD59B
 11725 D591 4E 03 94		            lsr L9403
 11726 D594 2A			            rol
 11727 D595 0B			            .byte $0B
 11728 D596 18			LD596       clc
 11729 D597 42			            .byte $42
 11730 D598 F5 0B		LD598       sbc DOSVEC+1,X
 11731 D59A 0A			            asl
 11732 D59B 1B			LD59B       .byte $1B
 11733 D59C 0D 6D 03		            ora IOCB2+ICAX4
 11734 D59F 0B B2 03		            .byte $0B,$B2,$03
 11735 D5A2 0A			            asl
 11736 D5A3 EF			            .byte $EF
 11737 D5A4 30 19		LD5A4       bmi LD5BE+1
 11738 D5A6 18			            clc
 11739 D5A7 1B 03		            .byte $1B,$03
 11740 D5A9 0F			LD5A9       .byte $0F
 11741 D5AA 1E 15 30		            asl L3014+1,X
 11742 D5AD F7			            .byte $F7
 11743 D5AE 30 1B		            bmi LD5CB
 11744 D5B0 0A			            asl
 11745 D5B1 0D B5 03		            ora IOCB7+ICBAH
 11746 D5B4 12 0C		            .byte $12,$0C
 11747 D5B6 94 BF		            sty L00BF,X
 11748 D5B8 52			            .byte $52
 11749 D5B9 C1 04		            cmp (RAMLO,X)
 11750 D5BB 11 18		            ora (DSKFMS),Y
 11751 D5BD 1C			            .byte $1C
 11752 D5BE 1D 26 94		LD5BE       ora L9426,X
 11753 D5C1 FF 7A 0C		            .byte $FF,$7A,$0C
 11754 D5C4 18			            clc
 11755 D5C5 17 1C		            .byte $17,$1C
 11756 D5C7 18			            clc
 11757 D5C8 15 0E		            ora APPMHI,X
 11758 D5CA FF			            .byte $FF
 11759 D5CB 26 30		LD5CB       rol L0030
 11760 D5CD 3A			            .byte $3A
 11761 D5CE 30 1C		            bmi LD5EC
 11762 D5D0 42			            .byte $42
 11763 D5D1 0A			            asl
 11764 D5D2 15 FE		            ora L00FE,X
 11765 D5D4 15 2E		            ora ICAX5Z,X
 11766 D5D6 1C 0C		            .byte $1C,$0C
 11767 D5D8 0A			            asl
 11768 D5D9 15 0E		            ora APPMHI,X
 11769 D5DB 44 04 9F 17		            .byte $44,$04,$9F,$17
 11770 D5DF 8C 03 97		            sty L9703
 11771 D5E2 04			            .byte $04
 11772 D5E3 96 03		            stx CASINI+1,Y
 11773 D5E5 3C			            .byte $3C
 11774 D5E6 15 0E		            ora APPMHI,X
 11775 D5E8 9F			            .byte $9F
 11776 D5E9 0A			            asl
 11777 D5EA 71 03		            adc (CASINI+1),Y
 11778 D5EC 8B 04 0F 1B		LD5EC       .byte $8B,$04,$0F,$1B
 11779 D5F0 0E 12 10		            asl L1012
 11780 D5F3 9F			            .byte $9F
 11781 D5F4 11 92		            ora (L0092),Y
 11782 D5F6 04 E2 04 1B		            .byte $04,$E2,$04,$1B
 11783 D5FA 18			            clc
 11784 D5FB 0B			            .byte $0B
 11785 D5FC 18			            clc
 11786 D5FD 1D BF 1C		            ora L1CBF,X
 11787 D600 05 03		            ora CASINI+1
 11788 D602 96 2A		            stx ICAX1Z,Y
 11789 D604 0B			            .byte $0B
 11790 D605 0E 0A 42		            asl L420A
 11791 D608 6B E2 03		            .byte $6B,$E2,$03
 11792 D60B 18			            clc
 11793 D60C 42			            .byte $42
 11794 D60D 16 03		            asl CASINI+1,X
 11795 D60F 0E C6 07		            asl L07C6
 11796 D612 30 0A		            bmi LD61D+1
 11797 D614 BF 1C		            .byte $BF,$1C
 11798 D616 68			            pla
 11799 D617 03			            .byte $03
 11800 D618 18			            clc
 11801 D619 12			            .byte $12
 11802 D61A 0D 1C 26		            ora L261C
 11803 D61D 96 BF		LD61D       stx L00BF,Y
 11804 D61F 53			            .byte $53
 11805 D620 08			            php
 11806 D621 04			            .byte $04
 11807 D622 11 0E		            ora (APPMHI),Y
 11808 D624 15 42		            ora CRITIC,X
 11809 D626 0E 1D FF		            asl LFF1D
 11810 D629 30 12		            bmi LD63D
 11811 D62B 1C			LD62B       .byte $1C
 11812 D62C 30 30		            bmi LD65D+1
 11813 D62E 0F 12		            .byte $0F,$12
 11814 D630 1D BF 1D		            ora L1DBF,X
 11815 D633 5C 03 54 12		            .byte $5C,$03,$54,$12
 11816 D637 1D 11 30		            ora L3011,X
 11817 D63A 1D FE 54		            ora L54FE,X
 11818 D63D 12 17		LD63D       .byte $12,$17
 11819 D63F 96 7A		            stx KEYDEF+1,Y
 11820 D641 54			            .byte $54
 11821 D642 11 78		            ora (DELTAC+1),Y
 11822 D644 03			            .byte $03
 11823 D645 FD 30 0D		            sbc L0D30,X
 11824 D648 0E 0C 14		            asl L140B+1
 11825 D64B 30 DE		            bmi LD62B
 11826 D64D 04			            .byte $04
 11827 D64E 0A			            asl
 11828 D64F FF 1F		            .byte $FF,$1F
 11829 D651 0A			            asl
 11830 D652 12			            .byte $12
 11831 D653 15 0A		            ora DOSVEC,X
 11832 D655 0B			            .byte $0B
 11833 D656 15 0E		            ora APPMHI,X
 11834 D658 BF 27		            .byte $BF,$27
 11835 D65A B9 03 30		            lda L3002+1,Y
 11836 D65D 30 54		LD65D       bmi LD6B2+1
 11837 D65F 0E 15 15		            asl L1514+1
 11838 D662 FF			            .byte $FF
 11839 D663 96 AA		            stx L00AA,Y
 11840 D665 4D 18 30		            eor L3017+1
 11841 D668 19 0A 1E		            ora L1E0A,Y
 11842 D66B FF 1C		            .byte $FF,$1C
 11843 D66D 0E 2F 30		            asl L302E+1
 11844 D670 19 1B 0E		            ora L0E1B,Y
 11845 D673 1C FF 1C		            .byte $1C,$FF,$1C
 11846 D676 30 1B		            bmi LD692+1
 11847 D678 1E 17 2E		            asl L2E16+1,X
 11848 D67B 1C			            .byte $1C
 11849 D67C 1D FF 18		            ora L18FF,X
 11850 D67F 19 26 98		            ora L9826,Y
 11851 D682 02			            .byte $02
 11852 D683 0D 0E 1C		LD683       ora L1C0C+2
 11853 D686 FE 1D 1B		            inc L1B1D,X
 11854 D689 18			            clc
 11855 D68A 22 12 17		            .byte $22,$12,$17
 11856 D68D 10 4B		            bpl LD6D9+1
 11857 D68F 04 BF 42		            .byte $04,$BF,$42
 11858 D692 A6 0A		LD692       ldx DOSVEC
 11859 D694 30 30		            bmi LD6C5+1
 11860 D696 15 0A		            ora DOSVEC,X
 11861 D698 1C			            .byte $1C
 11862 D699 0E FE 1B		            asl L1BFE
 11863 D69C 1C			            .byte $1C
 11864 D69D 98			            tya
 11865 D69E 2B 3A		            .byte $2B,$3A
 11866 D6A0 15 15		            ora BUFADR,X
 11867 D6A2 49 05		            eor #$05
 11868 D6A4 27			            .byte $27
 11869 D6A5 01 04		            ora (RAMLO,X)
 11870 D6A7 44			            .byte $44
 11871 D6A8 08			            php
 11872 D6A9 18			            clc
 11873 D6AA E0 03		            cpx #$03
 11874 D6AC 27 04 1C		            .byte $27,$04,$1C
 11875 D6AF 11 12		            ora (RTCLOK),Y
 11876 D6B1 FB			            .byte $FB
 11877 D6B2 19 1C 27		LD6B2       ora L271B+1,Y
 11878 D6B5 98			            tya
 11879 D6B6 52 D4		            .byte $52,$D4
 11880 D6B8 06 30		            asl L0030
 11881 D6BA 42 EB		            .byte $42,$EB
 11882 D6BC 18			            clc
 11883 D6BD 1E 17 60		            asl L6017,X
 11884 D6C0 04			            .byte $04
 11885 D6C1 30 C0		            bmi LD683
 11886 D6C3 03			            .byte $03
 11887 D6C4 0A			            asl
 11888 D6C5 30 FF		LD6C5       bmi LD6C5+1
 11889 D6C7 1D 1E 1B		            ora L1B1D+1,X
 11890 D6CA 1B			            .byte $1B
 11891 D6CB 0E 1D 26		            asl L261C+1
 11892 D6CE 30 7B		            bmi LD74A+1
 11893 D6D0 3C 03 1C		            .byte $3C,$03,$1C
 11894 D6D3 0E 98 7A		            asl L7A98
 11895 D6D6 70 03		            bvs LD6DB
 11896 D6D8 0A			            asl
 11897 D6D9 30 FF		LD6D9       bmi LD6D9+1
 11898 D6DB 1C 12		LD6DB       .byte $1C,$12
 11899 D6DD 0D 0E 30		            ora L300E
 11900 D6E0 0E 15 0E		            asl L0E15
 11901 D6E3 F1 1F		            sbc (ABUFPT+3),Y
 11902 D6E5 0A			            asl
 11903 D6E6 1D 12 BB		            ora LBB12,X
 11904 D6E9 03			            .byte $03
 11905 D6EA 0E 07 B9		            asl LB907
 11906 D6ED 04			            .byte $04
 11907 D6EE 26 FF		            rol L00FF
 11908 D6F0 9A			            txs
 11909 D6F1 02			            .byte $02
 11910 D6F2 18			            clc
 11911 D6F3 1B			            .byte $1B
 11912 D6F4 30 0B		            bmi LD6FF+2
 11913 D6F6 22			            .byte $22
 11914 D6F7 30 FF		LD6F7       bmi LD6F7+1
 11915 D6F9 1D 1B 0A		            ora L0A1B,X
 11916 D6FC 17 1C 0F		            .byte $17,$1C,$0F
 11917 D6FF 0E 1B BB		LD6FF       asl LBB1B
 11918 D702 1B 6B 04 0C		            .byte $1B,$6B,$04,$0C
 11919 D706 18			            clc
 11920 D707 17			            .byte $17
 11921 D708 60			            rts
 11922 D709 03			            .byte $03
 11923 D70A 15 30		            ora L0030,X
 11924 D70C DF			            .byte $DF
 11925 D70D 1D 18 60		            ora L6018,X
 11926 D710 05 26		            ora ICPTLZ
 11927 D712 9A			            txs
 11928 D713 2A			            rol
 11929 D714 12 17 F7 0C		            .byte $12,$17,$F7,$0C
 11930 D718 15 1E		            ora ABUFPT+2,X
 11931 D71A 0D 4F 06		            ora L064D+2
 11932 D71D 18			            clc
 11933 D71E 1C			            .byte $1C
 11934 D71F 0E 3B 95		            asl L953B
 11935 D722 04 34 03 1B		            .byte $04,$34,$03,$1B
 11936 D726 0A			            asl
 11937 D727 10 0D		            bpl LD736
 11938 D729 03			            .byte $03
 11939 D72A 30 0B		            bmi LD737
 11940 D72C FF			            .byte $FF
 11941 D72D 0E 0C 0A		            asl L0A0A+2
 11942 D730 42			            .byte $42
 11943 D731 0E 9A 52		            asl L529A
 11944 D734 0A			            asl
 11945 D735 FF			            .byte $FF
 11946 D736 1B			LD736       .byte $1B
 11947 D737 0E 30 15		LD737       asl L152E+2
 11948 D73A 18			            clc
 11949 D73B 54			            .byte $54
 11950 D73C 30 19		            bmi LD757
 11951 D73E F7			            .byte $F7
 11952 D73F 18			            clc
 11953 D740 54			            .byte $54
 11954 D741 0E 1B 6F		            asl L6F1B
 11955 D744 04			            .byte $04
 11956 D745 0A			            asl
 11957 D746 17			            .byte $17
 11958 D747 0D F1 30		            ora L30F1
 11959 D74A 11 0A		LD74A       ora (DOSVEC),Y
 11960 D74C 1F			            .byte $1F
 11961 D74D 3E 03 7C		            rol L7C03,X
 11962 D750 03			            .byte $03
 11963 D751 E6 03		            inc CASINI+1
 11964 D753 9A			            txs
 11965 D754 CF 7B 4B		            .byte $CF,$7B,$4B
 11966 D757 36 06		LD757       rol TRAMSZ,X
 11967 D759 D6 04		            dec RAMLO,X
 11968 D75B 30 1B		            bmi LD778
 11969 D75D 0E 19 9F		            asl L9F19
 11970 D760 1B 5C 03 44		            .byte $1B,$5C,$03,$44
 11971 D764 06 18		            asl DSKFMS
 11972 D766 17			            .byte $17
 11973 D767 2E 1C 0C		            rol L0C1C
 11974 D76A FF 1B		LD76A       .byte $FF,$1B
 11975 D76C 0E 0E 17		            asl L170E
 11976 D76F 9A			            txs
 11977 D770 AC 3F 1B		            ldy L1B3D+2
 11978 D773 FD 18 42		            sbc L4217+1,X
 11979 D776 30 19		            bmi LD791
 11980 D778 0A			LD778       asl
 11981 D779 1E 99 03		            asl IOCB5+ICBLH,X
 11982 D77C 42 BF		            .byte $42,$BF
 11983 D77E 18			            clc
 11984 D77F 47 03		            .byte $47,$03
 11985 D781 18			            clc
 11986 D782 17			            .byte $17
 11987 D783 15 22		            ora ICCOMZ,X
 11988 D785 2F 9C FF		            .byte $2F,$9C,$FF
 11989 D788 2A			            rol
 11990 D789 11 22		            ora (ICCOMZ),Y
 11991 D78B 19 0E 1B		            ora L1B0D+1,Y
 11992 D78E 2E 0A FA		            rol LFA0A
 11993 D791 0C			LD791       .byte $0C
 11994 D792 1D 12 1F		            ora L1F12,X
 11995 D795 0E 21 05		            asl L0520+1
 11996 D798 30 D0		            bmi LD76A
 11997 D79A 03			            .byte $03
 11998 D79B DD 54 1C		            cmp L1C52+2,X
 11999 D79E B9 04 18		            lda L1803+1,Y
 12000 D7A1 1B			            .byte $1B
 12001 D7A2 1D 93 04		            ora L0493,X
 12002 D7A5 9C FF 52 1B		            .byte $9C,$FF,$52,$1B
 12003 D7A9 0E 0C 22		            asl L220C
 12004 D7AC 0C			            .byte $0C
 12005 D7AD 15 0E		            ora APPMHI,X
 12006 D7AF FE 30 1B		            inc L1B2F+1,X
 12007 D7B2 0A			            asl
 12008 D7B3 1D 0E 26		            ora L260C+2,X
 12009 D7B6 9C 03 07		            .byte $9C,$03,$07
 12010 D7B9 E6 22		            inc ICCOMZ
 12011 D7BB 42 0B 34 03		            .byte $42,$0B,$34,$03
 12012 D7BF 11 03		            ora (CASINI+1),Y
 12013 D7C1 18			            clc
 12014 D7C2 54 23 04 9F		            .byte $54,$23,$04,$9F
 12015 D7C6 0A			            asl
 12016 D7C7 03 03 97 03		            .byte $03,$03,$97,$03
 12017 D7CB 2E 0D 12		            rol L120B+2
 12018 D7CE 10 12		            bpl LD7E2
 12019 D7D0 F6 1D		            inc ABUFPT+1,X
 12020 D7D2 9E 03 3C 14 07 12 +             .byte $9E,$03,$3C,$14,$07,$12,$1C,$37,$03,$FF,$22
 12021 D7DD 30 30		            bmi LD80F
 12022 D7DF 13			            .byte $13
 12023 D7E0 18			            clc
 12024 D7E1 22			            .byte $22
 12025 D7E2 1C			LD7E2       .byte $1C
 12026 D7E3 1D EF 12		            ora L12EF,X
 12027 D7E6 0C 14		            .byte $0C,$14
 12028 D7E8 6D 04 15		            adc L1504
 12029 D7EB 22 27		            .byte $22,$27
 12030 D7ED 30 FF		LD7ED       bmi LD7ED+1
 12031 D7EF 0A			            asl
 12032 D7F0 1C 9E		            .byte $1C,$9E
 12033 D7F2 2A			            rol
 12034 D7F3 0A			            asl
 12035 D7F4 1D 1D 0A		            ora L0A1B+2,X
 12036 D7F7 3F			            .byte $3F
 12037 D7F8 EE 03 E1		            inc LE103
 12038 D7FB 03			            .byte $03
 12039 D7FC 0D 1B 18		            ora L181A+1
 12040 D7FF 12			            .byte $12
 12041 D800 0D 1C BD		            ora LBD1C
 12042 D803 27 D2 03		            .byte $27,$D2,$03
 12043 D806 18			            clc
 12044 D807 15 0A		            ora DOSVEC,X
 12045 D809 1D B1 04		            ora L04AF+2,X
 12046 D80C 1D EF 11		            ora L11EE+1,X
 12047 D80F 0E 42 42		LD80F       asl L4242
 12048 D812 03 9E 53		LD812       .byte $03,$9E,$53
 12049 D815 46 18		            lsr DSKFMS
 12050 D817 FB 1C		            .byte $FB,$1C
 12051 D819 1D 30 18		            ora L1830,X
 12052 D81C 0F EF 04		            .byte $0F,$EF,$04
 12053 D81F 30 0D		            bmi LD82D+1
 12054 D821 FD 0E 1F		            sbc L1F0E,X
 12055 D824 12 0C		            .byte $12,$0C
 12056 D826 0E 2D 63		LD826       asl L632D
 12057 D829 04 1C FB		LD829       .byte $04,$1C,$FB
 12058 D82C 18			            clc
 12059 D82D 1E 1B 0C		LD82D       asl L0C1A+1,X
 12060 D830 0E 0D 05		            asl L050C+1
 12061 D833 9E 7A		            .byte $9E,$7A
 12062 D835 FD 17 1E		            sbc L1E16+1,X
 12063 D838 42 0B		            .byte $42,$0B
 12064 D83A 0E 1B 42		            asl L421A+1
 12065 D83D 06 0F		            asl APPMHI+1
 12066 D83F C6 12		            dec RTCLOK
 12067 D841 1B CF 03 7A		            .byte $1B,$CF,$03,$7A
 12068 D845 05 64		            ora ADRESS
 12069 D847 05 17		            ora ICCOMT
 12070 D849 30 7C		            bmi LD8C7
 12071 D84B 03 DA 9E		            .byte $03,$DA,$9E
 12072 D84E AE E9 03		            ldx CKEY
 12073 D851 0E 30 FF		LD851       asl LFF30
 12074 D854 05 2E		            ora ICAX5Z
 12075 D856 C2 04 FF		            .byte $C2,$04,$FF
 12076 D859 1D 0A 1B		            ora L1B0A,X
 12077 D85C 1D 1C 27		            ora L271B+1,X
 12078 D85F A0 02		LD85F       ldy #$02
 12079 D861 FF 0F		            .byte $FF,$0F
 12080 D863 18			            clc
 12081 D864 15 15		            ora BUFADR,X
 12082 D866 18			            clc
 12083 D867 54 1C 2F DF		            .byte $54,$1C,$2F,$DF
 12084 D86B A0 2A		            ldy #$2A
 12085 D86D A0 04		            ldy #$04
 12086 D86F 0B 1B 12		            .byte $0B,$1B,$12
 12087 D872 0D 10 9F		            ora L9F10
 12088 D875 0E B8 05		            asl L05B7+1
 12089 D878 4D 03 0C		LD878       eor L0C03
 12090 D87B 0A			            asl
 12091 D87C 17 17		            .byte $17,$17
 12092 D87E 18			            clc
 12093 D87F DD 1D 30		            cmp L301C+1,X
 12094 D882 93 03		            .byte $93,$03
 12095 D884 0A			            asl
 12096 D885 0C			            .byte $0C
 12097 D886 11 6F		            ora (SHFAMT),Y
 12098 D888 04			            .byte $04
 12099 D889 A0 EF		            ldy #$EF
 12100 D88B 52 0C		            .byte $52,$0C
 12101 D88D 11 EC		            ora (L00EC),Y
 12102 D88F 03			            .byte $03
 12103 D890 0E 15 15		            asl L1514+1
 12104 D893 0E FF 0D		            asl L0DFF
 12105 D896 30 1D		            bmi LD8B5
 12106 D898 18			            clc
 12107 D899 54			            .byte $54
 12108 D89A 0A			            asl
 12109 D89B 1B			            .byte $1B
 12110 D89C 0D FD 1C		            ora L1CFD
 12111 D89F 30 11		            bmi LD8B1+1
 12112 D8A1 18			            clc
 12113 D8A2 15 0D		            ora DOSINI+1,X
 12114 D8A4 4F 04		            .byte $4F,$04
 12115 D8A6 30 B7		            bmi LD85F
 12116 D8A8 0C			            .byte $0C
 12117 D8A9 0E 06 A0		            asl LA006
 12118 D8AC 7A			            .byte $7A
 12119 D8AD 56 04		            lsr RAMLO,X
 12120 D8AF 12 42		            .byte $12,$42
 12121 D8B1 19 FB 18		LD8B1       ora L18FB,Y
 12122 D8B4 1B			            .byte $1B
 12123 D8B5 1D 0A 17		LD8B5       ora L1709+1,X
 12124 D8B8 45 03		            eor CASINI+1
 12125 D8BA 17			            .byte $17
 12126 D8BB 0E BE 27		            asl L27BE
 12127 D8BE 43			            .byte $43
 12128 D8BF 05 0C		            ora DOSINI
 12129 D8C1 15 0A		            ora DOSVEC,X
 12130 D8C3 1C 1C		            .byte $1C,$1C
 12131 D8C5 36 07		            rol CMCMD,X
 12132 D8C7 FF			LD8C7       .byte $FF
 12133 D8C8 A0 AE		            ldy #$AE
 12134 D8CA 1B			            .byte $1B
 12135 D8CB 1E 17 2E		LD8CB       asl L2E16+1,X
 12136 D8CE 1C			            .byte $1C
 12137 D8CF 1D DF 18		            ora L18DF,X
 12138 D8D2 19 70 0D		            ora L0D6F+1,Y
 12139 D8D5 A2 2A		            ldx #$2A
 12140 D8D7 1C			            .byte $1C
 12141 D8D8 11 1E		            ora (ABUFPT+2),Y
 12142 D8DA EE 1D 1D		            inc L1D1C+1
 12143 D8DD 15 56		            ora COLCRS+1,X
 12144 D8DF 03			            .byte $03
 12145 D8E0 0A			            asl
 12146 D8E1 17			            .byte $17
 12147 D8E2 0D 7F 04		            ora L047E+1
 12148 D8E5 7F			            .byte $7F
 12149 D8E6 A1 05		            lda (RAMLO+1,X)
 12150 D8E8 30 18		            bmi LD902
 12151 D8EA 1E 1D 30		            asl L301C+1,X
 12152 D8ED 0F			            .byte $0F
 12153 D8EE 18			            clc
 12154 D8EF BF 1B		            .byte $BF,$1B
 12155 D8F1 B4 03		            ldy CASINI+1,X
 12156 D8F3 15 22		            ora ICCOMZ,X
 12157 D8F5 30 0A		            bmi LD900+1
 12158 D8F7 A2 52		            ldx #$52
 12159 D8F9 1F BB		            .byte $1F,$BB
 12160 D8FB 06 85		            asl L0085
 12161 D8FD 03			            .byte $03
 12162 D8FE 16 03		            asl CASINI+1,X
 12163 D900 30 1B		LD900       bmi LD91C+1
 12164 D902 18			LD902       clc
 12165 D903 0B			            .byte $0B
 12166 D904 18			            clc
 12167 D905 FD 1D 27		            sbc L271D,X
 12168 D908 30 0A		            bmi LD914
 12169 D90A 1C			            .byte $1C
 12170 D90B 30 0E		            bmi LD91B
 12171 D90D 03			            .byte $03
 12172 D90E 30 FF		LD90E       bmi LD90E+1
 12173 D910 0A			            asl
 12174 D911 1D 1D 0E		            ora L0E1D,X
 12175 D914 42			LD914       .byte $42
 12176 D915 19 1D 1C		            ora L1C1D,Y
 12177 D918 DF			            .byte $DF
 12178 D919 A2 7A		            ldx #$7A
 12179 D91B E8			LD91B       inx
 12180 D91C 05 26		LD91C       ora ICPTLZ
 12181 D91E 30 16		            bmi LD936
 12182 D920 1D 30 DB		            ora LDB30,X
 12183 D923 0D 0E 38		            ora L380D+1
 12184 D926 03			            .byte $03
 12185 D927 0E 1C 7A		LD927       asl L7A1C
 12186 D92A 05 1C		            ora ABUFPT
 12187 D92C 1D FF 1B		            ora L1BFE+1,X
 12188 D92F 0E 17 10		            asl L1017
 12189 D932 1D 11 30		            ora L3011,X
 12190 D935 0A			            asl
 12191 D936 FF			LD936       .byte $FF
 12192 D937 15 1C		LD937       ora ABUFPT,X
 12193 D939 18			            clc
 12194 D93A 26 A2		            rol L00A2
 12195 D93C AE 0C 15		            ldx L150B+1
 12196 D93F FD 1B 2E		            sbc L2E1B,X
 12197 D942 11 18		            ora (DSKFMS),Y
 12198 D944 42			            .byte $42
 12199 D945 0E 79 03		            asl IOCB3+ICBLH
 12200 D948 1A FF		            .byte $1A,$FF
 12201 D94A 1E 12 1D		            asl L1D11+1,X
 12202 D94D 1C			            .byte $1C
 12203 D94E 30 10		            bmi LD960
 12204 D950 0A			            asl
 12205 D951 42			LD951       .byte $42
 12206 D952 FD 0E 27		            sbc L270E,X
 12207 D955 A4 02		            ldy CASINI
 12208 D957 3A			            .byte $3A
 12209 D958 1D DE 03		            ora PRNBUF+30,X
 12210 D95B 15 F7		            ora L00F7,X
 12211 D95D 30 1D		            bmi LD97C
 12212 D95F 12			            .byte $12
 12213 D960 42 C7		LD960       .byte $42,$C7
 12214 D962 03 13		LD962       .byte $03,$13
 12215 D964 18			            clc
 12216 D965 22 FF 1C		            .byte $22,$FF,$1C
 12217 D968 1D 12 0C		            ora L0C12,X
 12218 D96B 14			            .byte $14
 12219 D96C 30 42		            bmi LD9AF+1
 12220 D96E 18			            clc
 12221 D96F 9F 1F		            .byte $9F,$1F
 12222 D971 B8			            clv
 12223 D972 03			            .byte $03
 12224 D973 8E 05 A4		            stx LA405
 12225 D976 2A			            rol
 12226 D977 0C			            .byte $0C
 12227 D978 18			            clc
 12228 D979 1E BB 19		LD979       asl L19BA+1,X
 12229 D97C 55 03		LD97C       eor CASINI+1,X
 12230 D97E 42			            .byte $42
 12231 D97F 18			            clc
 12232 D980 1B			            .byte $1B
 12233 D981 75 04		            adc RAMLO,X
 12234 D983 1E 1B FD		            asl LFD1B,X
 12235 D986 1C			            .byte $1C
 12236 D987 26 A4		LD987       rol L00A4
 12237 D989 52			            .byte $52
 12238 D98A 1D 18 32		LD98A       ora L3218,X
 12239 D98D 04			            .byte $04
 12240 D98E 1E 7F B0		            asl LB07F,X
 12241 D991 03			            .byte $03
 12242 D992 2D 17 18		            and L1817
 12243 D995 1B 42		            .byte $1B,$42
 12244 D997 0A			            asl
 12245 D998 15 FF		            ora L00FF,X
 12246 D99A 2D 30 18		            and L1830
 12247 D99D 19 0E 1B		            ora L1B0D+1,Y
 12248 D9A0 0A			            asl
 12249 D9A1 1D FF 12		LD9A1       ora L12FE+1,X
 12250 D9A4 18			LD9A4       clc
 12251 D9A5 17			            .byte $17
 12252 D9A6 26 A4		            rol L00A4
 12253 D9A8 7A			            .byte $7A
 12254 D9A9 4D 18 E3		            eor LE318
 12255 D9AC 30 0F		            bmi LD9BD
 12256 D9AE 12			            .byte $12
 12257 D9AF 26 03		LD9AF       rol CASINI+1
 12258 D9B1 2F 04		            .byte $2F,$04
 12259 D9B3 C8			            iny
 12260 D9B4 05 30		            ora L0030
 12261 D9B6 0A			            asl
 12262 D9B7 BF 0B 23 04		            .byte $BF,$0B,$23,$04
 12263 D9BB 0A			            asl
 12264 D9BC 17			            .byte $17
 12265 D9BD 22			LD9BD       .byte $22
 12266 D9BE 30 30		            bmi LD9F0
 12267 D9C0 10 FF		LD9C0       bpl LD9C0+1
 12268 D9C2 12 1F		            .byte $12,$1F
 12269 D9C4 0E 17 A4		            asl LA417
 12270 D9C7 AE 0F 07		LD9C7       ldx L070E+1
 12271 D9CA BF			            .byte $BF
 12272 D9CB 30 FF		LD9CB       bmi LD9CB+1
 12273 D9CD 07			            .byte $07
 12274 D9CE 2E 30 0C		            rol L0C30
 12275 D9D1 11 0E		            ora (APPMHI),Y
 12276 D9D3 0E FD 1C		            asl L1CFD
 12277 D9D6 0E 27 A6		            asl LA627
 12278 D9D9 02			            .byte $02
 12279 D9DA 0A			            asl
 12280 D9DB CB 03		            .byte $CB,$03
 12281 D9DD 11 FC		            ora (L00FC),Y
 12282 D9DF 18			            clc
 12283 D9E0 15 0D		            ora DOSINI+1,X
 12284 D9E2 12 17		            .byte $12,$17
 12285 D9E4 10 BE		            bpl LD9A4
 12286 D9E6 03 8F 03		            .byte $03,$8F,$03
 12287 D9E9 FE 0D 18		            inc L180B+2,X
 12288 D9EC 54 17		            .byte $54,$17
 12289 D9EE 30 54		            bmi LDA44
 12290 D9F0 12			LD9F0       .byte $12
 12291 D9F1 5D 03 7F		LD9F1       eor L7F03,X
 12292 D9F4 58			            cli
 12293 D9F5 04			            .byte $04
 12294 D9F6 18			            clc
 12295 D9F7 54			            .byte $54
 12296 D9F8 A6 2B		            ldx ICAX2Z
 12297 D9FA 4C 12 17		            jmp L1711+1
 12298 D9FD DF 0C		            .byte $DF,$0C
 12299 D9FF 0E 1C 04		            asl L041C
 12300 DA02 1C			            .byte $1C
 12301 DA03 0E 30 0B		            asl L0B30
 12302 DA06 0E FF 0A		            asl L0AFE+1
 12303 DA09 0C			            .byte $0C
 12304 DA0A 18			            clc
 12305 DA0B 17 1C		            .byte $17,$1C
 12306 DA0D 30 54		            bmi LDA62+1
 12307 DA0F 0E 7F 9C		            asl L9C7F
 12308 DA12 04			            .byte $04
 12309 DA13 15 18		            ora DSKFMS,X
 12310 DA15 0C			            .byte $0C
 12311 DA16 0A			            asl
 12312 DA17 1D 0E 0D		LDA17       ora L0D0D+1,X
 12313 DA1A FE A6 53		            inc L53A6,X
 12314 DA1D 16 1D		            asl ABUFPT+1,X
 12315 DA1F 30 12		            bmi LDA33
 12316 DA21 1C			            .byte $1C
 12317 DA22 DD 04 EF		            cmp LEF04,X
 12318 DA25 1B			            .byte $1B
 12319 DA26 0E 0F 4A		            asl L4A0F
 12320 DA29 04 17		            .byte $04,$17
 12321 DA2B 0E 0C 0E		            asl L0E0C
 12322 DA2E FD 1C 1C		            sbc L1C1B+1,X
 12323 DA31 0A			            asl
 12324 DA32 1B			            .byte $1B
 12325 DA33 22			LDA33       .byte $22
 12326 DA34 30 48		            bmi LDA7D+1
 12327 DA36 03 0C		            .byte $03,$0C
 12328 DA38 FE 11 0A		            inc L0A11,X
 12329 DA3B 17			            .byte $17
 12330 DA3C 10 0E		            bpl LDA4B+1
 12331 DA3E A6 7A		            ldx KEYDEF+1
 12332 DA40 22			            .byte $22
 12333 DA41 05 E3		            ora L00E3
 12334 DA43 27			            .byte $27
 12335 DA44 30 1E		LDA44       bmi LDA62+2
 12336 DA46 B9 03 B3		            lda LB303,Y
 12337 DA49 03 13		            .byte $03,$13
 12338 DA4B 06 30		LDA4B       asl L0030
 12339 DA4D 0E F7 17		            asl L17F6+1
 12340 DA50 1A			            .byte $1A
 12341 DA51 1E 12 D8		            asl LD812,X
 12342 DA54 03 1C 22 1C		            .byte $03,$1C,$22,$1C
 12343 DA58 FE 1D 0E		            inc L0E1D,X
 12344 DA5B 42			            .byte $42
 12345 DA5C A6 AE		            ldx L00AE
 12346 DA5E 0F			            .byte $0F
 12347 DA5F 08			            php
 12348 DA60 5B			            .byte $5B
 12349 DA61 0A			            asl
 12350 DA62 DD 19 0A		LDA62       cmp L0A19,X
 12351 DA65 D4 03		            .byte $D4,$03
 12352 DA67 26 A8		            rol L00A8
 12353 DA69 02			            .byte $02
 12354 DA6A CE 04 18		            dec L1803+1
 12355 DA6D FE 0F 30		            inc L300E+1,X
 12356 DA70 15 12		            ora RTCLOK,X
 12357 DA72 0F			            .byte $0F
 12358 DA73 1D 1C 2E		            ora L2E1B+1,X
 12359 DA76 03 DF		            .byte $03,$DF
 12360 DA78 0D 30 7D		            ora L7D30
 12361 DA7B 04			            .byte $04
 12362 DA7C 18			            clc
 12363 DA7D 15 0E		LDA7D       ora APPMHI,X
 12364 DA7F 1C			            .byte $1C
 12365 DA80 26 FF		            rol L00FF
 12366 DA82 A8			            tay
 12367 DA83 2A			            rol
 12368 DA84 1D 54 18		            ora L1853+1,X
 12369 DA87 30 0D		            bmi LDA96
 12370 DA89 0A			            asl
 12371 DA8A BB 22		            .byte $BB,$22
 12372 DA8C E8			            inx
 12373 DA8D 03			            .byte $03
 12374 DA8E 10 18		            bpl LDAA8
 12375 DA90 27			            .byte $27
 12376 DA91 69 03		            adc #$03
 12377 DA93 30 0C		            bmi LDAA0+1
 12378 DA95 FF			LDA95       .byte $FF
 12379 DA96 0A			LDA96       asl
 12380 DA97 17			            .byte $17
 12381 DA98 30 18		            bmi LDAB2
 12382 DA9A 17			            .byte $17
 12383 DA9B 15 22		            ora ICCOMZ,X
 12384 DA9D 30 F6		            bmi LDA95
 12385 DA9F 0F			            .byte $0F
 12386 DAA0 0E 0A 1B		LDAA0       asl L1B0A
 12387 DAA3 4A			            lsr
 12388 DAA4 04			            .byte $04
 12389 DAA5 A8			            tay
 12390 DAA6 52 92		            .byte $52,$92
 12391 DAA8 04 F7		LDAA8       .byte $04,$F7
 12392 DAAA 11 18		            ora (DSKFMS),Y
 12393 DAAC 1C			            .byte $1C
 12394 DAAD 1D 8D 07		            ora L078C+1,X
 12395 DAB0 18			            clc
 12396 DAB1 0F			            .byte $0F
 12397 DAB2 1D EF 0E		LDAB2       ora L0EEF,X
 12398 DAB5 17			            .byte $17
 12399 DAB6 30 66		            bmi LDB1D+1
 12400 DAB8 04			            .byte $04
 12401 DAB9 19 1B 0E		            ora L0E1B,Y
 12402 DABC 1F EF		            .byte $1F,$EF
 12403 DABE 0E 17 1D		            asl L1D17
 12404 DAC1 DA			            .byte $DA
 12405 DAC2 05 7A		            ora KEYDEF+1
 12406 DAC4 0A			            asl
 12407 DAC5 1D 30 BB		            ora LBB30,X
 12408 DAC8 0A			            asl
 12409 DAC9 A6 08		            ldx WARMST
 12410 DACB 26 30		            rol L0030
 12411 DACD 48			            pha
 12412 DACE BD 04 0D		            lda L0D04,X
 12413 DAD1 0A			            asl
 12414 DAD2 FF			            .byte $FF
 12415 DAD3 1D 0A 30		            ora L3009+1,X
 12416 DAD6 0A			            asl
 12417 DAD7 0B			            .byte $0B
 12418 DAD8 18			            clc
 12419 DAD9 1E 1D FF		            asl LFF1D,X
 12420 DADC 30 1E		            bmi LDAFB+1
 12421 DADE 17 12		            .byte $17,$12
 12422 DAE0 1D 1C AA		            ora LAA1C,X
 12423 DAE3 2A			            rol
 12424 DAE4 FF 54		            .byte $FF,$54
 12425 DAE6 18			            clc
 12426 DAE7 1B 1C		            .byte $1B,$1C
 12427 DAE9 1D 26 AA		            ora LAA26,X
 12428 DAEC 52 FF		            .byte $52,$FF
 12429 DAEE 0D 0E 1F		            ora L1F0E
 12430 DAF1 12 0C		            .byte $12,$0C
 12431 DAF3 0E 30 30		            asl L302E+2
 12432 DAF6 FF 0F 1B		            .byte $FF,$0F,$1B
 12433 DAF9 18			            clc
 12434 DAFA 42			            .byte $42
 12435 DAFB 30 0B		LDAFB       bmi LDB07+1
 12436 DAFD 1E 1B FB		            asl LFB1B,X
 12437 DB00 17 12 17		            .byte $17,$12,$17
 12438 DB03 10 30		            bpl LDB34+1
 12439 DB05 D8			            cld
 12440 DB06 03			            .byte $03
 12441 DB07 26 30		LDB07       rol L0030
 12442 DB09 FF			            .byte $FF
 12443 DB0A 4D 1B 0A		            eor L0A1B
 12444 DB0D 17 1C 0F		            .byte $17,$1C,$0F
 12445 DB10 0E 1B DF		            asl LDF1B
 12446 DB13 AA			            tax
 12447 DB14 7A			            .byte $7A
 12448 DB15 4D 03 0A		            eor L0A03
 12449 DB18 30 15		            bmi LDB2D+2
 12450 DB1A 18			            clc
 12451 DB1B 54			            .byte $54
 12452 DB1C FF			LDB1C       .byte $FF
 12453 DB1D 0E 1B 30		LDB1D       asl L301A+1
 12454 DB20 0C			LDB20       .byte $0C
 12455 DB21 15 0A		            ora DOSVEC,X
 12456 DB23 1C 1C		            .byte $1C,$1C
 12457 DB25 5D 8D 03		            eor IOCB4+ICAX4,X
 12458 DB28 11 63		            ora (LOGCOL),Y
 12459 DB2A 03 22		            .byte $03,$22
 12460 DB2C 18			            clc
 12461 DB2D 1E EF 03		LDB2D       asl ACMVAR+2,X
 12462 DB30 1E DF 1B		LDB30       asl L1BDE+1,X
 12463 DB33 1B			            .byte $1B
 12464 DB34 86 03		LDB34       stx CASINI+1
 12465 DB36 AC 02 16		            ldy L1601+1
 12466 DB39 17			            .byte $17
 12467 DB3A 30 FF		LDB3A       bmi LDB3A+1
 12468 DB3C 0A			            asl
 12469 DB3D 0D 0D 12		            ora L120B+2
 12470 DB40 1D 12 18		            ora L1812,X
 12471 DB43 17 B7 27		            .byte $17,$B7,$27
 12472 DB46 70 04		            bvs LDB4C
 12473 DB48 1C 1C		LDB48       .byte $1C,$1C
 12474 DB4A B6 04		            ldx RAMLO,Y
 12475 DB4C 0F 12 1B		LDB4C       .byte $0F,$12,$1B
 12476 DB4F FD 0E 30		            sbc L300E,X
 12477 DB52 54 12		            .byte $54,$12
 12478 DB54 1D 11 3F		            ora L3F10+1,X
 12479 DB57 04			            .byte $04
 12480 DB58 AC F8 2B		            ldy L2BF7+1
 12481 DB5B 4C 18 42		            jmp L4217+1
 12482 DB5E 0E 49 03		            asl IOCB0+ICBLH
 12483 DB61 32 04		            .byte $32,$04
 12484 DB63 8D 03 FF		            sta LFF03
 12485 DB66 15 0E		            ora APPMHI,X
 12486 DB68 0E 1D 30		            asl L301C+1
 12487 DB6B 54			            .byte $54
 12488 DB6C 0A			            asl
 12489 DB6D 1C BF		            .byte $1C,$BF
 12490 DB6F 30 AB		LDB6F       bmi LDB1C
 12491 DB71 03			            .byte $03
 12492 DB72 1D 30 1C		            ora L1C2F+1,X
 12493 DB75 0E 0E 17		            asl L170E
 12494 DB78 DF			            .byte $DF
 12495 DB79 AC 52 33		            ldy L3351+1
 12496 DB7C 03			            .byte $03
 12497 DB7D 0A			            asl
 12498 DB7E 30 17		            bmi LDB96+1
 12499 DB80 0E 54 7D		            asl L7D54
 12500 DB83 1D 07 30		LDB83       ora L3007,X
 12501 DB86 1B			            .byte $1B
 12502 DB87 0E 1A 1E		            asl L1E19+1
 12503 DB8A BC 03 1C		            ldy L1C03,X
 12504 DB8D 3D CD 05		            and L05CC+1,X
 12505 DB90 53			            .byte $53
 12506 DB91 06 AC		            asl L00AC
 12507 DB93 7A			            .byte $7A
 12508 DB94 11 18		            ora (DSKFMS),Y
 12509 DB96 D0 03		LDB96       bne LDB9B
 12510 DB98 12 FF 1C		LDB98       .byte $12,$FF,$1C
 12511 DB9B 30 0A		LDB9B       bmi LDBA5+2
 12512 DB9D 1F			            .byte $1F
 12513 DB9E 0A			            asl
 12514 DB9F 12			            .byte $12
 12515 DBA0 15 0A		            ora DOSVEC,X
 12516 DBA2 F9 0B 15		            sbc L150B,Y
 12517 DBA5 0E 27 30		LDBA5       asl L3026+1
 12518 DBA8 92 03		            .byte $92,$03
 12519 DBAA 39 04 12		            and L1204,Y
 12520 DBAD 3F			            .byte $3F
 12521 DBAE E8			            inx
 12522 DBAF 05 93		            ora L0093
 12523 DBB1 04			            .byte $04
 12524 DBB2 AE 02 13		            ldx L1302
 12525 DBB5 18			            clc
 12526 DBB6 22 1C		            .byte $22,$1C
 12527 DBB8 FE 1D 12		            inc L121D,X
 12528 DBBB 0C 14		            .byte $0C,$14
 12529 DBBD 30 30		            bmi LDBEF
 12530 DBBF 0C			            .byte $0C
 12531 DBC0 5E 03 EE		LDBC0       lsr LEE03,X
 12532 DBC3 1B			            .byte $1B
 12533 DBC4 0E 0D 77		            asl L770D
 12534 DBC7 03			            .byte $03
 12535 DBC8 15 15		            ora BUFADR,X
 12536 DBCA 30 63		            bmi LDC2F
 12537 DBCC 04 CF		            .byte $04,$CF
 12538 DBCE 19 0A 69		            ora L690A,Y
 12539 DBD1 03 DB 04		            .byte $03,$DB,$04
 12540 DBD4 2A			            rol
 12541 DBD5 11 0E		            ora (APPMHI),Y
 12542 DBD7 0A			            asl
 12543 DBD8 BF			            .byte $BF
 12544 DBD9 0D 57 05		            ora L0557
 12545 DBDC 18			            clc
 12546 DBDD 1B			            .byte $1B
 12547 DBDE 30 0E		            bmi LDBED+1
 12548 DBE0 17			            .byte $17
 12549 DBE1 0E FF 42		            asl L42FE+1
 12550 DBE4 22			            .byte $22
 12551 DBE5 30 1C		            bmi LDC03
 12552 DBE7 19 0A 0C		LDBE7       ora L0C0A,Y
 12553 DBEA 0E E5 26		LDBEA       asl L26E4+1
 12554 DBED 30 30		LDBED       bmi LDC1F
 12555 DBEF 2F 03 EF		LDBEF       .byte $2F,$03,$EF
 12556 DBF2 05 AE		LDBF2       ora L00AE
 12557 DBF4 6C 04 0D		LDBF4       jmp (L0D04)
 12558 DBF7 F6 1B		            inc DSKUTL+1,X
 12559 DBF9 0A			            asl
 12560 DBFA 12 17		            .byte $12,$17
 12561 DBFC A2 03		            ldx #$03
 12562 DBFE 1C			            .byte $1C
 12563 DBFF 30 84		LDBFF       bmi LDB83+2
 12564 DC01 05 3D		LDC01       ora BPTR
 12565 DC03 3D 03 D3		LDC03       and PBCTL,X
 12566 DC06 03 1B		            .byte $03,$1B
 12567 DC08 10 22		            bpl LDC2C
 12568 DC0A 30 EA		            bmi LDBF4+2
 12569 DC0C 03			            .byte $03
 12570 DC0D 18			LDC0D       clc
 12571 DC0E FB 1B		            .byte $FB,$1B
 12572 DC10 0D 0E 1B		            ora L1B0D+1
 12573 DC13 AE 6B 05		            ldx L056A+1
 12574 DC16 2D 1C 7F		            and L7F1C
 12575 DC19 39 03 0C		            and L0C03,Y
 12576 DC1C 1E 1B 12		            asl L121A+1,X
 12577 DC1F 1D 22 30		LDC1F       ora L3022,X
 12578 DC22 FD 0C 15		            sbc L150B+1,X
 12579 DC25 0E 0A 1B		            asl L1B0A
 12580 DC28 0A			            asl
 12581 DC29 6A			            ror
 12582 DC2A 05 54		            ora ROWCRS
 12583 DC2C F7			LDC2C       .byte $F7
 12584 DC2D 11 12		            ora (RTCLOK),Y
 12585 DC2F 0C			LDC2F       .byte $0C
 12586 DC30 11 4F		            ora (COLRSH),Y
 12587 DC32 03			            .byte $03
 12588 DC33 AE AB 49		            ldx L49AB
 12589 DC36 7D ED 03		            adc ACMVAR,X
 12590 DC39 0D 1B 18		            ora L181A+1
 12591 DC3C 12			            .byte $12
 12592 DC3D 0D 7A 03		            ora IOCB3+ICAX1
 12593 DC40 18			            clc
 12594 DC41 FB			            .byte $FB
 12595 DC42 10 1B		            bpl LDC5D+2
 12596 DC44 0A			            asl
 12597 DC45 42 42		            .byte $42,$42
 12598 DC47 69 03		            adc #$03
 12599 DC49 0B 22		            .byte $0B,$22
 12600 DC4B D1 B0		            cmp (L00B0),Y
 12601 DC4D 02 CB 03 1B 5A 03	            .byte $02,$CB,$03,$1B,$5A,$03
 12602 DC53 09 07		            ora #$07
 12603 DC55 72 04		            .byte $72,$04
 12604 DC57 1D 7F C3		            ora LC37F,X
 12605 DC5A 03 1C 0F		            .byte $03,$1C,$0F
 12606 DC5D 0E 1B 26		LDC5D       asl L261A+1
 12607 DC60 30 3C		            bmi LDC9E
 12608 DC62 FF			            .byte $FF
 12609 DC63 18			            clc
 12610 DC64 17			            .byte $17
 12611 DC65 1D 0A 0C		            ora L0C0A,X
 12612 DC68 1D B0 2A		            ora L2AB0,X
 12613 DC6B F8			            sed
 12614 DC6C 11 0A		            ora (DOSVEC),Y
 12615 DC6E 17			            .byte $17
 12616 DC6F 0D 1C 23		            ora L231C
 12617 DC72 04			            .byte $04
 12618 DC73 70 03		            bvs LDC78
 12619 DC75 BC 03 FF		            ldy LFF03,X
 12620 DC78 1C			LDC78       .byte $1C
 12621 DC79 30 0C		            bmi LDC87
 12622 DC7B 0A			            asl
 12623 DC7C 17			            .byte $17
 12624 DC7D 30 0B		            bmi LDC8A
 12625 DC7F 0E ED 30		            asl L30EB+2
 12626 DC82 1E 1C 23		            asl L231C,X
 12627 DC85 03			            .byte $03
 12628 DC86 0A			            asl
 12629 DC87 10 5D		LDC87       bpl LDCE6
 12630 DC89 03			            .byte $03
 12631 DC8A 1C			LDC8A       .byte $1C
 12632 DC8B DE 1D B0		            dec LB01D,X
 12633 DC8E 51 04		            eor (RAMLO),Y
 12634 DC90 1D 0A 14		            ora L1409+1,X
 12635 DC93 0E 52 03		            asl IOCB1+ICCOM
 12636 DC96 EF			            .byte $EF
 12637 DC97 30 18		            bmi LDCB0+1
 12638 DC99 1F			            .byte $1F
 12639 DC9A C0 04		            cpy #$04
 12640 DC9C 3F			            .byte $3F
 12641 DC9D 0A			            asl
 12642 DC9E 12			LDC9E       .byte $12
 12643 DC9F 15 BF		            ora L00BF,X
 12644 DCA1 1E 0F 04		            asl L040F,X
 12645 DCA4 18			            clc
 12646 DCA5 30 0A		            bmi LDCB0+1
 12647 DCA7 0C			            .byte $0C
 12648 DCA8 11 12		            ora (RTCLOK),Y
 12649 DCAA F9 0E 1F		            sbc L1F0E,Y
 12650 DCAD 0E B0 7A		            asl L7AB0
 12651 DCB0 CD 05 EF		LDCB0       cmp LEF05
 12652 DCB3 05 0C		            ora DOSINI
 12653 DCB5 DF			            .byte $DF
 12654 DCB6 0E 1C AC		            asl LAC1C
 12655 DCB9 06 0C		            asl DOSINI
 12656 DCBB 18			            clc
 12657 DCBC 17 1C		            .byte $17,$1C
 12658 DCBE 18			            clc
 12659 DCBF FF			            .byte $FF
 12660 DCC0 15 0E		            ora APPMHI,X
 12661 DCC2 26 B0		            rol L00B0
 12662 DCC4 AE 3A 17		            ldx L173A
 12663 DCC7 0D FF 1B		            ora L1BFE+1
 12664 DCCA 0E 54 30		            asl L3052+2
 12665 DCCD 3B 1B		            .byte $3B,$1B
 12666 DCCF 0A			            asl
 12667 DCD0 22 FF 0B 1B		LDCD0       .byte $22,$FF,$0B,$1B
 12668 DCD4 18			            clc
 12669 DCD5 18			            clc
 12670 DCD6 14			            .byte $14
 12671 DCD7 26 B2		            rol L00B2
 12672 DCD9 02 FF 54 12		            .byte $02,$FF,$54,$12
 12673 DCDD 1D 11 30		            ora L3011,X
 12674 DCE0 0A			            asl
 12675 DCE1 17			            .byte $17
 12676 DCE2 18			            clc
 12677 DCE3 47 83 03		            .byte $47,$83,$03
 12678 DCE6 1B 5B 07		LDCE6       .byte $1B,$5B,$07
 12679 DCE9 ED 05 73		            sbc L7305
 12680 DCEC 04 0B		            .byte $04,$0B
 12681 DCEE 1E 1D FF		            asl LFF1D,X
 12682 DCF1 1D 18 17		            ora L1716+2,X
 12683 DCF4 B2			            .byte $B2
 12684 DCF5 2A			            rol
 12685 DCF6 18			            clc
 12686 DCF7 1E 1B 3B		            asl L3B1B,X
 12687 DCFA 46 04		            lsr RAMLO
 12688 DCFC AF 03		            .byte $AF,$03
 12689 DCFE 26 B2		            rol L00B2
 12690 DD00 52			LDD00       .byte $52
 12691 DD01 41 08		LDD01       eor (WARMST,X)
 12692 DD03 30 1B		            bmi LDD20
 12693 DD05 FF			            .byte $FF
 12694 DD06 0E 1C 1E		LDD06       asl L1E1B+1
 12695 DD09 15 1D		            ora ABUFPT+1,X
 12696 DD0B 1C			            .byte $1C
 12697 DD0C 30 12		LDD0C       bmi LDD20
 12698 DD0E BD 17 46		LDD0E       lda L4617,X
 12699 DD11 06 0E		            asl APPMHI
 12700 DD13 1F 12 0C		            .byte $1F,$12,$0C
 12701 DD16 CC 03 0E		            cpy L0E02+1
 12702 DD19 FF 12 17		            .byte $FF,$12,$17
 12703 DD1C 10 B2		            bpl LDCD0
 12704 DD1E B0 4C		            bcs LDD6B+1
 12705 DD20 18			LDD20       clc
 12706 DD21 1E AF 17		            asl L17AF,X
 12707 DD24 45 03		            eor CASINI+1
 12708 DD26 0D EC 06		            ora L06EA+2
 12709 DD29 22			            .byte $22
 12710 DD2A B4 02		            ldy CASINI,X
 12711 DD2C 0D ED 18		            ora L18ED
 12712 DD2F 54 17		            .byte $54,$17
 12713 DD31 A6 03		            ldx CASINI+1
 12714 DD33 15 15		            ora BUFADR,X
 12715 DD35 D0 03		            bne LDD39+1
 12716 DD37 12 F3		            .byte $12,$F3
 12717 DD39 1D 12 0A		LDD39       ora L0A11+1,X
 12718 DD3C 1D 49 03		            ora IOCB0+ICBLH,X
 12719 DD3F B6 07		            ldx CMCMD,Y
 12720 DD41 26 B4		            rol L00B4
 12721 DD43 FB 2B		            .byte $FB,$2B
 12722 DD45 3D 18 0C		            and L0C17+1,X
 12723 DD48 14			            .byte $14
 12724 DD49 C8			            iny
 12725 DD4A 03			            .byte $03
 12726 DD4B 30 54		            bmi LDDA1
 12727 DD4D FB			            .byte $FB
 12728 DD4E 18			            clc
 12729 DD4F 1E 15 0D		            asl L0D14+1,X
 12730 DD52 30 05		            bmi LDD57+2
 12731 DD54 04 12 42		            .byte $04,$12,$42
 12732 DD57 FE 19 18		LDD57       inc L1818+1,X
 12733 DD5A 1C 1C 12 0B		            .byte $1C,$1C,$12,$0B
 12734 DD5E 15 79		            ora KEYDEF,X
 12735 DD60 05 FF		            ora L00FF
 12736 DD62 B4 52		            ldy LMARGN,X
 12737 DD64 0A			            asl
 12738 DD65 30 0F		            bmi LDD76
 12739 DD67 1B			            .byte $1B
 12740 DD68 0E 0E FA		            asl LFA0E
 12741 DD6B 30 0A		LDD6B       bmi LDD77
 12742 DD6D 10 0E		            bpl LDD7C+1
 12743 DD6F 17			            .byte $17
 12744 DD70 01 03		            ora (CASINI+1,X)
 12745 DD72 17			            .byte $17
 12746 DD73 96 03		            stx CASINI+1,Y
 12747 DD75 FF			            .byte $FF
 12748 DD76 42			LDD76       .byte $42
 12749 DD77 18			LDD77       clc
 12750 DD78 1B			            .byte $1B
 12751 DD79 0E 26 B4		            asl LB426
 12752 DD7C B0 4C		LDD7C       bcs LDDC9+1
 12753 DD7E BE 1D 08		            ldx L081C+1,Y
 12754 DD81 03			            .byte $03
 12755 DD82 30 4D		            bmi LDDD1
 12756 DD84 1E 1B 17		            asl L171B,X
 12757 DD87 B6 03		            ldx CASINI+1,Y
 12758 DD89 EF			            .byte $EF
 12759 DD8A B6 02		            ldx CASINI,Y
 12760 DD8C 49 69		            eor #$69
 12761 DD8E 03 1C		            .byte $03,$1C
 12762 DD90 30 0F		            bmi LDDA1
 12763 DD92 12 DF 1B		            .byte $12,$DF,$1B
 12764 DD95 0E 38 0A		            asl L0A37+1
 12765 DD98 13			            .byte $13
 12766 DD99 18			            clc
 12767 DD9A 22 1C		            .byte $22,$1C
 12768 DD9C 1D EF 12		            ora L12EF,X
 12769 DD9F 0C 14		            .byte $0C,$14
 12770 DDA1 55 04		LDDA1       eor RAMLO,X
 12771 DDA3 30 0A		            bmi LDDAF
 12772 DDA5 B6 2A		            ldx ICAX1Z,Y
 12773 DDA7 FE 54 0E		            inc L0E54,X
 12774 DDAA 30 30		            bmi LDDDB+1
 12775 DDAC 0C			            .byte $0C
 12776 DDAD 0A			            asl
 12777 DDAE 17			            .byte $17
 12778 DDAF 54 03		LDDAF       .byte $54,$03
 12779 DDB1 DE 0A 42		            dec L420A,X
 12780 DDB4 EF 03 0B		            .byte $EF,$03,$0B
 12781 DDB7 18			            clc
 12782 DDB8 0A			            asl
 12783 DDB9 1B 8B 03 FF		            .byte $1B,$8B,$03,$FF
 12784 DDBD 0A			            asl
 12785 DDBE 30 30		            bmi LDDF0
 12786 DDC0 19 1B 18		            ora L181A+1,Y
 12787 DDC3 1D 18 FF		            ora LFF18,X
 12788 DDC6 1D 22 19		            ora L1921+1,X
 12789 DDC9 0E B8 02		LDDC9       asl TMPROW
 12790 DDCC 1C			            .byte $1C
 12791 DDCD 19 FF 0E		            ora L0EFE+1,Y
 12792 DDD0 0C			            .byte $0C
 12793 DDD1 12 0F 12 0C		LDDD1       .byte $12,$0F,$12,$0C
 12794 DDD5 30 0D		            bmi LDDE4
 12795 DDD7 7A			            .byte $7A
 12796 DDD8 B5 03		            lda CASINI+1,X
 12797 DDDA 0C			            .byte $0C
 12798 DDDB 1D 12 18		LDDDB       ora L1812,X
 12799 DDDE 1A 03		            .byte $1A,$03
 12800 DDE0 18			            clc
 12801 DDE1 A8			            tay
 12802 DDE2 06 FB		            asl L00FB
 12803 DDE4 15 0A		LDDE4       ora DOSVEC,X
 12804 DDE6 1C			            .byte $1C
 12805 DDE7 0E 1B 08		            asl L081A+1
 12806 DDEA 04			            .byte $04
 12807 DDEB B8			            clv
 12808 DDEC 2A			            rol
 12809 DDED FD 16 17		            sbc L1716,X
 12810 DDF0 0F			LDDF0       .byte $0F
 12811 DDF1 15 1E		            ora ABUFPT+2,X
 12812 DDF3 0E 72 04		            asl L0472
 12813 DDF6 3D 73 01		            and L0173,X
 12814 DDF9 05 26		            ora ICPTLZ
 12815 DDFB B8			            clv
 12816 DDFC 5A 7F 0B CF 03	            .byte $5A,$7F,$0B,$CF,$03
 12817 DE01 19 15 F6		            ora LF615,Y
 12818 DE04 0A			            asl
 12819 DE05 22			            .byte $22
 12820 DE06 B8			            clv
 12821 DE07 82			LDE07       .byte $82
 12822 DE08 EC 12 B9		            cpx LB912
 12823 DE0B AD D8 12		            lda L12D8
 12824 DE0E FD BA 02		            sbc TMPCOL+1,X
 12825 DE11 1D 11 0A		            ora L0A11,X
 12826 DE14 1D 8F 0A		            ora L0A8E+1,X
 12827 DE17 26 80		            rol LOMEM
 12828 DE19 FF 00 00		            .byte $FF,$00,$00
 12829 DE1C 50 E9		LDE1C       bvc LDE07
 12830 DE1E 00			            .byte $00
 12831 DE1F 24 31		            bit CHKSUM
 12832 DE21 FF			            .byte $FF
 12833 DE22 05 25		            ora ICBAHZ
 12834 DE24 F8			            sed
 12835 DE25 0F FA		            .byte $0F,$FA
 12836 DE27 0E 25 F5		            asl LF525
 12837 DE2A 00 00		            .byte $00,$00
 12838 DE2C 30 00		            bmi LDE2E
 12839 DE2E FF			LDE2E       .byte $FF
 12840 DE2F 05 74		            ora ENDPT
 12841 DE31 F8			            sed
 12842 DE32 03 22		            .byte $03,$22
 12843 DE34 E5 33		            sbc BUFRHI
 12844 DE36 33 23		            .byte $33,$23
 12845 DE38 F8			            sed
 12846 DE39 04			            .byte $04
 12847 DE3A FE 12 74		            inc L7412,X
 12848 DE3D D8			            cld
 12849 DE3E 09 32		            ora #$32
 12850 DE40 7B			            .byte $7B
 12851 DE41 D0 03		            bne LDE46
 12852 DE43 7D 00 00		            adc.w L0000,X
 12853 DE46 7C			LDE46       .byte $7C
 12854 DE47 F8			            sed
 12855 DE48 04 00 00 D3		            .byte $04,$00,$00,$D3
 12856 DE4C A4 A5		            ldy L00A5
 12857 DE4E FF			            .byte $FF
 12858 DE4F 09 A6		            ora #$A6
 12859 DE51 E2			            .byte $E2
 12860 DE52 05 D8		            ora L00D8
 12861 DE54 0D 21 31		            ora L3121
 12862 DE57 DF			            .byte $DF
 12863 DE58 31 20		            and (ICHIDZ),Y
 12864 DE5A D8			            cld
 12865 DE5B 06 A7		            asl L00A7
 12866 DE5D E3 EB		            .byte $E3,$EB
 12867 DE5F 16 E2		            asl L00E2,X
 12868 DE61 FE E7 E4		            inc LE4E7,X
 12869 DE64 E9 E5		            sbc #$E5
 12870 DE66 EA			            nop
 12871 DE67 16 A8		            asl L00A8,X
 12872 DE69 D8			            cld
 12873 DE6A 12			            .byte $12
 12874 DE6B 6D 88 03		            adc IOCB4+ICBLL
 12875 DE6E 33			            .byte $33
 12876 DE6F 26 78		            rol DELTAC+1
 12877 DE71 05 A9		            ora L00A9
 12878 DE73 AA			            tax
 12879 DE74 FF			            .byte $FF
 12880 DE75 09 AB		            ora #$AB
 12881 DE77 40			            rti
 12882 DE78 B0 0F		            bcs LDE89
 12883 DE7A 27 DC 03		            .byte $27,$DC,$03
 12884 DE7D 55 04		            eor RAMLO,X
 12885 DE7F 60			            rts
 12886 DE80 15 88		            ora L0088,X
 12887 DE82 0B			            .byte $0B
 12888 DE83 08			            php
 12889 DE84 08			            php
 12890 DE85 D8			            cld
 12891 DE86 20 1F 10		            jsr L101F
 12892 DE89 0D 38 1E		LDE89       ora L1E36+2
 12893 DE8C 10 0A		            bpl LDE98
 12894 DE8E A7 E3		            .byte $A7,$E3
 12895 DE90 E9 E2		            sbc #$E2
 12896 DE92 EB			            .byte $EB
 12897 DE93 F8			            sed
 12898 DE94 E3			            .byte $E3
 12899 DE95 E9 E8		            sbc #$E8
 12900 DE97 E8			            inx
 12901 DE98 E6 38		LDE98       inc BUFRFL
 12902 DE9A 14			            .byte $14
 12903 DE9B 10 0A		            bpl LDEA7
 12904 DE9D 38			            sec
 12905 DE9E 13 80		            .byte $13,$80
 12906 DEA0 75 10		            adc POKMSK,X
 12907 DEA2 07			            .byte $07
 12908 DEA3 F8			            sed
 12909 DEA4 03			            .byte $03
 12910 DEA5 88			            dey
 12911 DEA6 04			            .byte $04
 12912 DEA7 F8			LDEA7       sed
 12913 DEA8 04			            .byte $04
 12914 DEA9 38			            sec
 12915 DEAA 15 18		            ora DSKFMS,X
 12916 DEAC 03			            .byte $03
 12917 DEAD FE 04 A1		            inc LA104,X
 12918 DEB0 26 10		            rol POKMSK
 12919 DEB2 06 27		            asl ICPTHZ
 12920 DEB4 F8			            sed
 12921 DEB5 04			            .byte $04
 12922 DEB6 FE 12 E6		            inc LE612,X
 12923 DEB9 03			            .byte $03
 12924 DEBA 01 06		            ora (TRAMSZ,X)
 12925 DEBC 24 B2		            bit L00B2
 12926 DEBE 25 10		            and POKMSK
 12927 DEC0 06 25		            asl ICBAHZ
 12928 DEC2 00			            .byte $00
 12929 DEC3 08			            php
 12930 DEC4 08			            php
 12931 DEC5 F0 05		            beq LDECB+1
 12932 DEC7 25 E2		            and L00E2
 12933 DEC9 08			            php
 12934 DECA 28			            plp
 12935 DECB DE 03 E0		LDECB       dec LE002+1,X
 12936 DECE 05 20		            ora ICHIDZ
 12937 DED0 18			            clc
 12938 DED1 04 22		            .byte $04,$22
 12939 DED3 11 03		            ora (CASINI+1),Y
 12940 DED5 28			            plp
 12941 DED6 04			            .byte $04
 12942 DED7 08			            php
 12943 DED8 05 B0		            ora L00B0
 12944 DEDA 27 DC		            .byte $27,$DC
 12945 DEDC 03 22		LDEDC       .byte $03,$22
 12946 DEDE 26 E2		            rol L00E2
 12947 DEE0 08			            php
 12948 DEE1 10 05		            bpl LDEE8
 12949 DEE3 68			            pla
 12950 DEE4 05 10		            ora POKMSK
 12951 DEE6 05 CC		            ora L00CC
 12952 DEE8 7C			LDEE8       .byte $7C
 12953 DEE9 7D 28 04		            adc L0427+1,X
 12954 DEEC 22 03 7C 32 F7	            .byte $22,$03,$7C,$32,$F7
 12955 DEF1 06 E2		            asl L00E2
 12956 DEF3 08			            php
 12957 DEF4 4E 10 05		            lsr L050F+1
 12958 DEF7 7D E8 04		            adc L04E7+1,X
 12959 DEFA 10 05		            bpl LDF01
 12960 DEFC 20 21 25		            jsr L2521
 12961 DEFF F0 06		            beq LDF06+1
 12962 DF01 89			LDF01       .byte $89
 12963 DF02 30 D8		            bmi LDEDC
 12964 DF04 0A			            asl
 12965 DF05 E2			            .byte $E2
 12966 DF06 05 10		LDF06       ora POKMSK
 12967 DF08 05 21		            ora ICDNOZ
 12968 DF0A 88			            dey
 12969 DF0B 03			            .byte $03
 12970 DF0C 10 08		            bpl LDF16
 12971 DF0E 74			            .byte $74
 12972 DF0F 68			            pla
 12973 DF10 F0 08		            beq LDF19+1
 12974 DF12 24 20		            bit ICHIDZ
 12975 DF14 C7 03		            .byte $C7,$03
 12976 DF16 25 E2		LDF16       and L00E2
 12977 DF18 08			            php
 12978 DF19 10 19		LDF19       bpl LDF33+1
 12979 DF1B 08			LDF1B       php
 12980 DF1C 06 00		LDF1C       asl L0000
 12981 DF1E F2			            .byte $F2
 12982 DF1F 09 38		            ora #$38
 12983 DF21 08			            php
 12984 DF22 20 07 F8		            jsr LF807
 12985 DF25 0A			            asl
 12986 DF26 FA			            .byte $FA
 12987 DF27 0E 08 03		            asl DBYTLO
 12988 DF2A 18			            clc
 12989 DF2B 03 03		            .byte $03,$03
 12990 DF2D 04 00		LDF2D       .byte $04,$00
 12991 DF2F 10 06		            bpl LDF36+1
 12992 DF31 0F 03		            .byte $0F,$03
 12993 DF33 F0 07		LDF33       beq LDF3B+1
 12994 DF35 FA			            .byte $FA
 12995 DF36 0E 10 06		LDF36       asl L0610
 12996 DF39 D6 04		            dec RAMLO,X
 12997 DF3B 10 06		LDF3B       bpl LDF42+1
 12998 DF3D 30 06		            bmi LDF45
 12999 DF3F 00			            .byte $00
 13000 DF40 D6 12		            dec RTCLOK,X
 13001 DF42 10 06		LDF42       bpl LDF4A
 13002 DF44 D8			            cld
 13003 DF45 08			LDF45       php
 13004 DF46 30 05		            bmi LDF4C+1
 13005 DF48 D8			            cld
 13006 DF49 18			            clc
 13007 DF4A 10 03		LDF4A       bpl LDF4E+1
 13008 DF4C B0 05		LDF4C       bcs LDF53
 13009 DF4E 10 07		LDF4E       bpl LDF57
 13010 DF50 00			            .byte $00
 13011 DF51 08			            php
 13012 DF52 04			            .byte $04
 13013 DF53 B0 15		LDF53       bcs LDF6A
 13014 DF55 10 17		            bpl LDF6E
 13015 DF57 FA			LDF57       .byte $FA
 13016 DF58 0E 10 03		            asl TIMER2
 13017 DF5B FE 27 00		            inc.w ICPTHZ,X
 13018 DF5E 00 00 00 00 00 00 +             .byte $00,$00,$00,$00,$00,$00,$00,$00,$00,$00,$00,$00
 13019 DF6A 00 00 00 00		LDF6A       .byte $00,$00,$00,$00
 13020 DF6E 00 00		LDF6E       .byte $00,$00
 13021 DF70 50 BB		            bvc LDF2D
 13022 DF72 55 FF		            eor L00FF,X
 13023 DF74 27			            .byte $27
 13024 DF75 D5 F5		            cmp L00F5,X
 13025 DF77 D6 FF		            dec L00FF,X
 13026 DF79 23 D7 F7 DF 7C	            .byte $23,$D7,$F7,$DF,$7C
 13027 DF7E 30 FF		LDF7E       bmi LDF7E+1
 13028 DF80 0D 31 32		            ora L3230+1
 13029 DF83 32 32 34 5B FC 03 +             .byte $32,$32,$34,$5B,$FC,$03,$37
 13030 DF8A E9 0E		            sbc #$0E
 13031 DF8C 30 7C		            bmi LE00A
 13032 DF8E D8			            cld
 13033 DF8F 0F			            .byte $0F
 13034 DF90 B1 B2		            lda (L00B2),Y
 13035 DF92 FE B3 B2		            inc LB2B3,X
 13036 DF95 B4 B3		            ldy L00B3,X
 13037 DF97 B5 B6		            lda L00B6,X
 13038 DF99 B7			            .byte $B7
 13039 DF9A C1 0E		            cmp (APPMHI,X)
 13040 DF9C FB			            .byte $FB
 13041 DF9D B0 7C		            bcs LE01A+1
 13042 DF9F 58			            cli
 13043 DFA0 78			            sei
 13044 DFA1 59 FF 23		            eor L23FF,Y
 13045 DFA4 7A 7B 00		            .byte $7A,$7B,$00
 13046 DFA7 38			            sec
 13047 DFA8 28			            plp
 13048 DFA9 78			            sei
 13049 DFAA 0F			            .byte $0F
 13050 DFAB F1 41		            sbc (SOUNDR),Y
 13051 DFAD 00 FF FF FF FF FF +             .byte $00,$FF,$FF,$FF,$FF,$FF,$FF,$FF,$FF,$FF,$FF,$FF,$FF,$FF,$FF,$FF
 13052 DFBD FF FF FF FF FF FF +             .byte $FF,$FF,$FF,$FF,$FF,$FF,$FF,$FF,$FF,$FF,$FF,$FF,$FF,$FF,$FF,$FF
 13053 DFCD FF FF FF FF FF FF +             .byte $FF,$FF,$FF,$FF,$FF,$FF,$FF,$FF,$FF,$FF,$FF,$FF,$FF,$FF,$FF,$FF
 13054 DFDD FF FF FF FF FF FF +             .byte $FF,$FF,$FF,$FF,$FF,$FF,$FF,$FF,$FF,$FF,$FF,$FF,$FF,$FF,$FF,$FF
 13055 DFED FF FF FF FF FF FF +             .byte $FF,$FF,$FF,$FF,$FF,$FF,$FF,$FF,$FF,$FF,$FF,$FF,$FF,$FF,$FF,$FF
 13056 DFFD FF FF FF		            .byte $FF,$FF,$FF
 13057 E000 0A			LE000       asl
 13058 E001 A8			            tay
 13059 E002 B9 00 EA		LE002       lda LEA00,Y
 13060 E005 85 31		            sta CHKSUM
 13061 E007 B9 01 EA		            lda LEA01,Y
 13062 E00A 85 32		LE00A       sta BUFRLO
 13063 E00C C0 20		            cpy #$20
 13064 E00E B0 0C		            bcs LE01C
 13065 E010 A9 4C		            lda #$4C
 13066 E012 A2 00		            ldx #$00
 13067 E014 A0 00		            ldy #$00
 13068 E016 F0 0D		            beq LE025
 13069 E018 86 31		LE018       stx CHKSUM
 13070 E01A 84 32		LE01A       sty BUFRLO
 13071 E01C A0 00		LE01C       ldy #$00
 13072 E01E B1 31		            lda (CHKSUM),Y
 13073 E020 AA			            tax
 13074 E021 C8			            iny
 13075 E022 B1 31		            lda (CHKSUM),Y
 13076 E024 C8			            iny
 13077 E025 8E 4B E0		LE025       stx LE04A+1
 13078 E028 8D 4C E0		            sta LE04A+2
 13079 E02B A2 00		            ldx #$00
 13080 E02D 38			            sec
 13081 E02E B1 31		LE02E       lda (CHKSUM),Y
 13082 E030 2A			            rol
 13083 E031 85 35		            sta BFENHI
 13084 E033 C8			            iny
 13085 E034 D0 10		            bne LE046
 13086 E036 E6 32		            inc BUFRLO
 13087 E038 D0 0C		            bne LE046
 13088 E03A EE 4C E0		LE03A       inc LE04A+2
 13089 E03D C8			LE03D       iny
 13090 E03E D0 02		            bne LE042
 13091 E040 E6 32		            inc BUFRLO
 13092 E042 06 35		LE042       asl BFENHI
 13093 E044 F0 E8		            beq LE02E
 13094 E046 90 0A		LE046       bcc LE052
 13095 E048 B1 31		            lda (CHKSUM),Y
 13096 E04A 9D 00 04		LE04A       sta L0400,X
 13097 E04D E8			            inx
 13098 E04E D0 ED		            bne LE03D
 13099 E050 F0 E8		            beq LE03A
 13100 E052 8A			LE052       txa
 13101 E053 6D 4B E0		            adc LE04A+1
 13102 E056 8D 4B E0		            sta LE04A+1
 13103 E059 8D 88 E0		            sta LE087+1
 13104 E05C A9 00		            lda #$00
 13105 E05E AA			            tax
 13106 E05F 6D 4C E0		            adc LE04A+2
 13107 E062 8D 4C E0		            sta LE04A+2
 13108 E065 8D 89 E0		            sta LE087+2
 13109 E068 B1 31		            lda (CHKSUM),Y
 13110 E06A F0 28		            beq LE094
 13111 E06C 6D 88 E0		            adc LE087+1
 13112 E06F 8D 85 E0		            sta LE084+1
 13113 E072 AD 89 E0		            lda LE087+2
 13114 E075 69 FF		            adc #$FF
 13115 E077 8D 86 E0		            sta LE084+2
 13116 E07A C8			            iny
 13117 E07B D0 02		            bne LE07F
 13118 E07D E6 32		            inc BUFRLO
 13119 E07F B1 31		LE07F       lda (CHKSUM),Y
 13120 E081 8D 8C E0		            sta LE08B+1
 13121 E084 BD 34 12		LE084       lda L1234,X
 13122 E087 9D 78 56		LE087       sta L5678,X
 13123 E08A E8			            inx
 13124 E08B E0 01		LE08B       cpx #$01
 13125 E08D D0 F5		            bne LE084
 13126 E08F 8A			            txa
 13127 E090 D0 AB		            bne LE03D
 13128 E092 F0 A6		            beq LE03A
 13129 E094 60			LE094       rts
 13130 E095 8E A8 E0		LE095       stx LE0A7+1
 13131 E098 8D A9 E0		            sta LE0A7+2
 13132 E09B A9 80		            lda #$80
 13133 E09D 85 35		            sta BFENHI
 13134 E09F 60			            rts
 13135 E0A0 A9 01		LE0A0       lda #$01
 13136 E0A2 06 35		LE0A2       asl BFENHI
 13137 E0A4 D0 10		            bne LE0B6
 13138 E0A6 48			            pha
 13139 E0A7 AD 34 12		LE0A7       lda L1234
 13140 E0AA EE A8 E0		            inc LE0A7+1
 13141 E0AD D0 03		            bne LE0B2
 13142 E0AF EE A9 E0		            inc LE0A7+2
 13143 E0B2 2A			LE0B2       rol
 13144 E0B3 85 35		            sta BFENHI
 13145 E0B5 68			            pla
 13146 E0B6 2A			LE0B6       rol
 13147 E0B7 90 E9		            bcc LE0A2
 13148 E0B9 60			            rts
 13149 E0BA 78			LE0BA       sei
 13150 E0BB 20 C1 08		            jsr L08C1
 13151 E0BE 20 CB 1E		            jsr L1ECB
 13152 E0C1 A5 90		            lda L0090
 13153 E0C3 8D 21 D0		            sta LD021
 13154 E0C6 8D 20 D0		            sta LD01F+1
 13155 E0C9 85 5D		            sta OLDCHR
 13156 E0CB C6 01		            dec NGFLAG
 13157 E0CD A2 1B		            ldx #$1B
 13158 E0CF A0 DE		            ldy #$DE
 13159 E0D1 20 18 E0		            jsr LE018
 13160 E0D4 E6 01		            inc NGFLAG
 13161 E0D6 A9 50		            lda #$50
 13162 E0D8 8D E4 E0		            sta LE0E2+2
 13163 E0DB A9 D8		            lda #$D8
 13164 E0DD 8D EA E0		            sta LE0E8+2
 13165 E0E0 A0 00		            ldy #$00
 13166 E0E2 BE 00 50		LE0E2       ldx L5000,Y
 13167 E0E5 BD 00 C1		            lda LC100,X
 13168 E0E8 99 00 D8		LE0E8       sta AFP,Y
 13169 E0EB C8			            iny
 13170 E0EC D0 F4		            bne LE0E2
 13171 E0EE EE E4 E0		            inc LE0E2+2
 13172 E0F1 EE EA E0		            inc LE0E8+2
 13173 E0F4 AD E4 E0		            lda LE0E2+2
 13174 E0F7 29 03		            and #$03
 13175 E0F9 D0 E7		            bne LE0E2
 13176 E0FB 20 CB 1E		            jsr L1ECB
 13177 E0FE A9 1B		            lda #$1B
 13178 E100 8D 11 D0		            sta GRAFM
 13179 E103 A9 C8		LE103       lda #$C8
 13180 E105 05 40		            ora FREQ
 13181 E107 8D 16 D0		            sta COLPF0
 13182 E10A A9 4F		            lda #$4F
 13183 E10C 8D 18 D0		            sta COLPF2
 13184 E10F A5 90		            lda L0090
 13185 E111 8D 21 D0		            sta LD021
 13186 E114 8D 20 D0		            sta LD01F+1
 13187 E117 85 5D		            sta OLDCHR
 13188 E119 C6 01		            dec NGFLAG
 13189 E11B 20 00 D0		            jsr M0PF
 13190 E11E E6 01		            inc NGFLAG
 13191 E120 A9 00		            lda #$00
 13192 E122 85 50		            sta TEMPCHR
 13193 E124 A9 11		            lda #$11
 13194 E126 85 A4		            sta L00A4
 13195 E128 20 CB 1E		LE128       jsr L1ECB
 13196 E12B 20 5C 0B		            jsr L0B5C
 13197 E12E 20 BB 42		            jsr L42BB
 13198 E131 A5 27		            lda ICPTHZ
 13199 E133 85 57		            sta DINDEX
 13200 E135 30 04		            bmi LE13B
 13201 E137 E6 50		            inc TEMPCHR
 13202 E139 D0 ED		            bne LE128
 13203 E13B A2 5E		LE13B       ldx #$5E
 13204 E13D A0 1E		            ldy #$1E
 13205 E13F 8E FE FF		            stx LFFFE
 13206 E142 8C FF FF		            sty LFFFF
 13207 E145 A9 F7		            lda #$F7
 13208 E147 8D 12 D0		            sta COLPM0
 13209 E14A 60			LE14A       rts
 13210 E14B F6 0C BB 8B C1 0E + LE14B       .byte $F6,$0C,$BB,$8B,$C1,$0E,$00,$B0,$F7,$7B,$E0,$8C,$CE,$00,$EF,$74
 13211 E15B 0E B6 71 6E 00 78 +             .byte $0E,$B6,$71,$6E,$00,$78,$12,$8F,$29,$51,$9E,$00,$DF,$15,$0D,$65
 13212 E16B 51 0E 00 A7 82 9A +             .byte $51,$0E,$00,$A7,$82,$9A,$72,$41,$9E,$00,$3C,$E6,$0B,$7B,$51,$BE
 13213 E17B 00 F8 1B 0B EB 71 +             .byte $00,$F8,$1B,$0B,$EB,$71,$2E,$00
 13214 E183 A3			LE183       .byte $A3
 13215 E184 A4 B4 A4 A6 B2 B2 + LE184       .byte $A4,$B4,$A4,$A6,$B2,$B2,$B2,$A0,$AA,$B7,$AA,$A0,$AA,$B7,$AA,$AC
 13216 E194 A0 AC A0 AC B4 AC +             .byte $A0,$AC,$A0,$AC,$B4,$AC,$B4
 13217 E19B 00 28 00 90		LE19B       .byte $00,$28,$00,$90
 13218 E19F 00 00 F7 00 AC 00 + LE19F       .byte $00,$00,$F7,$00,$AC,$00,$AC,$00,$00,$F1,$50,$07,$AC,$00,$AC,$FF
 13219 E1AF FF F7 9D 07		            .byte $FF,$F7,$9D,$07
 13220 E1B3 00 00		LE1B3       .byte $00,$00
 13221 E1B5 00 FF 00		LE1B5       .byte $00,$FF,$00
 13222 E1B8 00 57 01 34 00 88 + LE1B8       .byte $00,$57,$01,$34,$00,$88,$00,$00,$FF,$50
 13223 E1C2 0A 03		LE1C2       .byte $0A,$03
 13224 E1C4 05			LE1C4       .byte $05
 13225 E1C5 07 34 28		LE1C5       .byte $07,$34,$28
 13226 E1C8 28 35 A0 B8		LE1C8       .byte $28,$35,$A0,$B8
 13227 E1CC CE E0 A9 AB AD AF + LE1CC       .byte $CE,$E0,$A9,$AB,$AD,$AF,$04,$03,$05,$07
 13228 E1D6 00 00		LE1D6       .byte $00,$00
 13229 E1D8 00 01 02 02 02 01 + LE1D8       .byte $00,$01,$02,$02,$02,$01,$00,$00
 13230 E1E0 F4 00 0C		LE1E0       .byte $F4,$00,$0C
 13231 E1E3 00 FF 7F 55 3F 33 + LE1E3       .byte $00,$FF,$7F,$55,$3F,$33,$2A,$24,$1F,$1C,$19,$17,$15,$13,$12,$11
 13232 E1F3 0F 0F 0E 0D 0C 0C +             .byte $0F,$0F,$0E,$0D,$0C,$0C,$0B,$0B,$0A,$0A,$09,$09,$09,$08,$08,$08
 13233 E203 00 FF FE FF FC FF +             .byte $00,$FF,$FE,$FF,$FC,$FF,$FC,$FC,$F8,$FC,$FA,$FD,$FC,$F7,$FC,$FF
 13234 E213 F0 FF FC F7 F0 FC +             .byte $F0,$FF,$FC,$F7,$F0,$FC,$F2,$FD,$F0,$FA,$EA
 13235 E21E 00 20 40 60		LE21E       .byte $00,$20,$40,$60
 13236 E222 80 A0 C0 E0		LE222       .byte $80,$A0,$C0,$E0
 13237 E226 00 01 01 02 02 02 + LE226       .byte $00,$01,$01,$02,$02,$02,$03,$03,$04,$04,$04,$05,$05,$05,$06,$06
 13238 E236 06 07 07 07 08 08 +             .byte $06,$07,$07,$07,$08,$08,$08,$09
 13239 E23E 01 23 39 47 49 96 + LE23E       .byte $01,$23,$39,$47,$49,$96,$02,$29,$20,$76,$93,$16,$71,$98,$14,$15
 13240 E24E 29 11 42 51 21 34 +             .byte $29,$11,$42,$51,$21,$34,$83,$99
 13241 E256 04 01 02 04 02 01 + LE256       .byte $04,$01,$02,$04,$02,$01,$08,$02,$01,$04,$04,$02,$02,$02,$01,$04
 13242 E266 01 02 02 02 04 08 +             .byte $01,$02,$02,$02,$04,$08,$01,$04
 13243 E26E 00 00 00 00 00 00 + LE26E       .byte $00,$00,$00,$00,$00,$00,$00,$00,$80,$01,$00,$00,$00,$00,$01,$01
 13244 E27E 02 83 83 01 82 01 +             .byte $02,$83,$83,$01,$82,$01,$01,$82
 13245 E286 00 90 8C 8C 8C 90 + LE286       .byte $00,$90,$8C,$8C,$8C,$90,$8C,$88,$90,$88,$82,$0C,$0C,$0C,$4C,$48
 13246 E296 50 4C 4C 4C 48 48 +             .byte $50,$4C,$4C,$4C,$48,$48,$48,$44
 13247 E29E 02 06 07 04 06 01 + LE29E       .byte $02,$06,$07,$04,$06,$01,$08,$01,$04,$05,$08,$01,$09,$05,$03,$06
 13248 E2AE 08 02 09 04 03 09 +             .byte $08,$02,$09,$04,$03,$09,$08,$03
 13249 E2B6 6F 63 87 8A 53 5D + LE2B6       .byte $6F,$63,$87,$8A,$53,$5D,$4F,$C3,$BF,$6E
 13250 E2C0 7F 3F 3F 3F 3F 1F + LE2C0       .byte $7F,$3F,$3F,$3F,$3F,$1F,$1F,$1F,$1F
 13251 E2C9 0F			LE2C9       .byte $0F
 13252 E2CA 00 19 32 4B 64 7D + LE2CA       .byte $00,$19,$32,$4B,$64,$7D,$96,$AF,$C8,$FA
 13253 E2D4 00 0A 14 1E 28 32 + LE2D4       .byte $00,$0A,$14,$1E,$28,$32,$3C,$46,$50,$C8
 13254 E2DE 00 05 0A 19 00 05 + LE2DE       .byte $00,$05,$0A,$19,$00,$05,$0A,$19
 13255 E2E6 3B 1B 12 0E 0F 12 + LE2E6       .byte $3B,$1B,$12,$0E,$0F,$12,$17,$10
 13256 E2EE B0			LE2EE       .byte $B0
 13257 E2EF 40 0A 42 0E 30 18 + LE2EF       .byte $40,$0A,$42,$0E,$30,$18,$17,$25,$B0,$40,$0A,$42,$0E,$30,$18,$1F
 13258 E2FF 0E 1B B0 49 0A 1E +             .byte $0E,$1B,$B0,$49,$0A,$1E,$1C,$0E,$B0,$3C,$11,$0E,$0E,$1C,$0E,$B0
 13259 E30F 3C 18 17 1D 12 17 +             .byte $3C,$18,$17,$1D,$12,$17,$1E,$0E,$B0
 13260 E318 3C 18 15 18 1E 1B + LE318       .byte $3C,$18,$15,$18,$1E,$1B,$B0,$3B,$15,$14,$2E,$50,$11,$1D,$0E,$B0
 13261 E328 4F 18 15 1E 42 0E +             .byte $4F,$18,$15,$1E,$42,$0E,$30
 13262 E32F 00			LE32F       .byte $00
 13263 E330 05 B0 4C 11 12 19 + LE330       .byte $05,$B0,$4C,$11,$12,$19,$30
 13264 E337 01 B0 46 18 0B 12 + LE337       .byte $01,$B0,$46,$18,$0B,$12,$15,$0E,$B0,$50,$0E,$0A,$19,$18,$17,$B0
 13265 E347 4D 1B 0A 17 1C 0F +             .byte $4D,$1B,$0A,$17,$1C,$0F,$0E,$1B,$B0,$3C,$0A,$19,$1D,$1E,$1B,$0E
 13266 E357 0D B0 3C 18 15 18 +             .byte $0D,$B0,$3C,$18,$15,$18,$1E,$1B,$24,$30,$09,$09,$B0,$3F,$12,$17
 13267 E367 12 1C 11 30 2E 09 +             .byte $12,$1C,$11,$30,$2E,$09,$09,$B0,$3D,$0E,$0A,$0D,$15,$18,$0C,$14
 13268 E377 B0 3C 18 42 19 15 +             .byte $B0,$3C,$18,$42,$19,$15,$0E,$1D,$0E,$B0,$4B,$0E,$13,$0E,$0C,$1D
 13269 E387 0E 0D B0 3B 1E 1B +             .byte $0E,$0D,$B0,$3B,$1E,$1B,$17,$1D,$30,$48,$1E,$1D,$B0,$45,$12,$0F
 13270 E397 1D B0 3C 18 17 1C +             .byte $1D,$B0,$3C,$18,$17,$1C,$18,$15,$0E,$B0,$09,$02,$30,$4E,$17,$12
 13271 E3A7 1D 30 1D 22 19 0E +             .byte $1D,$30,$1D,$22,$19,$0E,$30
 13272 E3AE 00			LE3AE       .byte $00
 13273 E3AF 00 00 FF 0C 0C 3A + LE3AF       .byte $00,$00,$FF,$0C,$0C,$3A,$15,$0E,$1B,$1D,$30,$2F,$FF,$10,$0C,$4C
 13274 E3BF 11 12 19 30 30 2F +             .byte $11,$12,$19,$30,$30,$2F,$FF,$15,$0C,$3D,$0E,$0C,$14,$30,$30,$2F
 13275 E3CF FF 0A 0D 4D 1B 0A +             .byte $FF,$0A,$0D,$4D,$1B,$0A,$17,$1C,$42,$12,$1C,$1C,$12,$18,$17,$FF
 13276 E3DF 16 0E 4D 0E 1B 42 +             .byte $16,$0E,$4D,$0E,$1B,$42,$12,$17,$0A,$1D,$0E,$0D,$FF,$0A,$06,$3A
 13277 E3EF 15 15 30 4D 12 42 +             .byte $15,$15,$30,$4D,$12,$42,$0E,$30,$41,$12,$10,$11,$0E,$1C,$1D,$30
 13278 E3FF 4C 0C 18 1B 0E 25 +             .byte $4C,$0C,$18,$1B,$0E,$25,$FF,$0A,$0D,$40,$1B,$0E,$0A,$1D,$30,$4C
 13279 E40F 0C 18 1B 0E 25 FF +             .byte $0C,$18,$1B,$0E,$25,$FF,$16,$01,$49,$15,$0E,$0A,$1C,$0E,$30,$0E
 13280 E41F 17 1D 0E 1B 30 22 +             .byte $17,$1D,$0E,$1B,$30,$22,$18,$1E,$1B,$30,$12,$17,$12,$1D,$12,$0A
 13281 E42F 15 1C 30 2E FF 16	            .byte $15,$1C,$30,$2E,$FF,$16
 13282 E435 1F			LE435       .byte $1F
 13283 E436 30 30 30 30 30 30 + LE436       .byte $30,$30,$30,$30,$30,$30,$FF,$09,$0C,$40,$0A,$42,$0E,$30,$1C,$1D
 13284 E446 0A 1D 12 1C 1D 12 +             .byte $0A,$1D,$12,$1C,$1D,$12,$0C,$1C,$FF,$0C,$09,$4C,$11,$12,$19,$1C
 13285 E456 30 0E 17 1D 0E 1B +             .byte $30,$0E,$17,$1D,$0E,$1B,$0E,$0D,$2F,$30,$FF,$0E,$0B,$4C,$11,$18
 13286 E466 1D 1C 30 0F 12 1B +             .byte $1D,$1C,$30,$0F,$12,$1B,$0E,$0D,$2F,$30,$FF,$10,$0C,$3D,$1B,$18
 13287 E476 12 0D 30 11 12 1D +             .byte $12,$0D,$30,$11,$12,$1D,$1C,$2F,$30,$FF,$12,$0A,$41,$12,$1D,$30
 13288 E486 0A 0C 0C 1E 1B 0A +             .byte $0A,$0C,$0C,$1E,$1B,$0A,$0C,$22,$2F,$30,$FF,$14,$02,$4C,$1E,$0C
 13289 E496 0C 0E 1C 1C 0F 1E +             .byte $0C,$0E,$1C,$1C,$0F,$1E,$15,$30,$1D,$1B,$0A,$17,$1C,$0F,$0E,$1B
 13290 E4A6 1C 2F 30 FF 16 06 +             .byte $1C,$2F,$30,$FF,$16,$06,$3D,$1B,$18,$12,$0D,$1C,$30,$0D,$0E,$1C
 13291 E4B6 1D 1B 18 22 0E 0D +             .byte $1D,$1B,$18,$22,$0E,$0D,$2F,$30,$FF,$13,$09,$3A,$0C,$0C,$1E,$1B
 13292 E4C6 0A 0C 22 30 0B 18 +             .byte $0A,$0C,$22,$30,$0B,$18,$17,$1E,$1C,$2F,$30,$FF,$13,$09,$49,$0A
 13293 E4D6 0C 12 0F 12 1C 1D +             .byte $0C,$12,$0F,$12,$1C,$1D,$30,$0B,$18,$17,$1E,$1C,$2F,$30,$FF,$15
 13294 E4E6 09			            .byte $09
 13295 E4E7 3A 15 0E 1B 1D 30 + LE4E7       .byte $3A,$15,$0E,$1B,$1D,$30,$0B,$18,$17,$1E,$1C,$2F,$30,$FF,$01,$26
 13296 E4F7 00			LE4F7       .byte $00
 13297 E4F8 00 30 42 FF		LE4F8       .byte $00,$30,$42,$FF
 13298 E4FC 00			LE4FC       .byte $00
 13299 E4FD 00			LE4FD       .byte $00
 13300 E4FE 00 30 14 10 FF	LE4FE       .byte $00,$30,$14,$10,$FF
 13301 E503 00			LE503       .byte $00
 13302 E504 00			LE504       .byte $00
 13303 E505 00 FF 2A 33 29 5D + LE505       .byte $00,$FF,$2A,$33,$29,$5D,$5E,$5F,$60,$54,$FE,$62,$2E,$63,$64
 13304 E514 00 2E 65 66 67 68 + LE514       .byte $00,$2E,$65,$66,$67,$68,$FE,$FF,$2A,$33,$29,$5D,$5E,$5F,$60,$54
 13305 E524 FE FF 2A 33 29 5D +             .byte $FE,$FF,$2A,$33,$29,$5D,$5E,$5F,$72,$2E,$54,$FE,$62,$2E,$71,$FE
 13306 E534 FF DD 3F 33 DF DE +             .byte $FF,$DD,$3F,$33,$DF,$DE,$2C,$66,$0A,$50,$FE,$FF
 13307 E540 3A 3B 3C 3D 3E 3F + LE540       .byte $3A,$3B,$3C,$3D,$3E,$3F,$40,$41,$16,$43,$44,$45,$46,$47,$48,$49
 13308 E550 4A 4B 4C 4D 4E 4F +             .byte $4A,$4B,$4C,$4D,$4E,$4F,$50,$51,$52,$53,$30
 13309 E55B 7C 3C FC FE 1C FE + LE55B       .byte $7C,$3C,$FC,$FE,$1C,$FE,$38,$FE,$7C,$7C
 13310 E565 FE 7C FE FC 38 FE + LE565       .byte $FE,$7C,$FE,$FC,$38,$FE,$38,$FE,$FE,$FE
 13311 E56F 00 1C 0E 00 70 E0 + LE56F       .byte $00,$1C,$0E,$00,$70,$E0,$70,$00,$C6,$E6
 13312 E579 C6 1C 7E 3C FE FC + LE579       .byte $C6,$1C,$7E,$3C,$FE,$FC,$70,$1C,$38,$66
 13313 E583 C6 1C FC 7E FE FE + LE583       .byte $C6,$1C,$FC,$7E,$FE,$FE,$CC,$1C,$38,$1C
 13314 E58D C6 1C 00 0E 00 00 + LE58D       .byte $C6,$1C,$00,$0E,$00,$00,$CE,$38,$C6,$1C
 13315 E597 FE 1C FE FE 1C FE + LE597       .byte $FE,$1C,$FE,$FE,$1C,$FE,$FE,$38,$FE,$38
 13316 E5A1 7C 1C FE FC 1C FC + LE5A1       .byte $7C,$1C,$FE,$FC,$1C,$FC,$7C,$70,$7C,$38
 13317 E5AB 02 03 03 03 03 03 + LE5AB       .byte $02,$03,$03,$03,$03,$03,$03,$03
 13318 E5B3 7F 3F 9F CF E7 F3 + LE5B3       .byte $7F,$3F,$9F,$CF,$E7,$F3,$F9,$FC
 13319 E5BB 09 0C 0E 0F 0F 0F + LE5BB       .byte $09,$0C,$0E,$0F,$0F,$0F,$0F,$0F
 13320 E5C3 FF FF 3F 8F E3 F8 + LE5C3       .byte $FF,$FF,$3F,$8F,$E3,$F8,$FE,$FF
 13321 E5CB E0 E0 E0 E0 E0 E0 + LE5CB       .byte $E0,$E0,$E0,$E0,$E0,$E0,$60,$20
 13322 E5D3 23 38 3E 3F 3F 3F + LE5D3       .byte $23,$38,$3E,$3F,$3F,$3F,$3F,$3F
 13323 E5DB FF FF 3F 8F E3 F8 + LE5DB       .byte $FF,$FF,$3F,$8F,$E3,$F8,$FE,$FF
 13324 E5E3 F8 F8 F8 F8 F8 F8 + LE5E3       .byte $F8,$F8,$F8,$F8,$F8,$F8,$38,$88
 13325 E5EB 00 00		LE5EB       .byte $00,$00
 13326 E5ED 02 03		LE5ED       .byte $02,$03
 13327 E5EF 00 00		LE5EF       .byte $00,$00
 13328 E5F1 A0 60		LE5F1       .byte $A0,$60
 13329 E5F3 78 79		LE5F3       .byte $78,$79
 13330 E5F5 00 38 78 62 46 1E + LE5F5       .byte $00,$38,$78,$62,$46,$1E,$1C,$00,$00,$24,$76,$62,$46,$6E,$24,$00
 13331 E605 00 1C 0E 66 66 70 +             .byte $00,$1C,$0E,$66,$66,$70,$38,$00,$00,$3C,$6E,$04,$20
 13332 E612 76 3C 00 00 00 00 + LE612       .byte $76,$3C,$00,$00,$00,$00,$00,$00,$00,$00,$00,$3C,$FF,$00,$DB,$DB
 13333 E622 00 FF		            .byte $00,$FF
 13334 E624 3C BA		LE624       .byte $3C,$BA
 13335 E626 AE AE BA AB EA EA + LE626       .byte $AE,$AE,$BA,$AB,$EA,$EA,$AB,$BA,$AE
 13336 E62F 00			LE62F       .byte $00
 13337 E630 00 00 00 00 00 00 + LE630       .byte $00,$00,$00,$00,$00,$00,$00
 13338 E637 00 00 00 00 00 00 + LE637       .byte $00,$00,$00,$00,$00,$00,$00,$00
 13339 E63F 00 00 00 00 00	LE63F       .byte $00,$00,$00,$00,$00
 13340 E644 00 00 00 00 00 00 + LE644       .byte $00,$00,$00,$00,$00,$00,$00
 13341 E64B 00 00 00 00 00 00 + LE64B       .byte $00,$00,$00,$00,$00,$00,$00,$00,$00,$00,$00
 13342 E656 00			LE656       .byte $00
 13343 E657 00 00 00 00 00 00 + LE657       .byte $00,$00,$00,$00,$00,$00,$00,$00
 13344 E65F 17 17 17 17 16 16 + LE65F       .byte $17,$17,$17,$17,$16,$16,$15,$15,$14,$13,$12,$11,$10,$0F,$0D,$0B
 13345 E66F 07 03 00 00 00	            .byte $07,$03,$00,$00,$00
 13346 E674 13 13 13 13 12 12 + LE674       .byte $13,$13,$13,$13,$12,$12,$11,$11,$10,$0F,$0E,$0D,$0C,$0A,$08,$04
 13347 E684 00 00 00 00 00	            .byte $00,$00,$00,$00,$00
 13348 E689 03 05 01 04 01 08 + LE689       .byte $03,$05,$01,$04,$01,$08,$01,$00,$00,$03,$00,$00,$00,$01
 13349 E697 0D 0A 12 0C 12 02 + LE697       .byte $0D,$0A,$12,$0C,$12,$02,$13,$14,$14,$0E,$14,$14,$14,$11
 13350 E6A5 04 05 02 06 02 00 + LE6A5       .byte $04,$05,$02,$06,$02,$00,$01,$09,$01,$00,$00,$03,$00,$00
 13351 E6B3 CF EB 01 27 41 67 + LE6B3       .byte $CF,$EB,$01,$27,$41,$67,$6D,$95,$BF,$E9,$07,$31,$5B,$85
 13352 E6C1 E6 E6 E7 E7 E7 E7 + LE6C1       .byte $E6,$E6,$E7,$E7,$E7,$E7,$E7,$E7,$E7,$E7,$E8,$E8,$E8,$E8,$09,$04
 13353 E6D1 07 08 06 0A 05 0C +             .byte $07,$08,$06,$0A,$05,$0C,$05,$0C,$04,$0E,$04,$0E,$04,$0E,$04,$0E
 13354 E6E1 05 0C 05 0C 06 0A +             .byte $05,$0C,$05,$0C,$06,$0A,$07,$08,$09,$04,$06,$0A,$05,$0C,$05,$0C
 13355 E6F1 05 0C 05 0C 05 0C +             .byte $05,$0C,$05,$0C,$05,$0C,$05,$0C,$05,$0C,$05,$0C,$05,$0C,$06,$0A
 13356 E701 09 01 08 03 07 06 +             .byte $09,$01,$08,$03,$07,$06,$06,$08,$04,$0A,$03,$0B,$02,$0D,$02,$0F
 13357 E711 02 10 03 10 03 10 +             .byte $02,$10,$03,$10,$03,$10,$04,$10,$06,$0E,$07,$0E,$08,$0C,$08,$0B
 13358 E721 09 08 0A 06 0D 02 +             .byte $09,$08,$0A,$06,$0D,$02,$07,$09,$06,$0B,$06,$0B,$06,$0B,$06,$0B
 13359 E731 07 09 07 09 06 0B +             .byte $07,$09,$07,$09,$06,$0B,$06,$0B,$06,$0B,$06,$0A
 13360 E73D 07 09 07 09 0D 01 + LE73D       .byte $07,$09,$07,$09,$0D,$01,$0C,$03,$0A,$06,$09,$09,$08,$0B,$08,$0C
 13361 E74D 07 0E 06 0F 04 11 +             .byte $07,$0E,$06,$0F,$04,$11,$03,$11,$03,$11,$03,$10,$02,$0F,$02,$0E
 13362 E75D 03 0C 04 0B 06 08 +             .byte $03,$0C,$04,$0B,$06,$08,$07,$06,$08,$02,$03,$12,$00,$17,$02,$12
 13363 E76D 02 00 03 01 03 04 +             .byte $02,$00,$03,$01,$03,$04,$04,$04,$05,$03,$06,$04,$06,$05,$07,$06
 13364 E77D 08 06 0A 04 0A 05 +             .byte $08,$06,$0A,$04,$0A,$05,$0B,$05,$0B,$06,$0C,$06,$0D,$05,$0F,$04
 13365 E78D 11 03 13 01 14 01 +             .byte $11,$03,$13,$01,$14,$01,$15,$01,$0B,$01,$0B,$01,$0B,$01,$0A,$03
 13366 E79D 0A 03 0A 03 0A 03 +             .byte $0A,$03,$0A,$03,$0A,$03,$0A,$04,$09,$05,$09,$05,$09,$05,$0A,$04
 13367 E7AD 0A 03 0A 03 0A 04 +             .byte $0A,$03,$0A,$03,$0A,$04,$0B,$03,$0C,$02,$0C,$01,$0B,$02,$0B,$01
 13368 E7BD 0B 01 15 01 13 02 +             .byte $0B,$01,$15,$01,$13,$02,$11,$04,$10,$04,$0F,$04,$0F,$04,$0E,$04
 13369 E7CD 0D 04 0B 04 0A 05 +             .byte $0D,$04,$0B,$04,$0A,$05,$09,$05,$09,$05,$08,$04,$07,$03,$05,$04
 13370 E7DD 04 05 04 04 03 04 +             .byte $04,$05,$04,$04,$03,$04,$03,$03,$02,$02,$02,$00,$08,$08,$02,$12
 13371 E7ED 00 17 00 17 00 17 +             .byte $00,$17,$00,$17,$00,$17,$00,$17,$00,$17,$00,$17,$00,$17,$00,$17
 13372 E7FD 00 17 00 17 00 17 +             .byte $00,$17,$00,$17,$00,$17,$02,$12,$08,$06,$07,$01,$06,$03,$04,$07
 13373 E80D 03 0A 01 0D 00 0F +             .byte $03,$0A,$01,$0D,$00,$0F,$01,$0E,$02,$0F,$02,$10,$03,$10,$03,$11
 13374 E81D 04 10 05 10 07 0E +             .byte $04,$10,$05,$10,$07,$0E,$07,$0F,$08,$0F,$09,$0D,$0A,$0A,$0C,$07
 13375 E82D 0E 03 0F 01 05 0C +             .byte $0E,$03,$0F,$01,$05,$0C,$05,$0C,$05,$0C,$04,$0D,$04,$0E,$03,$0F
 13376 E83D 04 0E 04 0E 05 0E +             .byte $04,$0E,$04,$0E,$05,$0E,$05,$0E,$05,$0E,$04,$0F,$04,$0F,$04,$0E
 13377 E84D 03 0F 03 0F 04 0E +             .byte $03,$0F,$03,$0F,$04,$0E,$04,$0D,$05,$0C,$05,$0C,$06,$0B,$0F,$01
 13378 E85D 0E 03 0C 07 0A 0A +             .byte $0E,$03,$0C,$07,$0A,$0A,$09,$0D,$09,$0E,$08,$0E,$06,$0F,$05,$10
 13379 E86D 04 10 03 11 03 11 +             .byte $04,$10,$03,$11,$03,$11,$02,$10,$02,$0F,$01,$0F,$00,$0F,$00,$0E
 13380 E87D 01 0C 03 08 05 04 +             .byte $01,$0C,$03,$08,$05,$04,$07,$01,$0A,$02,$06,$0A,$04,$0E,$03,$10
 13381 E88D 02 12 01 14 01 14 +             .byte $02,$12,$01,$14,$01,$14,$00,$16,$00,$16,$00,$16,$00,$16,$01,$14
 13382 E89D 01 14 02 12 03 10 +             .byte $01,$14,$02,$12,$03,$10,$04,$0E,$06,$0A,$0A,$02
 13383 E8A9 07 0F 07 0F 06 0E + LE8A9       .byte $07,$0F,$07,$0F,$06,$0E,$06,$0E,$05,$0D,$05,$0D,$04,$0C,$04,$0C
 13384 E8B9 03 0B 03 0B		            .byte $03,$0B,$03,$0B
 13385 E8BD 00 00 01 02 00 00 + LE8BD       .byte $00,$00,$01,$02,$00,$00,$01,$02
 13386 E8C5 00 00 00 00 00 00 + LE8C5       .byte $00,$00,$00,$00,$00,$00,$00,$00,$00,$00,$00,$00,$00,$00,$00
 13387 E8D4 00 00 00 00 00 00 + LE8D4       .byte $00,$00,$00,$00,$00,$00,$00,$00,$00,$00,$00,$00,$00,$00,$00
 13388 E8E3 0A 03 05 07 0A 03 + LE8E3       .byte $0A,$03,$05,$07,$0A,$03,$05,$07,$0A,$03,$05,$07,$0A,$03,$05
 13389 E8F2 00			LE8F2       .byte $00
 13390 E8F3 00 C8 2E 19 30 C3 + LE8F3       .byte $00,$C8,$2E,$19,$30,$C3,$30,$A7,$41
 13391 E8FC D5			LE8FC       .byte $D5
 13392 E8FD 2E FA 2E 1C 2F 37 + LE8FD       .byte $2E,$FA,$2E,$1C,$2F,$37,$2F,$47,$2F
 13393 E906 00 14 3C 00 68 51 + LE906       .byte $00,$14,$3C,$00,$68,$51,$B2,$00,$FF,$12,$F0,$F0,$EB,$13,$D8,$03
 13394 E916 FD D4 0E F7 F2 FA +             .byte $FD,$D4,$0E,$F7,$F2,$FA,$FA,$F3,$DF,$15,$FE,$F4,$F6,$6E,$D8,$0D
 13395 E926 FB FB D8 0D F7 F5 +             .byte $FB,$FB,$D8,$0D,$F7,$F5,$FE,$8B,$04,$9F,$F6,$D8,$03,$FF,$0D,$F8
 13396 E936 FA FA F9 F5 73 FF +             .byte $FA,$FA,$F9,$F5,$73,$FF,$0D,$FE,$00,$F7,$D8,$00,$10,$BA,$00,$00
 13397 E946 98 FF FB 04 FC 0B +             .byte $98,$FF,$FB,$04,$FC,$0B,$F1,$F1,$EF,$0F,$DF,$04,$00,$FF,$FF,$FF
 13398 E956 FF FF FF FF FF FF +             .byte $FF,$FF,$FF,$FF,$FF,$FF,$FF,$FF,$FF,$FF,$FF,$FF,$FF,$FF,$FF,$FF
 13399 E966 FF FF FF FF FF FF +             .byte $FF,$FF,$FF,$FF,$FF,$FF,$FF,$FF,$FF,$FF,$FF,$FF,$FF,$FF,$FF,$FF
 13400 E976 FF FF FF FF FF FF +             .byte $FF,$FF,$FF,$FF,$FF,$FF,$FF,$FF,$FF,$FF,$FF,$FF,$FF,$FF,$FF,$FF
 13401 E986 FF FF FF FF FF FF +             .byte $FF,$FF,$FF,$FF,$FF,$FF,$FF,$FF,$FF,$FF,$FF,$FF,$FF,$FF,$FF,$FF
 13402 E996 FF FF FF FF FF FF +             .byte $FF,$FF,$FF,$FF,$FF,$FF,$FF,$FF,$FF,$FF,$FF,$FF,$FF,$FF,$FF,$FF
 13403 E9A6 FF FF FF FF FF FF +             .byte $FF,$FF,$FF,$FF,$FF,$FF,$FF,$FF,$FF,$FF,$FF,$FF,$FF,$FF,$FF,$FF
 13404 E9B6 FF FF FF FF FF FF +             .byte $FF,$FF,$FF,$FF,$FF,$FF,$FF,$FF,$FF,$FF,$FF,$FF,$FF,$FF,$FF,$FF
 13405 E9C6 FF FF FF FF FF FF +             .byte $FF,$FF,$FF,$FF,$FF,$FF,$FF,$FF,$FF,$FF,$FF,$FF,$FF,$FF,$FF,$FF
 13406 E9D6 FF FF FF FF FF FF +             .byte $FF,$FF,$FF,$FF,$FF,$FF,$FF,$FF,$FF,$FF,$FF,$FF,$FF,$FF,$FF,$FF
 13407 E9E6 FF FF FF FF FF FF +             .byte $FF,$FF,$FF,$FF,$FF,$FF,$FF,$FF,$FF,$FF,$FF,$FF,$FF,$FF,$FF,$FF
 13408 E9F6 FF FF FF FF FF FF +             .byte $FF,$FF,$FF,$FF,$FF,$FF,$FF,$FF,$FF,$FF
 13409 EA00 5C			LEA00       .byte $5C
 13410 EA01 EB A3 EB 39 EC 70 + LEA01       .byte $EB,$A3,$EB,$39,$EC,$70,$EC,$39,$ED,$FE,$ED,$DA,$EE,$C7,$EF,$78
 13411 EA11 F0 12 F1 7A F1 46 +             .byte $F0,$12,$F1,$7A,$F1,$46,$F2,$08,$F3,$C2,$F3,$21,$F4,$F9,$F4,$F3
 13412 EA21 F5 26 F6		            .byte $F5,$26,$F6
 13413 EA24 CE			LEA24       .byte $CE
 13414 EA25 F6 E1 F6 05 F7 13 + LEA25       .byte $F6,$E1,$F6,$05,$F7,$13,$F7,$40,$F7,$6C,$F7,$9D,$F7,$D9,$F7,$FE
 13415 EA35 F7 24 F8 39 F8 6B +             .byte $F7,$24,$F8,$39,$F8,$6B,$F8,$98,$F8,$C0,$F8,$D5,$F8,$00,$F9
 13416 EA44 0A 0D 00 02 03 01 + LEA44       .byte $0A,$0D,$00,$02,$03,$01,$05,$07,$11,$07,$11,$13,$0F,$0D,$07,$08
 13417 EA54 13 12 11 14 12 13 + LEA54       .byte $13,$12,$11,$14,$12,$13,$14,$0A,$0C,$05,$13,$07,$09,$10,$0E,$11
 13418 EA64 08 07 09 07 08 09 + LEA64       .byte $08,$07,$09,$07,$08,$09,$08,$08,$09,$06,$0C,$0B,$06,$07,$08,$07
 13419 EA74 0C 0E 0B 0D 0C 0B + LEA74       .byte $0C,$0E,$0B,$0D,$0C,$0B,$0C,$0D,$0C,$12
 13420 EA7E 08 0A 11 0E 0D 0E	LEA7E       .byte $08,$0A,$11,$0E,$0D,$0E
 13421 EA84 00 0F 0D 0F 1B 1B + LEA84       .byte $00,$0F,$0D,$0F,$1B,$1B,$07,$07,$0B,$20,$1A,$10,$0C,$08,$25,$1F
 13422 EA94 17 13 0F 0E 0E 15 +             .byte $17,$13,$0F,$0E,$0E,$15,$0F,$2D,$2D,$0D,$23,$08,$26,$26,$1A,$00
 13423 EAA4 00 24 25 27 27 27 + LEAA4       .byte $00,$24,$25,$27,$27,$27,$24,$24,$24,$29,$24,$27,$27,$27,$2A,$27
 13424 EAB4 25 25 25 25 25 25 +             .byte $25,$25,$25,$25,$25,$25,$24,$22,$22,$24,$27,$2D,$2E,$2E,$2D,$00
 13425 EAC4 00 00 02 03 0E 0F + LEAC4       .byte $00,$00,$02,$03,$0E,$0F,$0A,$0B,$0C,$20,$01,$04,$05,$06,$21,$04
 13426 EAD4 04 05 06 07 08 09 +             .byte $04,$05,$06,$07,$08,$09,$09,$2E,$2F,$01,$03,$06,$0A,$0B,$0D
 13427 EAE3 00			LEAE3       .byte $00
 13428 EAE4 FF			LEAE4       .byte $FF
 13429 EAE5 00 00 00 00 00 01 + LEAE5       .byte $00,$00,$00,$00,$00,$01,$01,$01,$02,$02,$02,$02,$02,$03,$03,$04
 13430 EAF5 04 04 04 04 04 05 +             .byte $04,$04,$04,$04,$04,$05,$05,$05,$06,$06,$07,$07,$07,$07,$FF
 13431 EB04 00 01 01 02 02 03 + LEB04       .byte $00,$01,$01,$02,$02,$03,$04,$05,$06,$07,$03,$06,$09,$09,$08,$09
 13432 EB14 05 0F 05 03 10 12 + LEB14       .byte $05,$0F,$05,$03,$10,$12,$14,$16,$16,$16,$09,$09,$09,$12,$00,$00
 13433 EB24 01 01 01 01 01 01 + LEB24       .byte $01,$01,$01,$01,$01,$01,$01,$01,$01,$01,$03,$03,$03,$02,$01,$01
 13434 EB34 11 0F 08 0D 12 12 + LEB34       .byte $11,$0F,$08,$0D,$12,$12,$12,$0E,$0C,$08,$0D
 13435 EB3F 0D 0D 04 1A 18	LEB3F       .byte $0D,$0D,$04,$1A,$18
 13436 EB44 05 09 14 1C 1A 17 + LEB44       .byte $05,$09,$14,$1C,$1A,$17,$0F,$15
 13437 EB4C 00 03 00 01 02 07 + LEB4C       .byte $00,$03,$00,$01,$02,$07,$01,$04
 13438 EB54 0A 09 05 02 06 03 + LEB54       .byte $0A,$09,$05,$02,$06,$03,$02,$07,$B5,$00,$FF,$CD,$07,$04,$FF,$03
 13439 EB64 06 2C 3A 05 FA 03 +             .byte $06,$2C,$3A,$05,$FA,$03,$15,$15,$15,$05,$01,$3A,$08,$80,$04,$95
 13440 EB74 09 01 79 07 0B 07 +             .byte $09,$01,$79,$07,$0B,$07,$76,$04,$06,$36,$3A,$05,$F3,$16,$15,$15
 13441 EB84 15 31 04 BC 37 05 +             .byte $15,$31,$04,$BC,$37,$05,$12,$31,$C0,$03,$BD,$03,$03,$05,$80,$37
 13442 EB94 C1 04 3B 04 09 00 +             .byte $C1,$04,$3B,$04,$09,$00,$3C,$36,$45,$04,$C4,$38,$CA,$EC,$00,$B5
 13443 EBA4 00 FF 03 07 04 FF +             .byte $00,$FF,$03,$07,$04,$FF,$06,$0C,$F8,$0A,$06,$35,$E8,$04,$FC,$28
 13444 EBB4 05 15 FF 06 01 F8 +             .byte $05,$15,$FF,$06,$01,$F8,$09,$13,$AD,$05,$C0,$2C,$08,$80,$07,$0B
 13445 EBC4 15 76 05 02 F0 0B +             .byte $15,$76,$05,$02,$F0,$0B,$15,$15,$0D,$6D,$07,$78,$2F,$76,$06,$B0
 13446 EBD4 03 26 BD 03 6B 03 +             .byte $03,$26,$BD,$03,$6B,$03,$10,$B8,$05,$34,$29,$05,$03,$36,$08,$4E
 13447 EBE4 35 04 03 2D 07 34 +             .byte $35,$04,$03,$2D,$07,$34,$2A,$0D,$04,$09,$01,$03,$94,$18,$7C,$04
 13448 EBF4 77 06 11 38 05 09 +             .byte $77,$06,$11,$38,$05,$09,$3C,$20,$0A,$05,$74,$06,$03,$0B,$16,$12
 13449 EC04 80 07 13 48 04 EA +             .byte $80,$07,$13,$48,$04,$EA,$04,$0C,$C4,$21,$08,$06,$4B,$09,$8A,$06
 13450 EC14 11 16 4C 29 01 04 +             .byte $11,$16,$4C,$29,$01,$04,$A1,$08,$80,$07,$0A,$78,$07,$88,$28,$9C
 13451 EC24 28 20 05 06 60 AE +             .byte $28,$20,$05,$06,$60,$AE,$3A,$05,$03,$1F,$03,$2E,$2D,$20,$13,$2E
 13452 EC34 4D B4 CA 00 00 B5 +             .byte $4D,$B4,$CA,$00,$00,$B5,$00,$FF,$CB,$07,$04,$FF,$13,$06,$1E,$2A
 13453 EC44 05 AB 15 FF 06 1E +             .byte $05,$AB,$15,$FF,$06,$1E,$FE,$03,$10,$F4,$05,$14,$15,$D0,$14,$05
 13454 EC54 C0 2B 03 BF 07 F9 +             .byte $C0,$2B,$03,$BF,$07,$F9,$0C,$C0,$2C,$80,$0B,$AC,$16,$80,$33,$08
 13455 EC64 01 13 04 09 40 2A +             .byte $01,$13,$04,$09,$40,$2A,$D6,$00,$00,$01,$F4,$00,$B4,$00,$FF,$05
 13456 EC74 07 04 FF 0A 0C F4 +             .byte $07,$04,$FF,$0A,$0C,$F4,$0B,$F3,$09,$9F,$06,$D8,$06,$FA,$18,$05
 13457 EC84 1C 1D 1D 1D A5 15 +             .byte $1C,$1D,$1D,$1D,$A5,$15,$FF,$06,$01,$F8,$07,$F3,$0D,$05,$C0,$1F
 13458 EC94 15 D6 15 1C C9 08 +             .byte $15,$D6,$15,$1C,$C9,$08,$0D,$74,$0A,$06,$15,$E7,$03,$12,$C0,$27
 13459 ECA4 8A 09 B4 03 10 F5 +             .byte $8A,$09,$B4,$03,$10,$F5,$09,$C0,$28,$14,$C0,$0D,$2A,$B5,$0A,$80
 13460 ECB4 27 08 4C 03 0C 48 +             .byte $27,$08,$4C,$03,$0C,$48,$03,$02,$44,$03,$82,$0B,$C0,$33,$3C,$0C
 13461 ECC4 80 0D A7 04 A8 04 +             .byte $80,$0D,$A7,$04,$A8,$04,$0B,$C0,$27,$F6,$03,$15,$15,$01,$03,$06
 13462 ECD4 16 0F F5 08 2E EC +             .byte $16,$0F,$F5,$08,$2E,$EC,$03,$80,$37,$0D,$30,$04,$06,$15,$07,$2B
 13463 ECE4 03 36 40 1E DE 03 +             .byte $03,$36,$40,$1E,$DE,$03,$04,$0A,$55,$06,$04,$0B,$40,$0C,$1B,$30
 13464 ECF4 05 26 03 80 1F 05 +             .byte $05,$26,$03,$80,$1F,$05,$14,$03,$05,$1C,$1D,$92,$1C,$80,$0D,$2D
 13465 ED04 05 01 C0 24 44	            .byte $05,$01,$C0,$24,$44
 13466 ED09 07 1C C0 0D 90 11 + LED09       .byte $07,$1C,$C0,$0D,$90,$11,$80,$2A
 13467 ED11 04 06 1D 0B 05 38 + LED11       .byte $04,$06,$1D,$0B,$05,$38,$07,$35,$08,$C0,$2B,$52,$06,$05,$01,$F5
 13468 ED21 0F 05 EE 04 40 1F +             .byte $0F,$05,$EE,$04,$40,$1F,$08,$8C,$0A,$D4,$04,$0A,$F5
 13469 ED2E 0F 0A EE 04 09 40 + LED2E       .byte $0F,$0A,$EE,$04,$09,$40,$1E,$E2,$3A,$00,$00,$B4,$00,$FF,$03,$07
 13470 ED3E 04 FF		            .byte $04,$FF
 13471 ED40 0D 06 EC 04 FC 2C + LED40       .byte $0D,$06,$EC,$04,$FC,$2C,$D4,$05,$15,$FF,$0D,$05,$C0,$34,$0F,$BC
 13472 ED50 04 FB 05 F8 15 0D +             .byte $04,$FB,$05,$F8,$15,$0D,$04,$04,$0C,$FE,$03,$74,$2A,$80,$10,$E4
 13473 ED60 15 15 01 FE 03 6B +             .byte $15,$15,$01,$FE,$03,$6B,$04,$10,$74,$25,$40,$04,$9C,$07,$06,$05
 13474 ED70 C0 08 0D 04 0B 34 +             .byte $C0,$08,$0D,$04,$0B,$34,$2B,$40,$04,$F9,$05,$1C,$1D,$15,$1D,$77
 13475 ED80 06 85 03 05 82 03 +             .byte $06,$85,$03,$05,$82,$03,$6C,$07,$34,$03,$3A,$22,$C0,$05,$06,$05
 13476 ED90 02 0A 04 FC 0A 04 +             .byte $02,$0A,$04,$FC,$0A,$04,$04,$09,$15,$08,$01,$05,$F7,$03,$3A,$BA
 13477 EDA0 08 BC 1B 05 15 16 +             .byte $08,$BC,$1B,$05,$15,$16,$0B,$04,$18,$0B,$04,$84,$03,$48,$06,$FA
 13478 EDB0 08 F1 06 6E 03 14 +             .byte $08,$F1,$06,$6E,$03,$14,$36,$1B,$80
 13479 EDB9 0F 89 0C 85 06 46 + LEDB9       .byte $0F,$89,$0C,$85,$06,$46,$06,$3A,$09,$09,$40,$23,$0B,$06,$05,$80
 13480 EDC9 1E 7C 0A 46 04 C4 +             .byte $1E,$7C,$0A,$46,$04,$C4,$1D,$80,$08,$10,$05,$12,$06,$3A,$03,$0A
 13481 EDD9 3B 09 4A 1B		            .byte $3B,$09,$4A,$1B
 13482 EDDD 40 0E CC 0C 11 C0 + LEDDD       .byte $40,$0E,$CC,$0C,$11,$C0,$33,$0F,$17,$04,$00,$FB,$05,$4C,$07,$FB
 13483 EDED 06 46 1F 80 16 4C +             .byte $06,$46,$1F,$80,$16,$4C,$24,$28,$0C,$04,$05,$00,$8C,$2F,$DC,$48
 13484 EDFD 00 B7 00 FF 03 07	            .byte $00,$B7,$00,$FF,$03,$07
 13485 EE03 04 FF 05 0C 04 06 + LEE03       .byte $04,$FF,$05,$0C,$04,$06,$37,$F2,$04,$FC,$32,$05,$15,$FF,$05,$01
 13486 EE13 15 0D 1F B7 03 BC + LEE13       .byte $15,$0D,$1F,$B7,$03,$BC,$33,$C0,$07,$05,$15,$05,$1C,$1C,$C3,$1C
 13487 EE23 08 78 03 70 04 74 +             .byte $08,$78,$03,$70,$04,$74,$2B,$80,$06,$13,$05,$26,$7E,$03,$F8,$05
 13488 EE33 12 B2 05 40 2F 11 +             .byte $12,$B2,$05,$40,$2F,$11,$16,$80,$03,$77,$37,$04,$07,$0A,$06,$C0
 13489 EE43 33 07 04 04 ED 09 +             .byte $33,$07,$04,$04,$ED,$09,$15,$08,$46,$04,$09,$03,$F9,$03,$02,$C0
 13490 EE53 04 0E 3A 05 38 25 +             .byte $04,$0E,$3A,$05,$38,$25,$40,$04,$45,$05,$FC,$0C,$EF,$08,$9F,$0D
 13491 EE63 B8 22 DD 03 0C 0A +             .byte $B8,$22,$DD,$03,$0C,$0A,$02,$04,$06,$B5,$03,$7B,$03,$04,$0C,$88
 13492 EE73 07 0B 2B 03 0F 47 +             .byte $07,$0B,$2B,$03,$0F,$47,$A7,$0A,$13,$30,$1B,$09,$03,$06,$04,$05
 13493 EE83 15 05		            .byte $15,$05
 13494 EE85 FF 1C 1C 1C 05 1C + LEE85       .byte $FF,$1C,$1C,$1C,$05,$1C,$1D,$1D,$15,$CB,$15,$1C,$EE,$05,$80,$0C
 13495 EE95 09 C0		            .byte $09,$C0
 13496 EE97 1E 14 15 88 14 C0 + LEE97       .byte $1E,$14,$15,$88,$14,$C0,$03,$C7,$03,$C8,$06,$1D,$C8,$24,$80,$0A
 13497 EEA7 CA 05 85 05 0C 05 +             .byte $CA,$05,$85,$05,$0C,$05,$08,$08,$50,$1B,$40,$13,$08,$06,$03,$0A
 13498 EEB7 91 02 0C 04 36 04 +             .byte $91,$02,$0C,$04,$36,$04,$1C,$3E,$03,$C0,$2E,$8C,$07,$1D,$C0,$1D
 13499 EEC7 1D 48 2B C0 11 0C +             .byte $1D,$48,$2B,$C0,$11,$0C,$04,$C8,$2B,$1E,$08,$43,$04,$00,$8C,$30
 13500 EED7 D6 48 00 B4 00 FF +             .byte $D6,$48,$00,$B4,$00,$FF,$03,$07,$04,$FF,$03,$06,$F6,$04,$FC,$36
 13501 EEE7 FD 05 16 10 15 15 +             .byte $FD,$05,$16,$10,$15,$15,$0D,$BC,$3A,$05,$FF,$12,$15,$15,$15,$05
 13502 EEF7 10 10 10 E2 08 04 +             .byte $10,$10,$10,$E2,$08,$04,$0C,$75,$04,$FC,$05,$70,$2B
 13503 EF04 05			LEF04       .byte $05
 13504 EF05 C1 03 C5 15 01 FB + LEF05       .byte $C1,$03,$C5,$15,$01,$FB,$04,$FA,$07,$F0,$04,$05,$C0,$2E,$07,$FF
 13505 EF15 0A 04 02 04 06 15 +             .byte $0A,$04,$02,$04,$06,$15,$08,$06,$E0,$15,$15,$0F,$FD,$05,$30,$04
 13506 EF25 78 27 80 04 7C 05 +             .byte $78,$27,$80,$04,$7C,$05,$E0,$05,$15,$03,$74,$05,$76,$0C,$B8,$04
 13507 EF35 34 1F 40 03 CD 07 +             .byte $34,$1F,$40,$03,$CD,$07,$09,$C0,$06,$79,$03,$04,$0C,$01,$03,$0C
 13508 EF45 E1 04 0E 02 82 05 +             .byte $E1,$04,$0E,$02,$82,$05,$28,$05,$BC,$1F,$40,$03,$05,$95,$03,$80
 13509 EF55 06 75 05 10 82 03 +             .byte $06,$75,$05,$10,$82,$03,$14,$6F,$05,$16,$EC,$08,$04,$0B,$74,$06
 13510 EF65 16 05 40 1C 89 04 +             .byte $16,$05,$40,$1C,$89,$04,$C8,$04,$02,$D4,$03,$35,$08,$0D,$C8,$05
 13511 EF75 38 08 3C 04 8A 09 +             .byte $38,$08,$3C,$04,$8A,$09,$40,$1C,$0A,$07,$80,$03,$12,$C0,$06,$05
 13512 EF85 48 05 45 01 03 14 +             .byte $48,$05,$45,$01,$03,$14,$C4,$1F,$C0,$0F,$16,$03,$02,$74,$03,$02
 13513 EF95 80 09 0C 05 FD 04 +             .byte $80,$09,$0C,$05,$FD,$04,$C4,$1F,$80,$0F,$8A,$07,$3A,$04,$C8,$22
 13514 EFA5 7F 40 0A 08 04 04 +             .byte $7F,$40,$0A,$08,$04,$04,$06,$11,$16,$11,$C7,$0D,$04,$84,$03,$88
 13515 EFB5 2A 40 0A 15 15 03 +             .byte $2A,$40,$0A,$15,$15,$03,$00,$18,$23,$36,$18,$82,$03,$C4,$39,$CA
 13516 EFC5 40 00 B5 00 FF 46 +             .byte $40,$00,$B5,$00,$FF,$46,$07,$04,$FF,$05,$06,$B1,$38,$05,$B1,$15
 13517 EFD5 FF 04 13 0D B9 06 +             .byte $FF,$04,$13,$0D,$B9,$06,$B6,$32,$C0,$06,$16,$DE,$05,$14,$B8,$05
 13518 EFE5 1D 1C 14 05 27 2E +             .byte $1D,$1C,$14,$05,$27,$2E,$78,$87,$04,$0C,$02,$04,$09,$79,$05,$74
 13519 EFF5 04 76 06 3C 30 29 +             .byte $04,$76,$06,$3C,$30,$29,$40,$04,$01,$15,$15,$03,$C0,$09,$2F,$05
 13520 F005 9A 16 30 04 36 25 +             .byte $9A,$16,$30,$04,$36,$25,$05,$12,$CD,$04,$07,$02,$09,$0C,$C0,$06
 13521 F015 BA 05 BC 25 80 04 +             .byte $BA,$05,$BC,$25,$80,$04,$05,$15,$01,$07,$82,$04,$1A,$73,$03,$6D
 13522 F025 06 69 04 13 05 C0 +             .byte $06,$69,$04,$13,$05,$C0,$27,$18,$01,$06,$93,$13,$B5,$03,$80,$0D
 13523 F035 09 3C 20 17 04 0B +             .byte $09,$3C,$20,$17,$04,$0B,$15,$C8,$08,$06,$02,$09,$40,$05,$11,$C4
 13524 F045 25 40 08 4D 03 F6 +             .byte $25,$40,$08,$4D,$03,$F6,$08,$04,$04,$02,$01,$03,$04,$09,$0A,$05
 13525 F055 03 C4 27 40 08 82 +             .byte $03,$C4,$27,$40,$08,$82,$09,$46,$05,$C6,$28,$80,$0A,$15,$05,$C3
 13526 F065 16 07 8A 05 86 2D +             .byte $16,$07,$8A,$05,$86,$2D,$22,$06,$47,$03,$04,$04,$80,$0A,$CA,$30
 13527 F075 D2 83 00 B5 00 FF +             .byte $D2,$83,$00,$B5,$00,$FF,$46,$07,$04,$FF,$05,$06,$B1,$38,$05,$A3
 13528 F085 15 FF 05 0D B9 06 +             .byte $15,$FF,$05,$0D,$B9,$06,$B8,$32,$C0,$07,$05,$14,$67,$B8,$05,$1E
 13529 F095 05 29 30 87 04 0C +             .byte $05,$29,$30,$87,$04,$0C,$02,$04,$87,$09,$79,$06,$78,$07,$32
 13530 F0A4 2B 40 04 01 15 15 + LF0A4       .byte $2B,$40,$04,$01,$15,$15,$83,$03,$C0,$07,$F5,$03,$32,$07,$36,$27
 13531 F0B4 40 04 05 15 BB 07 +             .byte $40,$04,$05,$15,$BB,$07,$01,$07,$04,$0E,$02,$70,$03,$02,$0B,$41
 13532 F0C4 2B 03 08 78 26 C0 +             .byte $2B,$03,$08,$78,$26,$C0,$06,$89,$06,$B5,$05,$FA,$0A,$15,$DE,$13
 13533 F0D4 05 40 26 08 04 0A +             .byte $05,$40,$26,$08,$04,$0A,$06,$C0,$0D,$2E,$3A,$04,$6D,$04,$09,$40
 13534 F0E4 26 15 14 10 8E 07 +             .byte $26,$15,$14,$10,$8E,$07,$65,$80,$06,$16,$0D,$C4,$26,$40,$05,$12
 13535 F0F4 4E 0C 15 02 C6 04 +             .byte $4E,$0C,$15,$02,$C6,$04,$C4,$29,$80,$09,$C0,$0A,$0E,$23,$40,$0F
 13536 F104 16 88 0B 20 86 2D +             .byte $16,$88,$0B,$20,$86,$2D,$20,$06,$08,$C8,$37,$D0,$81,$00,$B5,$00
 13537 F114 FF 8D 07 04 FF 05 +             .byte $FF,$8D,$07,$04,$FF,$05,$06,$6A,$38,$05,$B6,$15,$FF,$04,$13,$0D
 13538 F124 BA 38 05 03 BF 04 +             .byte $BA,$38,$05,$03,$BF,$04,$ED,$07,$09,$14,$B8,$03
 13539 F130 14 05 80 38 01 4D + LF130       .byte $14,$05,$80,$38,$01,$4D,$BA,$05,$15,$7A,$04,$36,$2F,$0D,$02,$01
 13540 F140 04 0A 80 06 39 05 +             .byte $04,$0A,$80,$06,$39,$05,$33,$03,$7C,$30,$80,$06,$C6,$04,$79,$04
 13541 F150 BC 04 6A C0 3B 05 +             .byte $BC,$04,$6A,$C0,$3B,$05,$1E,$C0,$3E,$0D,$34,$03,$09,$40,$36,$8A
 13542 F160 14 01 03 04 30 40 +             .byte $14,$01,$03,$04,$30,$40,$05,$16,$01,$03,$11,$86,$05,$20,$84,$31
 13543 F170 16 04 08 C7 05 C6 +             .byte $16,$04,$08,$C7,$05,$C6,$34,$CE,$B8,$00,$B5,$00,$FF,$05,$07,$04
 13544 F180 FF 0C 0C F2 12 06 +             .byte $FF,$0C,$0C,$F2,$12,$06,$3A,$D8,$06,$FA,$18,$05,$16,$15,$FF,$0B
 13545 F190 05 F3 0C 6B F2 05 +             .byte $05,$F3,$0C,$6B,$F2,$05,$1C,$05,$C0,$1F,$12,$C0,$1C,$1D,$1D,$BB
 13546 F1A0 1D C0 1F 0D 04 06 +             .byte $1D,$C0,$1F,$0D,$04,$06,$7F,$0B,$01,$15,$84,$15,$2F,$08,$E9,$03
 13547 F1B0 72 05 80 20 03 CC +             .byte $72,$05,$80,$20,$03,$CC,$03,$C0,$0C,$F4,$05,$16,$14,$15,$FE,$03
 13548 F1C0 16 35 03 C0 24 F8 +             .byte $16,$35,$03,$C0,$24,$F8,$0D,$04,$0A,$02,$02,$7D,$09,$0E,$03,$B1
 13549 F1D0 08 01 75 03 A6 05 +             .byte $08,$01,$75,$03,$A6,$05,$80,$20,$09,$0D,$C0,$0E,$40,$25,$02,$04
 13550 F1E0 08 7F 0C 04 02 02 +             .byte $08,$7F,$0C,$04,$02,$02,$04,$04,$0E,$02,$02,$AA,$0A,$01,$06,$04
 13551 F1F0 F8 03 0E EA 04 0B +             .byte $F8,$03,$0E,$EA,$04,$0B,$80,$23,$3D,$FC,$09,$0E,$05,$1C,$1C,$1C
 13552 F200 1D 32 06 16 00 40 +             .byte $1D,$32,$06,$16,$00,$40,$27,$C0,$0E,$AE,$09,$35,$05,$C0,$2D,$03
 13553 F210 08 72 0B 80 24 44 +             .byte $08,$72,$0B,$80,$24,$44,$58,$04,$14,$8E,$09,$F2,$09,$C0,$29,$0F
 13554 F220 FC 07 40 06 45 F2 +             .byte $FC,$07,$40,$06,$45,$F2,$08,$1C,$80,$29,$4E,$0E,$01,$07,$1D,$C0
 13555 F230 40 1D FB 05 15 11 +             .byte $40,$1D,$FB,$05,$15,$11,$15,$03,$40,$1F,$08,$04,$50,$FF,$0C,$0A
 13556 F240 F2 12 09 01 18 00 +             .byte $F2,$12,$09,$01,$18,$00,$B4,$00,$FF,$05,$07,$04,$FF,$1F,$06,$D8
 13557 F250 06 FA 18 D7 05 15 +             .byte $06,$FA,$18,$D7,$05,$15,$FF,$1F,$05,$C0,$61,$07,$02,$02,$DC,$04
 13558 F260 0C 39 04 02 02 0C +             .byte $0C,$39,$04,$02,$02,$0C,$F5,$03,$2F,$04,$2D,$F1,$05,$F0,$03,$06
 13559 F270 80 22 03 11 3D 04 +             .byte $80,$22,$03,$11,$3D,$04,$05,$9E,$16,$53,$06,$32,$05,$14,$16,$05
 13560 F280 14 FA 03 3F F0 06 +             .byte $14,$FA,$03,$3F,$F0,$06,$40,$1F,$0D,$04,$04,$09,$15,$15,$93,$1D
 13561 F290 39 07 32 07 14 2A +             .byte $39,$07,$32,$07,$14,$2A,$08,$C0,$22,$05,$16,$83,$18,$97,$07,$C0
 13562 F2A0 0B F8 0C 40 20 87 +             .byte $0B,$F8,$0C,$40,$20,$87,$09,$14,$0F,$06,$40,$05,$FA,$03,$38,$07
 13563 F2B0 F0 06 C0 21 1C 1D +             .byte $F0,$06,$C0,$21,$1C,$1D,$80,$0C,$31,$F3,$04,$08,$04,$1C,$1C,$80
 13564 F2C0 29 C0 10 B0 03 05 +             .byte $29,$C0,$10,$B0,$03,$05,$04,$AB,$05,$40,$26,$8E,$05,$39,$0A,$01
 13565 F2D0 03 1C 71 08 80 26 +             .byte $03,$1C,$71,$08,$80,$26,$14,$C0,$0F,$47,$04,$C0,$2D,$0F,$17,$06
 13566 F2E0 14 F8 03 F2 07 11 +             .byte $14,$F8,$03,$F2,$07,$11,$38,$06,$F0,$06,$80,$26,$01,$F9,$0D,$F8
 13567 F2F0 09 C0 3F 16 ED 05 +             .byte $09,$C0,$3F,$16,$ED,$05,$11,$03,$40,$1F,$08,$04,$FF,$05,$0A,$20
 13568 F300 F9 0D F8 0C 09 01 +             .byte $F9,$0D,$F8,$0C,$09,$01,$18,$00,$B4,$00,$FF,$09,$07
 13569 F30D 04 FF 04 0C FA 05 + LF30D       .byte $04,$FF,$04,$0C,$FA,$05,$FB,$0D,$9A,$06,$DC,$0A,$F6,$1C,$05,$15
 13570 F31D FF 04 01 FA 05 5D +             .byte $FF,$04,$01,$FA,$05,$5D,$FB,$0D,$05,$C0,$31,$1A,$17,$1B,$C0,$35
 13571 F32D 07 EF 02 04 0B C2 +             .byte $07,$EF,$02,$04,$0B,$C2,$03,$04,$09,$19,$08,$8C,$04,$BE,$04,$B8
 13572 F33D 06 80 28 03 15 3D +             .byte $06,$80,$28,$03,$15,$3D,$03,$FD,$04,$FC,$10,$19,$19,$19,$10,$05
 13573 F34D B8 09 40 2A 39 C0 +             .byte $B8,$09,$40,$2A,$39,$C0,$07,$C1,$03,$19,$19,$05,$B8,$09,$C0,$2B
 13574 F35D 16 47 C0 09 16 C0 +             .byte $16,$47,$C0,$09,$16,$C0,$03,$B8,$08,$80,$29,$0D,$04,$02,$82,$0B
 13575 F36D 80 0B B8 08 40 38 +             .byte $80,$0B,$B8,$08,$40,$38,$80,$31,$BD,$07,$14,$01,$03,$BF,$14,$C0
 13576 F37D 3A 08 0C 04 02 04 +             .byte $3A,$08,$0C,$04,$02,$04,$0C,$98,$09,$B8,$0A,$40,$2A,$14,$11,$3A
 13577 F38D 03 07 05 B8 0C 7A +             .byte $03,$07,$05,$B8,$0C,$7A,$40,$29,$08,$04,$04,$0B,$C0,$03,$08,$80
 13578 F39D 03 88 09 B8 0A 40 +             .byte $03,$88,$09,$B8,$0A,$40,$2A,$84,$03,$01,$FA,$05,$FB,$06,$B8,$07
 13579 F3AD 04 C0 39 B5 07 40 +             .byte $04,$C0,$39,$B5,$07,$40,$27,$43,$03,$FE,$03,$0A,$FA,$05,$FB,$0D
 13580 F3BD 80 09 01 1C 00 B4 +             .byte $80,$09,$01,$1C,$00,$B4,$00,$FF,$11,$07,$04,$FF,$07,$06,$E4,$12
 13581 F3CD EE 24 D7 05 15 FF +             .byte $EE,$24,$D7,$05,$15,$FF,$07,$05,$C0,$79,$1A,$17,$1B,$7D,$80,$3C
 13582 F3DD 07 09 19 08 06 40 +             .byte $07,$09,$19,$08,$06,$40,$3B,$05,$E7,$10,$19,$10,$3A,$03,$C0,$3A
 13583 F3ED 19 19 19 7C C0 BC +             .byte $19,$19,$19,$7C,$C0,$BC,$08,$0C,$02,$0C,$09,$40,$3B,$3F,$03,$35
 13584 F3FD 01 03 C0 3B 08 02 +             .byte $01,$03,$C0,$3B,$08,$02,$81,$03,$13,$40,$38,$16,$1B,$84,$03,$FD
 13585 F40D 04 40 37 08 04 FF +             .byte $04,$40,$37,$08,$04,$FF,$05,$06,$03,$20,$40,$37,$B9,$09,$09,$C0
 13586 F41D 3D 03 27 00 B5 00 +             .byte $3D,$03,$27,$00,$B5,$00,$FF,$0D,$07,$04,$FF,$0D,$0C,$F1,$05,$06
 13587 F42D 1A DC 0E F2 18 C4 +             .byte $1A,$DC,$0E,$F2,$18,$C4,$04,$0B,$15,$FF,$0D,$05,$FA,$06,$39,$A2
 13588 F43D 0D B2 19 05 16 10 +             .byte $0D,$B2,$19,$05,$16,$10,$CF,$07,$C0,$18,$05,$85,$03,$B2,$0C,$C0
 13589 F44D 11 8F 09 7B 09 01 +             .byte $11,$8F,$09,$7B,$09,$01,$80,$0E,$0D,$61,$22,$03,$02,$0E,$2E,$18
 13590 F45D 53 04 CF 06 40 0C +             .byte $53,$04,$CF,$06,$40,$0C,$0F,$4B,$80,$0C,$16,$2C,$07,$7C,$15,$08
 13591 F46D 22 03 0A 04 96 0C +             .byte $22,$03,$0A,$04,$96,$0C,$1D,$04,$01,$07,$16,$31,$03,$1D,$1C,$40
 13592 F47D 0B 19 6C 08 3C 19 +             .byte $0B,$19,$6C,$08,$3C,$19,$3A,$06,$0D,$02,$57,$03,$FD,$04,$0B,$F8
 13593 F48D 15 15 1C 1C 1E C0 +             .byte $15,$15,$1C,$1C,$1E,$C0,$0E,$80,$19,$3A,$07,$AE,$12,$3A,$09,$03
 13594 F49D 31 03 13 0F 1D 80 +             .byte $31,$03,$13,$0F,$1D,$80,$0F,$A9,$0D,$59,$03,$09,$80,$2A,$15,$C0
 13595 F4AD 10 44 19 07 73 06 +             .byte $10,$44,$19,$07,$73,$06,$03,$0C,$04,$0A,$A1,$04,$01,$06,$15,$16
 13596 F4BD 20 0F 05 12 0A 08 +             .byte $20,$0F,$05,$12,$0A,$08,$29,$04,$84,$19,$06,$04,$46,$07,$FA,$08
 13597 F4CD 40 0F 03 0F 12 1D +             .byte $40,$0F,$03,$0F,$12,$1D,$46,$10,$8F,$06,$BB
 13598 F4D8 09 B1 06 C0 28 C2 + LF4D8       .byte $09,$B1,$06,$C0,$28,$C2,$16,$11,$C0,$10,$40,$0F,$78,$1E,$22,$04
 13599 F4E8 0B C0 3B 28 BC 08 +             .byte $0B,$C0,$3B,$28,$BC,$08,$FD,$0B,$0A,$F1,$05,$09,$C0,$2A,$D6,$32
 13600 F4F8 00 B7 00 FF 11 07 +             .byte $00,$B7,$00,$FF,$11,$07,$04,$FF,$0D,$0C,$04,$06,$1B,$DC,$12,$EE
 13601 F508 14 C8 08 0B 15 FF +             .byte $14,$C8,$08,$0B,$15,$FF,$0D,$01,$15,$97,$05,$A6,$0B,$B4,$1B,$05
 13602 F518 C8 03 1D 15 15 B6 +             .byte $C8,$03,$1D,$15,$15,$B6,$16,$F8,$04,$0F,$15,$7A,$04
 13603 F525 0C 02 B1 05 61 C0 + LF525       .byte $0C,$02,$B1,$05,$61,$C0,$09,$05,$03,$B4,$0A,$C0,$16,$8F,$06,$FA
 13604 F535 07 10 5D EE 05 05 +             .byte $07,$10,$5D,$EE,$05,$05,$C0,$0B,$15,$15,$0D,$32,$1A,$05,$86,$11
 13605 F545 47 06 B8 06 72 04 +             .byte $47,$06,$B8,$06,$72,$04,$C0,$13,$05,$14,$7E,$19,$B5,$08,$01,$06
 13606 F555 04 0A 46 03 06 BA +             .byte $04,$0A,$46,$03,$06,$BA,$04,$14,$53,$2E,$04,$13,$80,$0E,$01,$3E
 13607 F565 1C 24 0A 0D 02 E1 +             .byte $1C,$24,$0A,$0D,$02,$E1,$0A,$04,$0C,$05,$03,$80,$2C,$34,$0D,$82
 13608 F575 04 03 5C 36 04 16 +             .byte $04,$03,$5C,$36,$04,$16,$40,$0E,$0D,$04,$09,$C0,$27,$02,$03,$B6
 13609 F585 0D 31 05 02 0B 40 +             .byte $0D,$31,$05,$02,$0B,$40,$09,$18,$16,$42,$1B,$9A,$07,$01,$06,$FA
 13610 F595 05 0B 14 87 04 01 +             .byte $05,$0B,$14,$87,$04,$01,$40,$04,$37,$3E,$03,$0E,$08,$08,$04,$82
 13611 F5A5 1C 05 15 1D 1E D0 +             .byte $1C,$05,$15,$1D,$1E,$D0,$06,$0A,$03,$86,$04,$0A,$02,$0E,$02,$B3
 13612 F5B5 06 3C 0E 24 0C 03 +             .byte $06,$3C,$0E,$24,$0C,$03,$1C,$1C,$1C,$15,$BC,$07,$86,$06,$0E,$3A
 13613 F5C5 04 80 0C 0C 22 7F +             .byte $04,$80,$0C,$0C,$22,$7F,$08,$05,$15,$0F,$FE,$03,$1E,$C0,$2E,$22
 13614 F5D5 03 01 05 06 16 15 +             .byte $03,$01,$05,$06,$16,$15,$11,$86,$06,$49,$80,$06,$13,$80,$27,$B8
 13615 F5E5 0C 0A 07 05 FA 06 +             .byte $0C,$0A,$07,$05,$FA,$06,$04,$80,$09,$C0,$2E,$92,$2E,$00,$00,$C0
 13616 F5F5 F5 00 3F 3F 00 FF +             .byte $F5,$00,$3F,$3F,$00,$FF,$0D,$1F,$FF,$06,$0F,$E8,$0F,$0F,$2F,$E7
 13617 F605 03 17 F0 03 E0 17 +             .byte $03,$17,$F0,$03,$E0,$17,$D0,$0F,$02,$E0,$3E,$80,$0E,$70,$16,$8D
 13618 F615 06 F0 24 30 10 3F + LF615       .byte $06,$F0,$24,$30,$10,$3F,$1B,$0B,$40,$22,$06,$3F,$23,$04,$07,$04
 13619 F625 00 40 51 BB 00 FF +             .byte $00,$40,$51,$BB,$00,$FF,$55,$8D,$81,$8C,$A7,$0B,$80,$8D,$34,$F2
 13620 F635 0C 8E 0C 8E 81 FF +             .byte $0C,$8E,$0C,$8E,$81,$FF,$05,$82,$CE,$04,$F5,$03,$13,$F1,$05,$F3
 13621 F645 04 D0 0E 80 E7 06 +             .byte $04,$D0,$0E,$80,$E7,$06,$D4,$05,$8F,$80,$79,$D8,$08,$81,$8D
 13622 F654 81 8F C3 07 3B 04 + LF654       .byte $81,$8F,$C3,$07,$3B,$04,$9D,$5A,$FF,$04,$8E,$FA,$03,$8D,$84,$FF
 13623 F664 06 85 C9 08 1B C3 +             .byte $06,$85,$C9,$08,$1B,$C3,$09,$D6,$05,$D8,$09,$8E,$87,$FF,$07,$84
 13624 F674 85 8B 8F 82 0A 6F +             .byte $85,$8B,$8F,$82,$0A,$6F,$09,$D8,$0A,$8A,$FF,$09,$81,$8E,$00,$82
 13625 F684 0A B0 12 88 07 81 +             .byte $0A,$B0,$12,$88,$07,$81,$04,$D8,$0C,$60,$10,$88,$09,$80,$03,$C1
 13626 F694 8E 80 0D 03 3A 03 +             .byte $8E,$80,$0D,$03,$3A,$03,$3C,$07,$13,$06,$1F,$06,$82,$41,$88,$0B
 13627 F6A4 8A D8 04 DC 0B D8 +             .byte $8A,$D8,$04,$DC,$0B,$D8,$09,$C5,$04,$88,$08,$85,$A3,$83,$88,$04
 13628 F6B4 8F DA 0E CC 0B 10 +             .byte $8F,$DA,$0E,$CC,$0B,$10,$08,$88,$89,$DD,$8A,$8A,$DA,$1A,$00,$00
 13629 F6C4 8F 10 07 8B 00 DC +             .byte $8F,$10,$07,$8B,$00,$DC,$1B,$E5,$72,$00,$01,$20,$81,$14,$92,$02
 13630 F6D4 56 A4 72 DD 03 DB +             .byte $56,$A4,$72,$DD,$03,$DB,$87,$0B,$F3,$00,$72,$52,$60,$56,$1A,$60
 13631 F6E4 43 46 A2 7B 0C 45 +             .byte $43,$46,$A2,$7B,$0C,$45,$70,$88,$A2,$11,$41,$E1,$69,$A2,$55,$31
 13632 F6F4 A8 AA D0 55 52 A2 +             .byte $A8,$AA,$D0,$55,$52,$A2,$A8,$C0,$61,$48,$08,$A8,$A8,$0C,$D4,$10
 13633 F704 00 22 9C A1 06 51 +             .byte $00,$22,$9C,$A1,$06,$51,$22,$C2,$C6,$5D,$49,$0B,$CB,$03,$00,$39
 13634 F714 13 A1 13 84 A2 73 +             .byte $13,$A1,$13,$84,$A2,$73,$85,$19,$49,$0B,$8E,$53,$7B,$61,$AE,$54
 13635 F724 15 E1 A8 BC F5 05 +             .byte $15,$E1,$A8,$BC,$F5,$05,$5E,$8A,$AA,$14,$55,$A0,$AC,$7A,$15,$8E
 13636 F734 A8 30 D2 46 6D 80 +             .byte $A8,$30,$D2,$46,$6D,$80,$CC,$34,$19,$9E,$08,$00,$C4,$EE,$27,$50
 13637 F744 D4 FD 80 98 E1 13 +             .byte $D4,$FD,$80,$98,$E1,$13,$EC,$86,$73,$C5,$4E,$52,$C0,$F6,$11,$14
 13638 F754 42 22 E8 14 73 20 +             .byte $42,$22,$E8,$14,$73,$20,$B3,$50,$17,$4E,$02,$81,$C0,$50,$12,$0A
 13639 F764 86 51 51 60 B3 BC +             .byte $86,$51,$51,$60,$B3,$BC,$04,$00,$8B,$3E,$64,$B5,$44,$AA,$81,$91
 13640 F774 41 92 65 4A 61 85 +             .byte $41,$92,$65,$4A,$61,$85,$4C,$1A,$09,$8D,$50,$32,$8A,$A6,$6C,$14
 13641 F784 56 0A 8A 25 11 74 +             .byte $56,$0A,$8A,$25,$11,$74,$22,$FB,$84,$DE,$69,$0A,$27,$01,$52,$A0
 13642 F794 2B B4 55 73 20 CE +             .byte $2B,$B4,$55,$73,$20,$CE,$F0,$10,$00,$96,$CF,$05,$D8,$14,$B3,$A8
 13643 F7A4 9D 61 53 8E A0 29 +             .byte $9D,$61,$53,$8E,$A0,$29,$94,$45,$D0,$23,$53,$0D,$61,$E0,$2D,$C2
 13644 F7B4 45 8B 82 B1 25 16 +             .byte $45,$8B,$82,$B1,$25,$16,$96,$A2,$95,$C5,$52,$82,$0A,$87,$21,$5A
 13645 F7C4 E2 AB 39 45 65 09 +             .byte $E2,$AB,$39,$45,$65,$09,$C5,$10,$D8,$18,$2B,$02,$D0,$63,$74,$9C
 13646 F7D4 4D 61 9D E0 20 C0 +             .byte $4D,$61,$9D,$E0,$20,$C0,$E9,$C4,$A8,$44,$8A,$08,$98,$44,$13,$16
 13647 F7E4 28 65 41 4D B0 1B +             .byte $28,$65,$41,$4D,$B0,$1B,$AF,$51,$76,$00,$A8,$B9,$05,$1B,$82,$AF
 13648 F7F4 70 15 DC A2 BA 90 +             .byte $70,$15,$DC,$A2,$BA,$90,$64,$78,$08,$00,$57,$92,$A5,$12,$68,$2A
 13649 F804 63 85 4C		            .byte $63,$85,$4C
 13650 F807 5A 81 B5 01 6E 02 + LF807       .byte $5A,$81,$B5,$01,$6E,$02,$AD,$AC,$05,$E7,$48,$BB,$10,$94,$6C,$12
 13651 F817 AB D0 57 80 8A EB +             .byte $AB,$D0,$57,$80,$8A,$EB,$41,$56,$E0,$31,$3C,$04,$00,$04,$1F,$41
 13652 F827 53 D4 A0 F3 C0 51 +             .byte $53,$D4,$A0,$F3,$C0,$51,$58,$C2,$75,$01,$4C,$D0,$0B,$38,$55,$65
 13653 F837 A0 00 5A 10 42 12 +             .byte $A0,$00,$5A,$10,$42,$12,$A8,$8A,$57,$04,$4A,$42,$09,$A5,$01,$3D
 13654 F847 22 6F 55 45 EE 02 +             .byte $22,$6F,$55,$45,$EE,$02,$A7,$C0,$54,$EA,$22,$B5,$45,$55,$49,$2A
 13655 F857 A2 11 59 4A 70 AC +             .byte $A2,$11,$59,$4A,$70,$AC,$46,$11,$20,$C1,$23,$18,$6A,$07,$34,$C1
 13656 F867 66 5A 08 00 49 10 +             .byte $66,$5A,$08,$00,$49,$10,$60,$62,$F1,$02,$40,$B0,$0A,$D0,$89,$63
 13657 F877 41 1C 82 0D EC 15 +             .byte $41,$1C,$82,$0D,$EC,$15,$B9,$21,$A7,$A1,$54,$C6,$82,$B1,$04,$56
 13658 F887 41 2C 7B 05 8C 8A +             .byte $41,$2C,$7B,$05,$8C,$8A,$32,$91,$06,$6D,$02,$4B,$A1,$09,$86,$02
 13659 F897 00 38 18 25 13 E8 +             .byte $00,$38,$18,$25,$13,$E8,$0A,$70,$D4,$4F,$52,$19,$9C,$15,$39,$04
 13660 F8A7 AD 74 55 A1 A0 BD +             .byte $AD,$74,$55,$A1,$A0,$BD,$D1,$57,$94,$82,$97,$44,$52,$12,$0A,$DD
 13661 F8B7 15 59 48 31 74 16 +             .byte $15,$59,$48,$31,$74,$16,$21,$80,$80,$64,$35,$90,$26,$44,$82,$CD
 13662 F8C7 81 13 A0 2A 62 11 +             .byte $81,$13,$A0,$2A,$62,$11,$5B,$22,$8A,$E0,$0D,$64,$20,$80,$66,$97
 13663 F8D7 41 13 0C 42 6A 04 +             .byte $41,$13,$0C,$42,$6A,$04,$CF,$A9,$0B,$D7,$05,$78,$42,$2F,$3C,$15
 13664 F8E7 0B 09 A4 E1 15 5E +             .byte $0B,$09,$A4,$E1,$15,$5E,$2A,$AA,$50,$62,$B8,$0C,$42,$41,$25,$B0
 13665 F8F7 09 C0 88 18 2A 57 +             .byte $09,$C0,$88,$18,$2A,$57,$45,$80,$80,$58,$16,$61,$16,$EE,$08,$DC
 13666 F907 94 1A 38 0B AE 05 +             .byte $94,$1A,$38,$0B,$AE,$05,$74,$6A,$2E,$E8,$15,$D9,$A8,$26,$71,$15
 13667 F917 E0 0A A8 A0 55 B0 +             .byte $E0,$0A,$A8,$A0,$55,$B0,$8A,$E6,$55,$5C,$6A,$31,$4C,$16,$21,$A0
 13668 F927 8E D5 0A DA 64 0C +             .byte $8E,$D5,$0A,$DA,$64,$0C,$16,$02,$00
 13669 F930 01			LF930       .byte $01
 13670 F931 01			LF931       .byte $01
 13671 F932 5C			LF932       .byte $5C
 13672 F933 90			LF933       .byte $90
 13673 F934 0E			LF934       .byte $0E
 13674 F935 20 D2 F9		LF935       jsr LF9D2
 13675 F938 F0 1E		            beq LF958
 13676 F93A 24 28		            bit ICBLLZ
 13677 F93C 50 04		            bvc LF942
 13678 F93E 05 A1		            ora L00A1
 13679 F940 D0 04		            bne LF946
 13680 F942 49 FF		LF942       eor #$FF
 13681 F944 25 A1		            and L00A1
 13682 F946 85 A1		LF946       sta L00A1
 13683 F948 20 B4 F9		            jsr LF9B4
 13684 F94B 24 A1		            bit L00A1
 13685 F94D 10 06		            bpl LF955
 13686 F94F A9 40		            lda #$40
 13687 F951 85 F0		            sta L00F0
 13688 F953 85 0F		            sta APPMHI+1
 13689 F955 20 07 0D		LF955       jsr L0D07
 13690 F958 20 D5 F9		LF958       jsr LF9D5
 13691 F95B 0A			            asl
 13692 F95C 90 06		            bcc LF964
 13693 F95E A9 00		            lda #$00
 13694 F960 85 5C		            sta OLDCOL+1
 13695 F962 F0 20		            beq LF984
 13696 F964 10 22		LF964       bpl LF988
 13697 F966 A2 0F		            ldx #$0F
 13698 F968 B5 E0		LF968       lda L00E0,X
 13699 F96A 29 E0		            and #$E0
 13700 F96C D0 07		            bne LF975
 13701 F96E A9 FF		            lda #$FF
 13702 F970 95 E0		            sta L00E0,X
 13703 F972 20 08 12		            jsr L1208
 13704 F975 CA			LF975       dex
 13705 F976 D0 F0		            bne LF968
 13706 F978 E8			            inx
 13707 F979 86 5B		            stx OLDCOL
 13708 F97B A9 01		            lda #$01
 13709 F97D 8D 44 E6		            sta LE644
 13710 F980 A5 5C		            lda OLDCOL+1
 13711 F982 D0 02		            bne LF986
 13712 F984 E6 1F		LF984       inc ABUFPT+3
 13713 F986 38			LF986       sec
 13714 F987 60			            rts
 13715 F988 A5 50		LF988       lda TEMPCHR
 13716 F98A 29 03		            and #$03
 13717 F98C D0 24		            bne LF9B2
 13718 F98E A5 29		            lda ICBLHZ
 13719 F990 29 30		            and #$30
 13720 F992 F0 1E		            beq LF9B2
 13721 F994 A6 E0		            ldx L00E0
 13722 F996 29 20		            and #$20
 13723 F998 D0 07		            bne LF9A1
 13724 F99A CA			            dex
 13725 F99B 10 0B		            bpl LF9A8
 13726 F99D A2 17		            ldx #$17
 13727 F99F D0 07		            bne LF9A8
 13728 F9A1 E8			LF9A1       inx
 13729 F9A2 E0 18		            cpx #$18
 13730 F9A4 90 02		            bcc LF9A8
 13731 F9A6 A2 00		            ldx #$00
 13732 F9A8 86 E0		LF9A8       stx L00E0
 13733 F9AA 8E 20 02		            stx CDTMV5
 13734 F9AD 86 0D		            stx DOSINI+1
 13735 F9AF 20 F7 38		            jsr L38F7
 13736 F9B2 18			LF9B2       clc
 13737 F9B3 60			            rts
 13738 F9B4 A2 01		LF9B4       ldx #$01
 13739 F9B6 A0 00		            ldy #$00
 13740 F9B8 A5 A1		            lda L00A1
 13741 F9BA 85 29		            sta ICBLHZ
 13742 F9BC A9 30		LF9BC       lda #$30
 13743 F9BE 06 29		            asl ICBLHZ
 13744 F9C0 90 01		            bcc LF9C3
 13745 F9C2 8A			            txa
 13746 F9C3 99 52 50		LF9C3       sta L5052,Y
 13747 F9C6 09 80		            ora #$80
 13748 F9C8 99 7A 50		            sta L507A,Y
 13749 F9CB C8			            iny
 13750 F9CC E8			            inx
 13751 F9CD E0 09		            cpx #$09
 13752 F9CF 90 EB		            bcc LF9BC
 13753 F9D1 60			            rts
 13754 F9D2 A2 07		LF9D2       ldx #$07
 13755 F9D4 0C			            .byte $0C
 13756 F9D5 A2 0F		LF9D5       ldx #$0F
 13757 F9D7 A9 01		            lda #$01
 13758 F9D9 85 29		            sta ICBLHZ
 13759 F9DB BD F2 F9		LF9DB       lda LF9F2,X
 13760 F9DE 20 50 0B		            jsr L0B50
 13761 F9E1 3D 02 FA		            and LFA02,X
 13762 F9E4 C9 01		            cmp #$01
 13763 F9E6 26 29		            rol ICBLHZ
 13764 F9E8 CA			            dex
 13765 F9E9 90 F0		            bcc LF9DB
 13766 F9EB A5 29		            lda ICBLHZ
 13767 F9ED 49 FF		            eor #$FF
 13768 F9EF 85 29		            sta ICBLHZ
 13769 F9F1 60			            rts
 13770 F9F2 F7 F7 FB FB FD FD + LF9F2       .byte $F7,$F7,$FB,$FB,$FD,$FD,$7F,$7F,$FF,$FF,$FF,$FF,$DF,$DF,$FB,$FD
 13771 FA02 08 01 08 01 08 01 + LFA02       .byte $08,$01,$08,$01,$08,$01,$08,$01
 13772 FA0A 00 00 00 00		LFA0A       .byte $00,$00,$00,$00
 13773 FA0E 08 01 04 20		LFA0E       .byte $08,$01,$04,$20
 13774 FA12 00 00 00 00 00 00 + LFA12       .byte $00,$00,$00,$00,$00,$00,$00,$00,$00,$00,$00,$00,$00,$00,$00,$00
 13775 FA22 00 00 00 00 00 00 +             .byte $00,$00,$00,$00,$00,$00,$00,$00,$00,$00,$00,$00,$00,$00,$00,$00
 13776 FA32 00 00 00 00 00 00 +             .byte $00,$00,$00,$00,$00,$00,$00,$00,$00,$00,$00,$00,$00,$00,$00,$00
 13777 FA42 00 00 00 00 00 00 +             .byte $00,$00,$00,$00,$00,$00,$00,$00,$00,$00,$00,$00,$00,$00,$00,$00
 13778 FA52 00 00 00 00 00 00 +             .byte $00,$00,$00,$00,$00,$00,$00,$00,$00,$00,$00,$00,$00,$00,$00,$00
 13779 FA62 00 00 00 00 00 00 +             .byte $00,$00,$00,$00,$00,$00,$00,$00,$00,$00,$00,$00,$00,$00,$00,$00
 13780 FA72 00 00 00 00 00 00 +             .byte $00,$00,$00,$00,$00,$00,$00,$00,$00,$00,$00,$00,$00,$00,$00,$00
 13781 FA82 00 00 00 00 00 00 +             .byte $00,$00,$00,$00,$00,$00,$00,$00,$00,$00,$00,$00,$00,$00,$00,$00
 13782 FA92 00 00 00 00 00 00 +             .byte $00,$00,$00,$00,$00,$00,$00,$00,$00,$00,$00,$00,$00,$00,$00,$00
 13783 FAA2 00 00 00 00 00 00 +             .byte $00,$00,$00,$00,$00,$00,$00,$00,$00,$00,$00,$00,$00,$00,$00,$00
 13784 FAB2 00 00 00 00 00 00 +             .byte $00,$00,$00,$00,$00,$00,$00,$00,$00,$00,$00,$00,$00,$00,$00,$00
 13785 FAC2 00 00 00 00 00 00 +             .byte $00,$00,$00,$00,$00,$00,$00,$00,$00,$00,$00,$00,$00,$00,$00,$00
 13786 FAD2 00 00 00 00 00 00 +             .byte $00,$00,$00,$00,$00,$00,$00,$00,$00,$00,$00,$00,$00,$00,$00,$00
 13787 FAE2 00 00 00 00 00 00 +             .byte $00,$00,$00,$00,$00,$00,$00,$00,$00,$00,$00,$00,$00,$00,$00,$00
 13788 FAF2 00 00 00 00 00 00 +             .byte $00,$00,$00,$00,$00,$00,$00,$00,$00,$00,$00,$00,$00,$00,$00,$00
 13789 FB02 00 00 00 00		            .byte $00,$00,$00,$00
 13790 FB06 00 00 00 00 00 00 + LFB06       .byte $00,$00,$00,$00,$00,$00,$00,$00,$00,$00,$00,$00,$00,$00,$00,$00
 13791 FB16 00 00 00 00 00	            .byte $00,$00,$00,$00,$00
 13792 FB1B 00 00 00 00 00 00 + LFB1B       .byte $00,$00,$00,$00,$00,$00,$00,$00,$00,$00,$00,$00,$00,$00,$00,$00
 13793 FB2B 00 00 00 00 00 00 +             .byte $00,$00,$00,$00,$00,$00,$00,$00,$00,$00,$00,$00,$00,$00,$00,$00
 13794 FB3B 00 00 00 00 00 00 +             .byte $00,$00,$00,$00,$00,$00,$00,$00,$00,$00,$00,$00,$00,$00,$00,$00
 13795 FB4B 00 00 00 00 00 00 +             .byte $00,$00,$00,$00,$00,$00,$00,$00,$00,$00,$00,$00,$00,$00,$00,$00
 13796 FB5B 00 00 00 00 00 00 +             .byte $00,$00,$00,$00,$00,$00,$00,$00,$00,$00,$00,$00,$00,$00,$00,$00
 13797 FB6B 00 00 00 00 00 00 +             .byte $00,$00,$00,$00,$00,$00,$00,$00,$00,$00,$00,$00,$00,$00,$00,$00
 13798 FB7B 00 00 00 00 00 00 +             .byte $00,$00,$00,$00,$00,$00,$00,$00,$00,$00,$00,$00,$00,$00,$00,$00
 13799 FB8B 00 00 00 00 00 00 +             .byte $00,$00,$00,$00,$00,$00,$00,$00,$00,$00,$00,$00,$00,$00,$00,$00
 13800 FB9B 00 00 00 00 00 00 +             .byte $00,$00,$00,$00,$00,$00,$00,$00,$00,$00,$00,$00,$00,$00,$00,$00
 13801 FBAB 00 00 00 00 00 00 +             .byte $00,$00,$00,$00,$00,$00,$00,$00,$00,$00,$00,$00,$00,$00,$00,$00
 13802 FBBB 00 00 00 00 00 00 +             .byte $00,$00,$00,$00,$00,$00,$00,$00,$00,$00,$00,$00,$00,$00,$00,$00
 13803 FBCB 00 00 00 00 00 00 +             .byte $00,$00,$00,$00,$00,$00,$00,$00,$00,$00,$00,$00,$00,$00,$00,$00
 13804 FBDB 00 00 00 00 00 00 +             .byte $00,$00,$00,$00,$00,$00,$00,$00,$00,$00,$00,$00,$00,$00,$00,$00
 13805 FBEB 00 00 00 00 00 00 +             .byte $00,$00,$00,$00,$00,$00,$00,$00,$00,$00,$00,$00,$00,$00,$00,$00
 13806 FBFB 00 00 00 00 00 00 +             .byte $00,$00,$00,$00,$00,$00,$00,$00,$00,$00,$00,$00,$00,$00,$00,$00
 13807 FC0B 00 00 00 00 00 00 +             .byte $00,$00,$00,$00,$00,$00,$00,$00,$00,$00,$00,$00,$00,$00,$00,$00
 13808 FC1B 00 00 00 00 00 00 +             .byte $00,$00,$00,$00,$00,$00,$00,$00,$00,$00,$00,$00,$00,$00,$00,$00
 13809 FC2B 00 00 00 00 00 00 +             .byte $00,$00,$00,$00,$00,$00,$00,$00,$00,$00,$00,$00,$00,$00,$00,$00
 13810 FC3B 00 00 00 00 00 00 +             .byte $00,$00,$00,$00,$00,$00,$00,$00,$00,$00,$00,$00,$00,$00,$00,$00
 13811 FC4B 00 00 00 00 00 00 +             .byte $00,$00,$00,$00,$00,$00,$00,$00,$00,$00,$00,$00,$00,$00,$00,$00
 13812 FC5B 00 00 00 00 00 00 +             .byte $00,$00,$00,$00,$00,$00,$00,$00,$00,$00,$00,$00,$00,$00,$00,$00
 13813 FC6B 00 00 00 00 00 00 +             .byte $00,$00,$00,$00,$00,$00,$00,$00,$00,$00,$00,$00,$00,$00,$00,$00
 13814 FC7B 00 00 00 00 00 00 +             .byte $00,$00,$00,$00,$00,$00,$00,$00,$00,$00,$00,$00,$00,$00,$00,$00
 13815 FC8B 00 00 00 00 00 00 +             .byte $00,$00,$00,$00,$00,$00,$00,$00,$00,$00,$00,$00,$00,$00,$00,$00
 13816 FC9B 00 00 00 00 00 00 +             .byte $00,$00,$00,$00,$00,$00,$00,$00,$00,$00,$00,$00,$00,$00,$00,$00
 13817 FCAB 00 00 00 00 00 00 +             .byte $00,$00,$00,$00,$00,$00,$00,$00,$00,$00,$00,$00,$00,$00,$00,$00
 13818 FCBB 00 00 00 00 00 00 +             .byte $00,$00,$00,$00,$00,$00,$00,$00,$00,$00,$00,$00,$00,$00,$00,$00
 13819 FCCB 00 00 00 00 00 00 +             .byte $00,$00,$00,$00,$00,$00,$00,$00,$00,$00,$00,$00,$00,$00,$00,$00
 13820 FCDB 00 00 00 00 00 00 +             .byte $00,$00,$00,$00,$00,$00,$00,$00,$00,$00,$00,$00,$00,$00,$00,$00
 13821 FCEB 00 00 00 00 00 00 +             .byte $00,$00,$00,$00,$00,$00,$00,$00,$00,$00,$00,$00,$00,$00,$00,$00
 13822 FCFB 00 00 00 00 00 00 +             .byte $00,$00,$00,$00,$00,$00,$00,$00,$00,$00,$00,$00,$00,$00,$00,$00
 13823 FD0B 00 00 00 00 00 00 +             .byte $00,$00,$00,$00,$00,$00,$00
 13824 FD12 00 00 00 00 00 00 + LFD12       .byte $00,$00,$00,$00,$00,$00,$00,$00,$00
 13825 FD1B 00 00 00 00 00 00 + LFD1B       .byte $00,$00,$00,$00,$00,$00,$00,$00,$00,$00,$00,$00,$00,$00,$00,$00
 13826 FD2B 00 00 00 00 00 00 +             .byte $00,$00,$00,$00,$00,$00,$00,$00,$00,$00,$00,$00,$00,$00,$00,$00
 13827 FD3B 00 00 00 00 00 00 +             .byte $00,$00,$00,$00,$00,$00,$00,$00,$00,$00,$00,$00,$00,$00,$00,$00
 13828 FD4B 00 00 00 00 00 00 +             .byte $00,$00,$00,$00,$00,$00,$00,$00,$00,$00,$00,$00,$00,$00,$00,$00
 13829 FD5B 00 00 00 00 00 00 +             .byte $00,$00,$00,$00,$00,$00,$00,$00,$00,$00,$00,$00,$00,$00,$00,$00
 13830 FD6B 00 00 00 00 00 00 +             .byte $00,$00,$00,$00,$00,$00,$00,$00,$00,$00,$00,$00,$00,$00,$00,$00
 13831 FD7B 00 00 00 00 00 00 +             .byte $00,$00,$00,$00,$00,$00,$00,$00,$00,$00,$00,$00,$00,$00,$00,$00
 13832 FD8B 00 00 00 00 00 00 +             .byte $00,$00,$00,$00,$00,$00,$00,$00,$00,$00,$00,$00,$00,$00,$00,$00
 13833 FD9B 00 00 00 00 00 00 +             .byte $00,$00,$00,$00,$00,$00,$00,$00,$00,$00,$00,$00,$00,$00,$00,$00
 13834 FDAB 00 00 00 00 00 00 +             .byte $00,$00,$00,$00,$00,$00,$00,$00,$00,$00,$00,$00,$00,$00,$00,$00
 13835 FDBB 00 00 00 00 00 00 +             .byte $00,$00,$00,$00,$00,$00,$00,$00,$00,$00,$00,$00,$00,$00,$00,$00
 13836 FDCB 00 00 00 00 00 00 +             .byte $00,$00,$00,$00,$00,$00,$00,$00,$00,$00,$00,$00,$00,$00,$00,$00
 13837 FDDB 00 00 00 00 00 00 +             .byte $00,$00,$00,$00,$00,$00,$00,$00,$00,$00,$00,$00,$00,$00,$00,$00
 13838 FDEB 00 00 00 00 00 00 +             .byte $00,$00,$00,$00,$00,$00,$00,$00,$00,$00,$00,$00,$00,$00,$00,$00
 13839 FDFB 00 00 00 00 00 00 +             .byte $00,$00,$00,$00,$00,$00,$00,$00,$00,$00,$00,$00,$00,$00,$00,$00
 13840 FE0B 00 00 00 00 00 00 +             .byte $00,$00,$00,$00,$00,$00,$00
 13841 FE12 00 00 00 00 00 00 + LFE12       .byte $00,$00,$00,$00,$00,$00,$00,$00,$00,$00,$00,$00,$00,$00,$00,$00
 13842 FE22 00 00 00 00 00 00 +             .byte $00,$00,$00,$00,$00,$00,$00,$00,$00,$00,$00,$00,$00,$00,$00,$00
 13843 FE32 00 00 00 00 00 00 +             .byte $00,$00,$00,$00,$00,$00,$00,$00,$00,$00,$00,$00,$00,$00,$00,$00
 13844 FE42 00 00 00 00 00 00 +             .byte $00,$00,$00,$00,$00,$00,$00,$00,$00,$00,$00,$00,$00,$00,$00,$00
 13845 FE52 00 00 00 00 00 00 +             .byte $00,$00,$00,$00,$00,$00,$00,$00,$00,$00,$00,$00,$00,$00,$00,$00
 13846 FE62 00 00 00 00 00 00 +             .byte $00,$00,$00,$00,$00,$00,$00,$00,$00,$00,$00,$00,$00,$00,$00,$00
 13847 FE72 00 00 00 00 00 00 +             .byte $00,$00,$00,$00,$00,$00,$00,$00,$00,$00,$00,$00,$00,$00,$00,$00
 13848 FE82 00 00 00 00 00 00 +             .byte $00,$00,$00,$00,$00,$00,$00,$00,$00,$00,$00,$00,$00,$00,$00,$00
 13849 FE92 00 00 00 00 00 00 +             .byte $00,$00,$00,$00,$00,$00,$00,$00,$00,$00,$00,$00,$00,$00,$00,$00
 13850 FEA2 00 00 00 00 00 00 +             .byte $00,$00,$00,$00,$00,$00,$00,$00,$00,$00,$00,$00,$00,$00,$00,$00
 13851 FEB2 00 00 00 00 00 00 +             .byte $00,$00,$00,$00,$00,$00,$00,$00,$00,$00,$00,$00,$00,$00,$00,$00
 13852 FEC2 00 00 00 00 00 00 +             .byte $00,$00,$00,$00,$00,$00,$00,$00,$00,$00,$00,$00,$00,$00,$00,$00
 13853 FED2 00 00 00 00 00 00 +             .byte $00,$00,$00,$00,$00,$00,$00,$00,$00,$00,$00,$00,$00,$00,$00,$00
 13854 FEE2 00 00 00 00 00 00 +             .byte $00,$00,$00,$00,$00,$00,$00,$00,$00,$00,$00,$00,$00,$00,$00,$00
 13855 FEF2 00 00 00 00 00 00 +             .byte $00,$00,$00,$00,$00,$00,$00,$00,$00,$00,$00,$00,$00,$00
 13856 FF00 00 00 00		LFF00       .byte $00,$00,$00
 13857 FF03 00 00 00 00 00 00 + LFF03       .byte $00,$00,$00,$00,$00,$00,$00,$00,$00,$00,$00,$00,$00,$00,$00,$00
 13858 FF13 00 00 00 00 00	            .byte $00,$00,$00,$00,$00
 13859 FF18 00 00 00 00 00	LFF18       .byte $00,$00,$00,$00,$00
 13860 FF1D 00 00 00 00 00 00 + LFF1D       .byte $00,$00,$00,$00,$00,$00,$00,$00,$00,$00,$00,$00,$00,$00,$00,$00
 13861 FF2D 00 00 00		            .byte $00,$00,$00
 13862 FF30 00 00 00 00 00 00 + LFF30       .byte $00,$00,$00,$00,$00,$00,$00,$00,$00,$00,$00,$00,$00,$00,$00,$00
 13863 FF40 00 00 00 00 00 00 +             .byte $00,$00,$00,$00,$00,$00,$00,$00,$00,$00,$00,$00,$00,$00,$00,$00
 13864 FF50 00 00 00 00 00 00 +             .byte $00,$00,$00,$00,$00,$00,$00,$00,$00,$00,$00,$00,$00,$00,$00,$00
 13865 FF60 00 00 00 00 00 00 +             .byte $00,$00,$00,$00,$00,$00,$00,$00,$00,$00,$00,$00,$00,$00,$00,$00
 13866 FF70 00 00 00 00 00 00 +             .byte $00,$00,$00,$00,$00,$00,$00,$00,$00,$00,$00,$00,$00,$00,$00,$00
 13867 FF80 00 00 00 00 00 00 +             .byte $00,$00,$00,$00,$00,$00,$00,$00,$00,$00,$00,$00,$00,$00,$00,$00
 13868 FF90 00 00 00 00 00 00 + LFF90       .byte $00,$00,$00,$00,$00,$00,$00,$00,$00,$00,$00,$00,$00,$00,$00,$00
 13869 FFA0 00 00 00 00 00 00 +             .byte $00,$00,$00,$00,$00,$00,$00,$00,$00,$00,$00,$00,$00,$00,$00,$00
 13870 FFB0 00 00 00 00 00 00 +             .byte $00,$00,$00,$00,$00,$00,$00,$00,$00,$00
 13871 FFBA 00 00 00		LFFBA       .byte $00,$00,$00
 13872 FFBD 00 00 00 00 00 00 + LFFBD       .byte $00,$00,$00,$00,$00,$00,$00,$00,$00,$00,$00,$00,$00,$00,$00,$00
 13873 FFCD 00 00 00 00 00 00 +             .byte $00,$00,$00,$00,$00,$00,$00,$00,$00,$00,$00
 13874 FFD8 00 00 00 00 00 00 + LFFD8       .byte $00,$00,$00,$00,$00,$00,$00,$00,$00,$00,$00,$00,$00,$00,$00,$00
 13875 FFE8 00 00 00 00 00 00 +             .byte $00,$00,$00,$00,$00,$00,$00,$00,$00,$00,$00,$00,$00,$00,$00,$00
 13876 FFF8 00 00		            .byte $00,$00
